# File: OutputsByTech.csv,,,,,,,,,,
# Title: Outputs by tech used for GDP intensity policies,,,,,,,,,,
# Comments: Heavily filtered; could be even more filtered to just the needed sectors,,,,,,,,,,
# Updated August 17th with IAMCOMPACT reference scenario,,,,,,,,,,
# Units: EJ,,,,,,,,,,
# Column types: cccccnnnnnc,,,,,,,,,,
# ----------,,,,,,,,,,
region,sector,subsector,output,technology,1990,2005,2010,2015,2021,Units
Australia_NZ,cement,cement,cement,cement,9.45778,11.5822,11.6089,11.6089,11.6089,Mt
China,cement,cement,cement,cement,255.449,1290.29,1965.84,1965.84,1965.84,Mt
Russia,cement,cement,cement,cement,100.39,59.8466,54.6659,54.6659,54.6659,Mt
Australia_NZ,chemical,chemical,chemical,chemical,0.18583,0.20884,0.217693,0.269668,0.241473,EJ
China,chemical,chemical,chemical,chemical,1.70136,4.84338,7.12601,9.39378,12.7256,EJ
Russia,chemical,chemical,chemical,chemical,1.84906,2.26383,3.33907,2.99001,3.66253,EJ
Australia_NZ,chemical energy use,biomass,chemical energy use,biomass,0.00593198,0.00346989,0.00474387,0.00335272,0.00321085,EJ
Australia_NZ,chemical energy use,coal,chemical energy use,coal,0.00608017,0.0061338,0.0060273,0.00596205,0.00463475,EJ
Australia_NZ,chemical energy use,electricity,chemical energy use,electricity,0.0149736,0.021433,0.0189447,0.0161117,0.0146929,EJ
Australia_NZ,chemical energy use,gas,chemical energy use,gas,0.0557696,0.053376,0.0585131,0.0535209,0.0460245,EJ
Australia_NZ,chemical energy use,refined liquids,chemical energy use,refined liquids,0.0016956,0.00852819,0.00741526,0.00603421,0.00485058,EJ
China,chemical energy use,coal,chemical energy use,coal,0.446019,1.68889,2.14998,2.70406,1.22262,EJ
China,chemical energy use,electricity,chemical energy use,electricity,0.289958,0.886623,1.30116,1.93926,2.56753,EJ
China,chemical energy use,gas,chemical energy use,gas,0,0.0919492,0.225523,0.336502,1.18386,EJ
China,chemical energy use,heat,chemical energy use,heat,0.194984,0.54012,0.762019,1.12603,2.50465,EJ
China,chemical energy use,refined liquids,chemical energy use,refined liquids,0.10524,0.153094,0.686506,0.418997,1.11604,EJ
Russia,chemical energy use,biomass,chemical energy use,biomass,0,0,8.89E-04,0.0018921,0.00632129,EJ
Russia,chemical energy use,coal,chemical energy use,coal,0.0154958,5.67E-04,0.00716864,0.00606975,0.00662624,EJ
Russia,chemical energy use,electricity,chemical energy use,electricity,0.261055,0.140851,0.164229,0.164315,0.190923,EJ
Russia,chemical energy use,gas,chemical energy use,gas,0.0571009,0,0,0.0499731,0.0877925,EJ
Russia,chemical energy use,heat,chemical energy use,heat,0,0.563854,0.570761,0.502529,0.575449,EJ
Russia,chemical energy use,refined liquids,chemical energy use,refined liquids,1.45E-01,2.32E-01,0.240975,0.343827,0.0168537,EJ
Australia_NZ,chemical feedstocks,gas,chemical feedstocks,gas,0.0236865,0.0284955,0.0410919,0.0926776,0.075298,EJ
Australia_NZ,chemical feedstocks,refined liquids,chemical feedstocks,refined liquids,0.0776922,0.0874037,0.0809572,0.0920083,0.0927618,EJ
China,chemical feedstocks,gas,chemical feedstocks,gas,0.120364,0.172538,0.136184,0.240177,0.248274,EJ
China,chemical feedstocks,refined liquids,chemical feedstocks,refined liquids,0.544795,1.31017,1.86464,2.62874,3.8826,EJ
Russia,chemical feedstocks,coal,chemical feedstocks,coal,0,0,0.0108417,0.0077022,0.0097952,EJ
Russia,chemical feedstocks,gas,chemical feedstocks,gas,0.710264,0.731978,1.25036,1.17043,1.72863,EJ
Russia,chemical feedstocks,refined liquids,chemical feedstocks,refined liquids,0.659881,0.594705,1.09384,0.743266,1.04014,EJ
Australia_NZ,comm cooling,electricity,comm cooling,electricity,0.0289968,0.0627554,0.0737222,0.0870985,0.0820147,EJ
China,comm cooling,electricity,comm cooling,electricity,0.0906751,0.618516,1.17814,2.10825,4.91863,EJ
Russia,comm cooling,electricity,comm cooling,electricity,0.0011563,0.0023356,0.0038358,0.0036421,0.0041558,EJ
Australia_NZ,comm heating,biomass,comm heating,biomass,0,1.31E-04,1.03E-04,1.03E-04,5.97E-05,EJ
Australia_NZ,comm heating,electricity,comm heating,electricity,0.00318181,0.00639021,0.00732221,0.00843792,0.0077114,EJ
Australia_NZ,comm heating,gas,comm heating,gas,0.0136263,0.0191374,0.0205879,0.0248146,0.0200199,EJ
Australia_NZ,comm heating,gas,comm heating,hydrogen,0,0.00E+00,0.00E+00,0.00E+00,0,EJ
Australia_NZ,comm heating,refined liquids,comm heating,refined liquids,0.00162237,0.00250851,0.00295744,0.00365578,0.00377833,EJ
China,comm heating,coal,comm heating,coal,0.227634,0.349042,0.419053,0.512916,0.238747,EJ
China,comm heating,district heat,comm heating,district heat,0.00836975,0.0452079,0.0814587,0.137746,0.250606,EJ
China,comm heating,electricity,comm heating,electricity,0.0038252,0.0242135,0.0449865,0.0785218,0.177799,EJ
China,comm heating,gas,comm heating,gas,0.00877185,8.06E-02,1.24E-01,2.15E-01,0.309881,EJ
China,comm heating,gas,comm heating,hydrogen,0,0.00E+00,0.00E+00,0.00E+00,0,EJ
China,comm heating,refined liquids,comm heating,refined liquids,0.0770691,0.170401,2.42E-01,2.97E-01,0.32572,EJ
Russia,comm heating,biomass,comm heating,biomass,0.00981117,0.00735863,1.03E-02,1.17E-02,0.0154247,EJ
Russia,comm heating,district heat,comm heating,district heat,2.48059,0.382191,0.333017,0.38429,0.48087,EJ
Russia,comm heating,electricity,comm heating,electricity,0.00464477,0.00870629,0.0139466,0.0129168,0.0143043,EJ
Russia,comm heating,gas,comm heating,gas,0.218798,0.0939231,0.0735005,0.0541046,0.3098,EJ
Russia,comm heating,gas,comm heating,hydrogen,0,0,0,0,0,EJ
Australia_NZ,comm others,biomass,N/A,biomass,0,1.89E-05,1.47E-05,1.46E-05,8.35E-06,EJ
Australia_NZ,comm others,biomass,comm others,biomass,0,1.09E-05,8.55E-06,8.62E-06,4.96E-06,EJ
Australia_NZ,comm others,coal,N/A,coal,0.00337055,0.00209335,9.42E-04,5.86E-04,3.14E-04,EJ
Australia_NZ,comm others,coal,comm others,coal,0.00255151,0.00161524,7.33E-04,4.60E-04,2.49E-04,EJ
Australia_NZ,comm others,electricity,comm others,electricity,0.0819587,0.169605,0.196292,0.22847,0.211314,EJ
Australia_NZ,comm others,gas,N/A,gas,0.00846381,0.0114991,0.0121981,0.0145116,0.0115398,EJ
Australia_NZ,comm others,gas,N/A,hydrogen,0,0,0.00E+00,0.00E+00,0,EJ
Australia_NZ,comm others,gas,comm others,gas,9.52E-03,0.0133711,1.44E-02,0.0173376,0.0139877,EJ
Australia_NZ,comm others,gas,comm others,hydrogen,0.00E+00,0,0,0,0,EJ
Australia_NZ,comm others,refined liquids,comm others,refined liquids,0.00887118,0.0137165,0.0161714,0.01999,0.02066,EJ
China,comm others,biomass,N/A,biomass,2.32E-04,1.06E-04,6.39E-05,1.47E-04,1.25E-04,EJ
China,comm others,biomass,comm others,biomass,1.01E-04,4.91E-05,3.08E-05,7.35E-05,6.48E-05,EJ
China,comm others,coal,N/A,coal,0.149752,0.217029,0.250749,0.295889,0.132137,EJ
China,comm others,coal,comm others,coal,0.0873698,0.133968,0.160839,0.196866,0.0916349,EJ
China,comm others,district heat,N/A,district heat,8.56E-04,0.00444174,0.00773815,0.0126739,0.0222758,EJ
China,comm others,district heat,comm others,district heat,0.00113585,0.006135,0.0110545,0.018693,0.0340089,EJ
China,comm others,electricity,comm others,electricity,0.0585637,0.381976,0.716796,1.26368,2.89586,EJ
China,comm others,gas,N/A,gas,0.00227809,0.0195003,0.0287871,0.0476978,0.0656935,EJ
China,comm others,gas,N/A,hydrogen,0,0,0,0,0,EJ
China,comm others,gas,comm others,gas,0.00197408,1.81E-02,2.80E-02,4.83E-02,0.0697383,EJ
China,comm others,gas,comm others,hydrogen,0,0.00E+00,0.00E+00,0.00E+00,0,EJ
China,comm others,refined liquids,comm others,refined liquids,0.0294512,0.065117,0.0924335,0.11335,0.124471,EJ
Russia,comm others,biomass,N/A,biomass,0.00179381,0.00129326,0.00176206,0.00195891,0.00251553,EJ
Russia,comm others,biomass,comm others,biomass,8.18E-04,6.13E-04,8.56E-04,9.74E-04,0.0012854,EJ
Russia,comm others,coal,N/A,coal,0.580227,0.0571394,0.0517445,0.0289812,0.0148194,EJ
Russia,comm others,coal,comm others,coal,0.352721,0.0361185,0.0335133,0.0192183,0.010095,EJ
Russia,comm others,district heat,N/A,district heat,0.199549,0.0300232,0.0256423,0.029078,0.0355844,EJ
Russia,comm others,district heat,comm others,district heat,0.275621,0.0424657,0.0370019,0.042699,0.05343,EJ
Russia,comm others,electricity,comm others,electricity,0.138477,0.267454,0.432732,0.404799,0.453682,EJ
Russia,comm others,gas,N/A,gas,0.0204581,8.31E-03,6.32E-03,4.52E-03,0.0250454,EJ
Russia,comm others,gas,N/A,hydrogen,0,0,0,0,0,EJ
Russia,comm others,gas,comm others,gas,0.018464,0.00792602,6.20E-03,4.57E-03,0.0261435,EJ
Russia,comm others,gas,comm others,hydrogen,0,0,0,0,0,EJ
Russia,comm others,refined liquids,comm others,refined liquids,0.0988559,0.0173845,0.0341706,0.0507238,0.031782,EJ
Australia_NZ,construction,construction,construction,construction,0.070483,0.0677214,0.0746627,0.0641813,0.0506181,EJ
China,construction,construction,construction,construction,0.27001,0.649493,1.20707,1.67656,2.24994,EJ
Russia,construction,construction,construction,construction,0.520216,0.31357,0.323306,0.442563,0.550327,EJ
Australia_NZ,construction energy use,mobile,construction energy use,electricity,0,0,0,0,0,EJ
Australia_NZ,construction energy use,mobile,construction energy use,hydrogen,0,0,0,0,0,EJ
Australia_NZ,construction energy use,mobile,construction energy use,refined liquids,0.0309463,0.0208861,0.0190608,0.0186245,0.0260122,EJ
Australia_NZ,construction energy use,stationary,construction energy use,coal,0,0,7.13E-05,7.18E-05,0,EJ
Australia_NZ,construction energy use,stationary,construction energy use,electricity,4.01E-04,0.00110647,0.00808973,0.00921858,0.00925111,EJ
Australia_NZ,construction energy use,stationary,construction energy use,gas,2.13E-04,0.00249839,0.0024064,0.0026432,0.00240528,EJ
Australia_NZ,construction energy use,stationary,construction energy use,hydrogen,0,0,0,0,0,EJ
Australia_NZ,construction energy use,stationary,construction energy use,refined liquids,0.00773655,0.00522151,0.00476517,0.00465612,0.0065031,EJ
China,construction energy use,mobile,construction energy use,electricity,0,0,0,0,0,EJ
China,construction energy use,mobile,construction energy use,hydrogen,0,0,0,0,0,EJ
China,construction energy use,mobile,construction energy use,refined liquids,0.0585173,0.133909,0.195698,0.236378,0.226393,EJ
China,construction energy use,stationary,construction energy use,coal,0.0747687,0.112961,0.1336,0.163561,0.0837512,EJ
China,construction energy use,stationary,construction energy use,electricity,0.0224403,0.0824127,0.171493,0.249441,0.407758,EJ
China,construction energy use,stationary,construction energy use,gas,0.0314861,0.00452611,0.00353661,0.00664477,0.00995411,EJ
China,construction energy use,stationary,construction energy use,heat,8.79E-04,0.0046465,0.0066139,0.0090418,0.0201765,EJ
China,construction energy use,stationary,construction energy use,hydrogen,0,0,0,0,0,EJ
China,construction energy use,stationary,construction energy use,refined liquids,0.0146294,0.0334773,0.0489244,0.0590944,0.0565983,EJ
Russia,construction energy use,mobile,construction energy use,electricity,0,0,0,0,0,EJ
Russia,construction energy use,mobile,construction energy use,hydrogen,0,0,0,0,0,EJ
Russia,construction energy use,mobile,construction energy use,refined liquids,0.241293,0.0238468,0.0223024,0.0364009,0.0894149,EJ
Russia,construction energy use,stationary,construction energy use,biomass,0,1.31E-04,1.65E-04,6.64E-05,2.01E-04,EJ
Russia,construction energy use,stationary,construction energy use,coal,2.43E-04,8.51E-04,0.00189025,0.0024423,4.34E-04,EJ
Russia,construction energy use,stationary,construction energy use,electricity,0.0647519,0.0332765,0.0413565,0.0433522,0.0453344,EJ
Russia,construction energy use,stationary,construction energy use,gas,0.0152994,0.0138318,0.0230428,0.0830041,0.113048,EJ
Russia,construction energy use,stationary,construction energy use,heat,0,0.041274,0.0579342,0.0279625,0.0180417,EJ
Russia,construction energy use,stationary,construction energy use,hydrogen,0,0,0,0,0,EJ
Russia,construction energy use,stationary,construction energy use,refined liquids,0.0603232,0.00596175,0.00557559,0.00910027,0.0223538,EJ
Australia_NZ,construction feedstocks,refined liquids,construction feedstocks,refined liquids,0.0311857,0.0380089,0.0402693,0.0289671,0.0064464,EJ
China,construction feedstocks,refined liquids,construction feedstocks,refined liquids,0.0672891,0.27756,6.47E-01,0.952396,1.44531,EJ
Russia,construction feedstocks,refined liquids,construction feedstocks,refined liquids,0.138305,0.194398,0.17104,0.240234,0.261499,EJ
Australia_NZ,delivered biomass,delivered biomass,delivered biomass,delivered biomass,4.19E-05,0.0010884,0.0010465,0.0015488,0.0028883,EJ
China,delivered biomass,delivered biomass,delivered biomass,delivered biomass,5.18E-04,0.020315,0.047149,0.0616011,0.0660458,EJ
Russia,delivered biomass,delivered biomass,delivered biomass,delivered biomass,0.197572,0.123237,0.141239,0.132285,0.155259,EJ
Australia_NZ,delivered biomass industry,delivered biomass industry,delivered biomass industry,delivered biomass industry,0.0966294,0.132604,0.144654,0.15393,0.139602,EJ
China,delivered biomass industry,delivered biomass industry,delivered biomass industry,delivered biomass industry,1.42E-05,1.52E-05,5.10E-06,3.19E-04,5.89E-04,EJ
Russia,delivered biomass industry,delivered biomass industry,delivered biomass industry,delivered biomass industry,0.0433171,0.109233,0.0961065,0.129133,0.22524,EJ
Australia_NZ,delivered coal,delivered coal,delivered coal,delivered coal,0.0140229,0.0127672,0.00636259,0.00163272,9.21E-04,EJ
China,delivered coal,delivered coal,delivered coal,delivered coal,5.24117,3.62882,3.85594,4.26475,2.3613,EJ
Russia,delivered coal,delivered coal,delivered coal,delivered coal,3.37346,9.02E-01,7.33E-01,5.84E-01,0.622503,EJ
China,delivered coal feedstocks,delivered coal feedstocks,delivered coal feedstocks,delivered coal feedstocks,0.555981,0.459425,0.680089,1.46492,1.54433,EJ
Russia,delivered coal feedstocks,delivered coal feedstocks,delivered coal feedstocks,delivered coal feedstocks,0,2.86E-02,0.011344,0.0077022,0.0097952,EJ
Australia_NZ,delivered coal industry,delivered coal industry,delivered coal industry,delivered coal industry,0.285067,0.263132,0.276568,0.215956,0.23794,EJ
China,delivered coal industry,delivered coal industry,delivered coal industry,delivered coal industry,9.35253,23.4574,34.1505,35.601,27.5858,EJ
Russia,delivered coal industry,delivered coal industry,delivered coal industry,delivered coal industry,2.17052,1.4849,1.61705,2.13729,2.46442,EJ
Australia_NZ,delivered gas,delivered gas,delivered gas,delivered gas,0.119437,0.170121,0.186189,0.21272,0.203781,EJ
China,delivered gas,delivered gas,delivered gas,delivered gas,0.0984628,0.691841,1.43967,2.05404,3.0013,EJ
Russia,delivered gas,delivered gas,delivered gas,delivered gas,2.38221,1.76306,1.81936,1.86269,3.19961,EJ
Australia_NZ,delivered gas h2,delivered gas h2,delivered gas h2,delivered gas h2,0,0,0,0,0,EJ
China,delivered gas h2,delivered gas h2,delivered gas h2,delivered gas h2,0,0,0,0,0,EJ
Russia,delivered gas h2,delivered gas h2,delivered gas h2,delivered gas h2,0,0,0,0,0,EJ
Australia_NZ,delivered gas transport,delivered gas transport,delivered gas transport,delivered gas transport,0.00280458,0.00200928,0.00267897,0.00414405,0.00272087,EJ
China,delivered gas transport,delivered gas transport,delivered gas transport,delivered gas transport,0,0.0615304,0.282621,0.705589,1.11223,EJ
Russia,delivered gas transport,delivered gas transport,delivered gas transport,delivered gas transport,0.047007,0.00200923,0.00473004,0.00334869,0.022813,EJ
Australia_NZ,desalinated water,electricity,desalinated water,reverse osmosis,0.025032,2.50E-02,2.50E-02,0.025032,0.025032,km^3
Australia_NZ,desalinated water,gas,desalinated water,distillation,0.0032204,0.0032833,0.0032412,0.0030419,0.0028111,km^3
Australia_NZ,desalinated water,refined liquids,desalinated water,distillation,1.55E-03,0.0014847,0.0015268,0.0017261,0.0019569,km^3
China,desalinated water,electricity,desalinated water,reverse osmosis,0.0036624,0.009156,0.009156,0.009156,0.009156,km^3
China,desalinated water,gas,desalinated water,distillation,8.46E-05,3.98E-04,6.27E-04,7.60E-04,9.96E-04,km^3
China,desalinated water,refined liquids,desalinated water,distillation,6.13E-04,0.0013456,0.0011169,9.84E-04,7.48E-04,km^3
China,district heat,biomass,district heat,biomass,0,0.0160431,0.0375744,0.048994,0.0525467,EJ
China,district heat,coal,district heat,coal,0.497831,0.0755266,0.226887,0.298049,0.233061,EJ
China,district heat,gas,district heat,gas,7.30E-03,0,0,0,0,EJ
China,district heat,refined liquids,district heat,refined liquids,0.120188,0.097029,0.193063,0.157129,0.216483,EJ
Russia,district heat,biomass,district heat,biomass,0.129358,0.0778943,0.0847945,0.0744831,0.0839548,EJ
Russia,district heat,coal,district heat,coal,1.37231,0.535515,0.451467,0.351116,0.412407,EJ
Russia,district heat,gas,district heat,gas,1.93E+00,2.02445,2.08453,1.46471,1.55131,EJ
Russia,district heat,refined liquids,district heat,refined liquids,0.548073,0.301464,0.248222,0.200508,0.103612,EJ
Australia_NZ,elec_CSP,CSP,elec_CSP,CSP (dry_hybrid),0,1.80E-06,5.40E-06,7.20E-06,9.00E-06,EJ
Australia_NZ,elec_CSP,CSP,elec_CSP,CSP (recirculating),0,1.80E-06,5.40E-06,7.20E-06,9.00E-06,EJ
China,elec_CSP,CSP,elec_CSP,CSP (dry_hybrid),0,0,3.60E-06,5.22E-05,0.00360898,EJ
China,elec_CSP,CSP,elec_CSP,CSP (recirculating),0,0,3.60E-06,5.22E-05,0.00360898,EJ
Australia_NZ,elec_CSP_storage,CSP_storage,elec_CSP_storage,CSP_storage (dry_hybrid),0,0,0,0.00E+00,0,EJ
Australia_NZ,elec_CSP_storage,CSP_storage,elec_CSP_storage,CSP_storage (recirculating),0,0,0,0,0,EJ
China,elec_CSP_storage,CSP_storage,elec_CSP_storage,CSP_storage (dry_hybrid),0,0,0,0,0,EJ
China,elec_CSP_storage,CSP_storage,elec_CSP_storage,CSP_storage (recirculating),0.00E+00,0,0,0,0,EJ
Russia,elec_CSP_storage,CSP_storage,elec_CSP_storage,CSP_storage (dry_hybrid),0,0,0,0,0,EJ
Russia,elec_CSP_storage,CSP_storage,elec_CSP_storage,CSP_storage (recirculating),0,0,0,0,0,EJ
Australia_NZ,elec_Gen_III,Gen_III,elec_Gen_III,Gen_III (seawater),0,0,0,0,0,EJ
China,elec_Gen_III,Gen_III,elec_Gen_III,Gen_III (cooling pond),0,0,0,0,0,EJ
China,elec_Gen_III,Gen_III,elec_Gen_III,Gen_III (once through),0,0,0,0,0,EJ
China,elec_Gen_III,Gen_III,elec_Gen_III,Gen_III (recirculating),0,0,0,0,0,EJ
China,elec_Gen_III,Gen_III,elec_Gen_III,Gen_III (seawater),0,0,0,0,0,EJ
Russia,elec_Gen_III,Gen_III,elec_Gen_III,Gen_III (once through),0,0,0,0,0,EJ
Russia,elec_Gen_III,Gen_III,elec_Gen_III,Gen_III (recirculating),0,0,0,0,0,EJ
Russia,elec_Gen_III,Gen_III,elec_Gen_III,Gen_III (seawater),0,0,0,0,0,EJ
China,elec_Gen_II_LWR,Gen_II_LWR,elec_Gen_II_LWR,Gen_II_LWR (cooling pond),0,0.013378,0.0186178,0.0430386,0.102695,EJ
China,elec_Gen_II_LWR,Gen_II_LWR,elec_Gen_II_LWR,Gen_II_LWR (once through),0,0.0332539,0.0462783,0.106982,0.255271,EJ
China,elec_Gen_II_LWR,Gen_II_LWR,elec_Gen_II_LWR,Gen_II_LWR (recirculating),0,0.139513,0.194156,0.448831,1.07096,EJ
China,elec_Gen_II_LWR,Gen_II_LWR,elec_Gen_II_LWR,Gen_II_LWR (seawater),0,0.00496893,0.00691519,0.0159858,0.038144,EJ
Russia,elec_Gen_II_LWR,Gen_II_LWR,elec_Gen_II_LWR,Gen_II_LWR (once through),0.143363,1.81E-01,0.206492,0.236846,0.270672,EJ
Russia,elec_Gen_II_LWR,Gen_II_LWR,elec_Gen_II_LWR,Gen_II_LWR (recirculating),0.266623,0.336784,0.384029,0.44048,0.503388,EJ
Russia,elec_Gen_II_LWR,Gen_II_LWR,elec_Gen_II_LWR,Gen_II_LWR (seawater),0.0159292,0.020121,0.0229436,0.0263162,0.0300746,EJ
Australia_NZ,elec_biomass (IGCC),biomass (IGCC),elec_biomass (IGCC),biomass (IGCC) (dry cooling),0,0,0,0,0,EJ
Australia_NZ,elec_biomass (IGCC),biomass (IGCC),elec_biomass (IGCC),biomass (IGCC) (once through),0,0,0,0,0,EJ
Australia_NZ,elec_biomass (IGCC),biomass (IGCC),elec_biomass (IGCC),biomass (IGCC) (recirculating),0,0,0,0,0,EJ
Australia_NZ,elec_biomass (IGCC),biomass (IGCC),elec_biomass (IGCC),biomass (IGCC) (seawater),0,0,0,0,0,EJ
China,elec_biomass (IGCC),biomass (IGCC),elec_biomass (IGCC),biomass (IGCC) (dry cooling),0,0,0,0,0,EJ
China,elec_biomass (IGCC),biomass (IGCC),elec_biomass (IGCC),biomass (IGCC) (once through),0,0,0,0,0,EJ
China,elec_biomass (IGCC),biomass (IGCC),elec_biomass (IGCC),biomass (IGCC) (recirculating),0,0.00E+00,0,0,0,EJ
China,elec_biomass (IGCC),biomass (IGCC),elec_biomass (IGCC),biomass (IGCC) (seawater),0,0,0,0,0,EJ
Russia,elec_biomass (IGCC),biomass (IGCC),elec_biomass (IGCC),biomass (IGCC) (once through),0,0,0,0,0,EJ
Russia,elec_biomass (IGCC),biomass (IGCC),elec_biomass (IGCC),biomass (IGCC) (recirculating),0,0,0,0.00E+00,0,EJ
Russia,elec_biomass (IGCC),biomass (IGCC),elec_biomass (IGCC),biomass (IGCC) (seawater),0,0,0,0,0,EJ
Australia_NZ,elec_biomass (conv),biomass (conv),elec_biomass (conv),biomass (conv) (dry cooling),0,0,0,0,0,EJ
Australia_NZ,elec_biomass (conv),biomass (conv),elec_biomass (conv),biomass (conv) (once through),0,6.39E-04,2.23E-04,4.63E-04,5.70E-04,EJ
Australia_NZ,elec_biomass (conv),biomass (conv),elec_biomass (conv),biomass (conv) (recirculating),0,0,0,0,0,EJ
Australia_NZ,elec_biomass (conv),biomass (conv),elec_biomass (conv),biomass (conv) (seawater),0,0.00124029,4.32E-04,8.98E-04,0.00110718,EJ
China,elec_biomass (conv),biomass (conv),elec_biomass (conv),biomass (conv) (cooling pond),0,0.00131038,0.00853349,0.0160596,0.0429277,EJ
China,elec_biomass (conv),biomass (conv),elec_biomass (conv),biomass (conv) (dry cooling),9.87E-08,0.00151818,0.00988659,0.0186063,0.0497348,EJ
China,elec_biomass (conv),biomass (conv),elec_biomass (conv),biomass (conv) (once through),9.87E-08,0.00325726,0.0212118,0.0399197,0.106706,EJ
China,elec_biomass (conv),biomass (conv),elec_biomass (conv),biomass (conv) (recirculating),9.87E-07,0.0121472,0.0791053,0.148873,0.39794,EJ
China,elec_biomass (conv),biomass (conv),elec_biomass (conv),biomass (conv) (seawater),8.89E-07,4.87E-04,0.0031696,0.00596547,0.0159448,EJ
Russia,elec_biomass (conv),biomass (conv),elec_biomass (conv),biomass (conv) (once through),0,0.00E+00,0.00E+00,0.00E+00,0,EJ
Russia,elec_biomass (conv),biomass (conv),elec_biomass (conv),biomass (conv) (recirculating),0,0.00E+00,0.00E+00,0.00E+00,0,EJ
Russia,elec_biomass (conv),biomass (conv),elec_biomass (conv),biomass (conv) (seawater),0,0,0,0,0,EJ
Australia_NZ,elec_coal (IGCC),coal (IGCC),elec_coal (IGCC),coal (IGCC) (dry cooling),0,0,0,0,0,EJ
Australia_NZ,elec_coal (IGCC),coal (IGCC),elec_coal (IGCC),coal (IGCC) (once through),0,0,0,0,0,EJ
Australia_NZ,elec_coal (IGCC),coal (IGCC),elec_coal (IGCC),coal (IGCC) (recirculating),0,0,0,0,0,EJ
Australia_NZ,elec_coal (IGCC),coal (IGCC),elec_coal (IGCC),coal (IGCC) (seawater),0,0,0,0,0,EJ
China,elec_coal (IGCC),coal (IGCC),elec_coal (IGCC),coal (IGCC) (dry cooling),0,0,0,0,0,EJ
China,elec_coal (IGCC),coal (IGCC),elec_coal (IGCC),coal (IGCC) (once through),0,0,0,0,0,EJ
China,elec_coal (IGCC),coal (IGCC),elec_coal (IGCC),coal (IGCC) (recirculating),0,0,0,0,0,EJ
China,elec_coal (IGCC),coal (IGCC),elec_coal (IGCC),coal (IGCC) (seawater),0,0,0,0,0,EJ
Russia,elec_coal (IGCC),coal (IGCC),elec_coal (IGCC),coal (IGCC) (once through),0,0,0,0,0,EJ
Russia,elec_coal (IGCC),coal (IGCC),elec_coal (IGCC),coal (IGCC) (recirculating),0,0,0,0,0,EJ
Russia,elec_coal (IGCC),coal (IGCC),elec_coal (IGCC),coal (IGCC) (seawater),0,0,0,0,0,EJ
Australia_NZ,elec_coal (conv pul),coal (conv pul),elec_coal (conv pul),coal (conv pul) (dry cooling),0.0301834,0.0462377,0.0449481,0.0395574,0.0353579,EJ
Australia_NZ,elec_coal (conv pul),coal (conv pul),elec_coal (conv pul),coal (conv pul) (once through),0.0549285,0.0841444,0.0817978,0.0719876,0.0643452,EJ
Australia_NZ,elec_coal (conv pul),coal (conv pul),elec_coal (conv pul),coal (conv pul) (recirculating),0.247266,0.378784,0.368221,0.324059,0.289656,EJ
Australia_NZ,elec_coal (conv pul),coal (conv pul),elec_coal (conv pul),coal (conv pul) (seawater),0.106626,0.163339,0.158784,0.139741,0.124905,EJ
China,elec_coal (conv pul),coal (conv pul),elec_coal (conv pul),coal (conv pul) (cooling pond),0.111218,0.499022,0.816404,1.03546,1.3652,EJ
China,elec_coal (conv pul),coal (conv pul),elec_coal (conv pul),coal (conv pul) (dry cooling),0.0746525,0.573756,2.33562,2.96163,3.90236,EJ
China,elec_coal (conv pul),coal (conv pul),elec_coal (conv pul),coal (conv pul) (once through),0.286434,1.24991,1.17464,1.48795,1.95522,EJ
China,elec_coal (conv pul),coal (conv pul),elec_coal (conv pul),coal (conv pul) (recirculating),1.11078,4.65466,7.06279,8.95375,11.7906,EJ
China,elec_coal (conv pul),coal (conv pul),elec_coal (conv pul),coal (conv pul) (seawater),0.108075,0.248851,0.359138,0.442988,0.540113,EJ
Russia,elec_coal (conv pul),coal (conv pul),elec_coal (conv pul),coal (conv pul) (once through),0.183828,0.185564,0.187281,0.177027,0.206082,EJ
Russia,elec_coal (conv pul),coal (conv pul),elec_coal (conv pul),coal (conv pul) (recirculating),0.341878,0.345106,0.3483,0.32923,0.383265,EJ
Russia,elec_coal (conv pul),coal (conv pul),elec_coal (conv pul),coal (conv pul) (seawater),0.0204253,0.0206181,0.020809,0.0196696,0.022898,EJ
Australia_NZ,elec_gas (CC),gas (CC),elec_gas (CC),gas (CC) (dry cooling),0,0,0,0,0,EJ
Australia_NZ,elec_gas (CC),gas (CC),elec_gas (CC),gas (CC) (once through),0.00665322,0.00955366,0.00663698,0.0033829,0.00275853,EJ
Australia_NZ,elec_gas (CC),gas (CC),elec_gas (CC),gas (CC) (recirculating),0.0196399,0.0282018,0.019592,0.00998611,0.0081429,EJ
Australia_NZ,elec_gas (CC),gas (CC),elec_gas (CC),gas (CC) (seawater),0.012915,0.0185453,0.0128836,0.00656681,0.00535477,EJ
China,elec_gas (CC),gas (CC),elec_gas (CC),gas (CC) (cooling pond),4.84E-04,0.00123959,0,0.00687026,0.012532,EJ
China,elec_gas (CC),gas (CC),elec_gas (CC),gas (CC) (dry cooling),5.60E-04,0.00201838,0,0.00826706,0.0150568,EJ
China,elec_gas (CC),gas (CC),elec_gas (CC),gas (CC) (once through),0.001202,0.00415025,0,0.0176419,0.032138,EJ
China,elec_gas (CC),gas (CC),elec_gas (CC),gas (CC) (recirculating),0.00448259,0.0191323,0,0.0677215,0.123226,EJ
China,elec_gas (CC),gas (CC),elec_gas (CC),gas (CC) (seawater),1.80E-04,0.00761511,0,0.00632887,0.0112595,EJ
Russia,elec_gas (CC),gas (CC),elec_gas (CC),gas (CC) (once through),0,0.00E+00,0.00E+00,0,0,EJ
Russia,elec_gas (CC),gas (CC),elec_gas (CC),gas (CC) (recirculating),0,0,0,0,0,EJ
Russia,elec_gas (CC),gas (CC),elec_gas (CC),gas (CC) (seawater),0,0,0,0,0,EJ
Australia_NZ,elec_gas (steam/CT),gas (steam/CT),elec_gas (steam/CT),gas (steam/CT) (dry cooling),0,0,0,0,0,EJ
Australia_NZ,elec_gas (steam/CT),gas (steam/CT),elec_gas (steam/CT),gas (steam/CT) (once through),0.0111934,0.0178052,0.0477757,0.0598518,0.0511797,EJ
Australia_NZ,elec_gas (steam/CT),gas (steam/CT),elec_gas (steam/CT),gas (steam/CT) (recirculating),0,0,0,0,0,EJ
Australia_NZ,elec_gas (steam/CT),gas (steam/CT),elec_gas (steam/CT),gas (steam/CT) (seawater),0.0217283,0.034563,0.0927411,0.116183,0.0993489,EJ
China,elec_gas (steam/CT),gas (steam/CT),elec_gas (steam/CT),gas (steam/CT) (cooling pond),2.15E-04,0.00182018,0.0196719,0.0297567,0.0549963,EJ
China,elec_gas (steam/CT),gas (steam/CT),elec_gas (steam/CT),gas (steam/CT) (dry cooling),2.49E-04,0.00296376,0.0246282,0.0358066,0.0660759,EJ
China,elec_gas (steam/CT),gas (steam/CT),elec_gas (steam/CT),gas (steam/CT) (once through),5.34E-04,0.00609432,0.0522715,0.0764113,0.141036,EJ
China,elec_gas (steam/CT),gas (steam/CT),elec_gas (steam/CT),gas (steam/CT) (recirculating),0.00199054,0.0280939,0.206467,0.293317,0.540773,EJ
China,elec_gas (steam/CT),gas (steam/CT),elec_gas (steam/CT),gas (steam/CT) (seawater),7.98E-05,0.0111821,0.0298794,0.0274119,0.0494119,EJ
Russia,elec_gas (steam/CT),gas (steam/CT),elec_gas (steam/CT),gas (steam/CT) (once through),0.568993,0.503183,0.585384,0.591585,0.580099,EJ
Russia,elec_gas (steam/CT),gas (steam/CT),elec_gas (steam/CT),gas (steam/CT) (recirculating),1.0582,0.935807,1.08868,1.10022,1.07885,EJ
Russia,elec_gas (steam/CT),gas (steam/CT),elec_gas (steam/CT),gas (steam/CT) (seawater),0.0632214,0.0559093,0.0650427,0.0657317,0.0644555,EJ
Australia_NZ,elec_geothermal,geothermal,elec_geothermal,geothermal (dry_hybrid),0.00298661,0.00445968,0.00840804,0.011727,0.0120857,EJ
Australia_NZ,elec_geothermal,geothermal,elec_geothermal,geothermal (recirculating),0.00447981,0.00668947,0.012612,0.0175904,0.0181286,EJ
China,elec_geothermal,geothermal,elec_geothermal,geothermal (dry_hybrid),8.21E-05,1.68E-04,1.88E-04,1.88E-04,1.88E-04,EJ
China,elec_geothermal,geothermal,elec_geothermal,geothermal (recirculating),1.23E-04,2.52E-04,2.82E-04,2.82E-04,2.81E-04,EJ
Russia,elec_geothermal,geothermal,elec_geothermal,geothermal (dry_hybrid),4.03E-05,5.90E-04,7.27E-04,6.58E-04,6.19E-04,EJ
Russia,elec_geothermal,geothermal,elec_geothermal,geothermal (recirculating),6.05E-05,8.86E-04,0.00109075,9.87E-04,9.29E-04,EJ
Australia_NZ,elec_refined liquids (CC),refined liquids (CC),elec_refined liquids (CC),refined liquids (CC) (dry cooling),0,0,0,0,0,EJ
Australia_NZ,elec_refined liquids (CC),refined liquids (CC),elec_refined liquids (CC),refined liquids (CC) (once through),0,0,0,0,0,EJ
Australia_NZ,elec_refined liquids (CC),refined liquids (CC),elec_refined liquids (CC),refined liquids (CC) (recirculating),0,0,0,0,0,EJ
Australia_NZ,elec_refined liquids (CC),refined liquids (CC),elec_refined liquids (CC),refined liquids (CC) (seawater),0,0,0,0,0,EJ
China,elec_refined liquids (CC),refined liquids (CC),elec_refined liquids (CC),refined liquids (CC) (dry cooling),0,0,0,0,0,EJ
China,elec_refined liquids (CC),refined liquids (CC),elec_refined liquids (CC),refined liquids (CC) (once through),0,0,0,0,0,EJ
China,elec_refined liquids (CC),refined liquids (CC),elec_refined liquids (CC),refined liquids (CC) (recirculating),0,0,0,0,0,EJ
China,elec_refined liquids (CC),refined liquids (CC),elec_refined liquids (CC),refined liquids (CC) (seawater),0,0,0,0,0,EJ
Russia,elec_refined liquids (CC),refined liquids (CC),elec_refined liquids (CC),refined liquids (CC) (once through),0,0,0,0,0,EJ
Russia,elec_refined liquids (CC),refined liquids (CC),elec_refined liquids (CC),refined liquids (CC) (recirculating),0,0,0,0,0,EJ
Russia,elec_refined liquids (CC),refined liquids (CC),elec_refined liquids (CC),refined liquids (CC) (seawater),0,0,0,0,0,EJ
Australia_NZ,elec_refined liquids (steam/CT),refined liquids (steam/CT),elec_refined liquids (steam/CT),refined liquids (steam/CT) (dry cooling),0,0,0,0,0,EJ
Australia_NZ,elec_refined liquids (steam/CT),refined liquids (steam/CT),elec_refined liquids (steam/CT),refined liquids (steam/CT) (once through),0.00435991,0.00348228,0.00711376,0.00816624,0.00562169,EJ
Australia_NZ,elec_refined liquids (steam/CT),refined liquids (steam/CT),elec_refined liquids (steam/CT),refined liquids (steam/CT) (recirculating),0,0,0,0,0,EJ
Australia_NZ,elec_refined liquids (steam/CT),refined liquids (steam/CT),elec_refined liquids (steam/CT),refined liquids (steam/CT) (seawater),0.00846333,0.00675967,0.013809,0.0158522,0.0109128,EJ
China,elec_refined liquids (steam/CT),refined liquids (steam/CT),elec_refined liquids (steam/CT),refined liquids (steam/CT) (cooling pond),0.0126922,0.0127291,0.0037437,0.0024391,0.00287459,EJ
China,elec_refined liquids (steam/CT),refined liquids (steam/CT),elec_refined liquids (steam/CT),refined liquids (steam/CT) (dry cooling),1.48E-02,0.0147787,0.0043597,0.00286699,0.00336638,EJ
China,elec_refined liquids (steam/CT),refined liquids (steam/CT),elec_refined liquids (steam/CT),refined liquids (steam/CT) (once through),0.0316849,0.031698,0.00934689,0.00613849,0.00721147,EJ
China,elec_refined liquids (steam/CT),refined liquids (steam/CT),elec_refined liquids (steam/CT),refined liquids (steam/CT) (recirculating),0.118627,0.118407,0.034998,0.0231508,0.0271202,EJ
China,elec_refined liquids (steam/CT),refined liquids (steam/CT),elec_refined liquids (steam/CT),refined liquids (steam/CT) (seawater),0.0056223,0.00510993,0.0016656,0.0014118,0.00151059,EJ
Russia,elec_refined liquids (steam/CT),refined liquids (steam/CT),elec_refined liquids (steam/CT),refined liquids (steam/CT) (once through),1.56E-01,2.17E-02,8.66E-03,8.60E-03,0.00698576,EJ
Russia,elec_refined liquids (steam/CT),refined liquids (steam/CT),elec_refined liquids (steam/CT),refined liquids (steam/CT) (recirculating),2.90E-01,0.0403205,0.0160989,0.0159927,0.0129919,EJ
Russia,elec_refined liquids (steam/CT),refined liquids (steam/CT),elec_refined liquids (steam/CT),refined liquids (steam/CT) (seawater),0.0173207,0.00240895,9.62E-04,9.55E-04,7.76E-04,EJ
Australia_NZ,elect_td_bld,elect_td_bld,elect_td_bld,elect_td_bld,0.296462,0.469399,0.519589,0.537623,0.549707,EJ
Australia_NZ,elect_td_bld,rooftop_pv,elect_td_bld,rooftop_pv,0,0,0,0,0,EJ
China,elect_td_bld,elect_td_bld,elect_td_bld,elect_td_bld,0.323163,2.07721,3.56592,5.48707,9.99433,EJ
China,elect_td_bld,rooftop_pv,elect_td_bld,rooftop_pv,0,0,0,0,0,EJ
Russia,elect_td_bld,elect_td_bld,elect_td_bld,elect_td_bld,0.63136,0.804454,1.08923,1.1118,1.25575,EJ
Russia,elect_td_bld,rooftop_pv,elect_td_bld,rooftop_pv,0,0,0,0,0,EJ
Australia_NZ,elect_td_en,elect_td_en,elect_td_en,elect_td_en,0.00489744,0.00768074,0.00782932,0.00599843,0.0044501,EJ
China,elect_td_en,elect_td_en,elect_td_en,elect_td_en,0.0301807,0.113562,0.204755,0.282303,0.516311,EJ
Russia,elect_td_en,elect_td_en,elect_td_en,elect_td_en,0.0525331,0.0597739,6.44E-02,7.79E-02,0.0939312,EJ
Australia_NZ,elect_td_h2,elect_td_h2,elect_td_h2,elect_td_h2,0,0,0.00E+00,0.00E+00,0,EJ
China,elect_td_h2,elect_td_h2,elect_td_h2,elect_td_h2,0,0,0,0,0,EJ
Russia,elect_td_h2,elect_td_h2,elect_td_h2,elect_td_h2,0,0,0,0,0,EJ
Australia_NZ,elect_td_ind,elect_td_ind,elect_td_ind,elect_td_ind,0.280894,0.363726,0.406739,0.398421,0.428987,EJ
China,elect_td_ind,elect_td_ind,elect_td_ind,elect_td_ind,1.63389,5.5284,9.30807,12.4912,16.6078,EJ
Russia,elect_td_ind,elect_td_ind,elect_td_ind,elect_td_ind,2.4061,1.70659,1.73273,1.78382,1.98012,EJ
Australia_NZ,elect_td_trn,elect_td_trn,elect_td_trn,elect_td_trn,0.00672,0.0126891,0.0132584,0.0205458,0.0228769,EJ
China,elect_td_trn,elect_td_trn,elect_td_trn,elect_td_trn,0.022601,0.0726358,0.144189,0.259833,0.547021,EJ
Russia,elect_td_trn,elect_td_trn,elect_td_trn,elect_td_trn,0.242683,0.209363,0.216444,0.225065,0.220934,EJ
Australia_NZ,electricity,biomass,electricity,biomass (IGCC),0,0,0,0,0,EJ
Australia_NZ,electricity,biomass,electricity,biomass (conv),0,0.00187919,6.55E-04,0.00136076,0.00167757,EJ
Australia_NZ,electricity,coal,electricity,coal (IGCC),0,0,0,0,0,EJ
Australia_NZ,electricity,coal,electricity,coal (conv pul),0.439003,0.672505,0.653751,0.575345,0.514265,EJ
Australia_NZ,electricity,gas,electricity,gas (CC),0.0392081,0.0563008,0.0391125,0.0199358,0.0162562,EJ
Australia_NZ,electricity,gas,electricity,gas (steam/CT),0.0329217,0.0523683,0.140517,0.176035,0.150529,EJ
Australia_NZ,electricity,geothermal,electricity,geothermal,0.00746642,0.0111491,0.02102,0.0293175,0.0302142,EJ
Australia_NZ,electricity,hydro,electricity,hydro,1.34E-01,0.139082,0.137614,0.136267,0.140375,EJ
Australia_NZ,electricity,nuclear,electricity,Gen_III,0.00E+00,0,0,0,0,EJ
Australia_NZ,electricity,refined liquids,electricity,refined liquids (CC),0.00E+00,0,0,0,0,EJ
Australia_NZ,electricity,refined liquids,electricity,refined liquids (steam/CT),1.28E-02,1.02E-02,0.0209228,0.0240184,0.0165345,EJ
Australia_NZ,electricity,solar,electricity,CSP,0,3.60E-06,1.08E-05,1.44E-05,1.80E-05,EJ
Australia_NZ,electricity,solar,electricity,CSP_storage,0,0,0,0,0,EJ
Australia_NZ,electricity,solar,electricity,PV,0,2.81E-04,0.00140397,0.018201,0.100507,EJ
Australia_NZ,electricity,solar,electricity,PV_storage,0,0,0,0,0,EJ
Australia_NZ,electricity,wind,electricity,wind,0,0.00539637,0.0240799,0.04979,0.0978354,EJ
Australia_NZ,electricity,wind,electricity,wind_offshore,0,0,0,0,0,EJ
Australia_NZ,electricity,wind,electricity,wind_storage,0,0,0,0,0,EJ
China,electricity,biomass,electricity,biomass (IGCC),0,0,0,0,0,EJ
China,electricity,biomass,electricity,biomass (conv),2.07E-06,0.0187197,0.121907,0.229424,0.613254,EJ
China,electricity,coal,district heat,coal (conv pul),0.00E+00,2.04751,2.27592,3.06238,5.65944,EJ
China,electricity,coal,electricity,coal (IGCC),0.00E+00,0,0,0,0,EJ
China,electricity,coal,electricity,coal (conv pul),1.69116,7.2262,11.7486,14.8818,19.5535,EJ
China,electricity,gas,district heat,gas (steam/CT),0,0.0407711,0.251369,0.405244,0.778718,EJ
China,electricity,gas,electricity,gas (CC),6.91E-03,0.0341556,0,0.10683,0.194213,EJ
China,electricity,gas,electricity,gas (steam/CT),3.07E-03,0.0501543,0.332918,0.462704,0.852293,EJ
China,electricity,geothermal,electricity,geothermal,2.05E-04,4.21E-04,4.71E-04,4.69E-04,4.69E-04,EJ
China,electricity,hydro,electricity,hydro,4.57E-01,1.42954,2.56149,4.01262,4.68069,EJ
China,electricity,nuclear,electricity,Gen_III,0,0,0,0,0,EJ
China,electricity,nuclear,electricity,Gen_II_LWR,0.00E+00,0.191114,0.265968,0.614837,1.46708,EJ
China,electricity,refined liquids,electricity,refined liquids (CC),0.00E+00,0.00E+00,0.00E+00,0.00E+00,0,EJ
China,electricity,refined liquids,electricity,refined liquids (steam/CT),1.83E-01,1.83E-01,5.41E-02,3.60E-02,0.0420832,EJ
China,electricity,solar,electricity,CSP,0,0,7.20E-06,1.04E-04,0.00721796,EJ
China,electricity,solar,electricity,CSP_storage,0,0,0,0,0,EJ
China,electricity,solar,electricity,PV,7.20E-06,3.02E-04,0.0025205,0.142217,1.17754,EJ
China,electricity,solar,electricity,PV_storage,0,0,0,0,0,EJ
China,electricity,wind,electricity,wind,7.20E-06,0.0073016,0.160646,0.668761,2.36196,EJ
China,electricity,wind,electricity,wind_offshore,0,0,0,0,0,EJ
China,electricity,wind,electricity,wind_storage,0,0,0,0,0,EJ
Russia,electricity,biomass,electricity,biomass (IGCC),0,0,0,0,0,EJ
Russia,electricity,biomass,electricity,biomass (conv),0,0,0,0,0,EJ
Russia,electricity,coal,district heat,coal (conv pul),0.769292,0.577195,0.598485,0.556029,0.467113,EJ
Russia,electricity,coal,electricity,coal (IGCC),0,0,0,0,0,EJ
Russia,electricity,coal,electricity,coal (conv pul),0.546131,0.551288,0.556389,0.525926,0.612245,EJ
Russia,electricity,gas,district heat,gas (steam/CT),3.00044,1.5397,1.55414,1.80475,2.05665,EJ
Russia,electricity,gas,electricity,gas (CC),0,0,0,0,0,EJ
Russia,electricity,gas,electricity,gas (steam/CT),1.69041,1.4949,1.73911,1.75753,1.72341,EJ
Russia,electricity,geothermal,electricity,geothermal,1.01E-04,0.00147597,0.00181791,0.00164508,0.00154799,EJ
Russia,electricity,hydro,electricity,hydro,5.97E-01,0.621637,0.599339,0.604775,0.772114,EJ
Russia,electricity,nuclear,electricity,Gen_III,0,0,0,0,0,EJ
Russia,electricity,nuclear,electricity,Gen_II_LWR,0.425915,0.537994,0.613464,0.703642,0.804135,EJ
Russia,electricity,refined liquids,district heat,refined liquids (steam/CT),0.754808,0.0629979,0.0171618,0.0116781,0.0129765,EJ
Russia,electricity,refined liquids,electricity,refined liquids (CC),0,0,0,0,0,EJ
Russia,electricity,refined liquids,electricity,refined liquids (steam/CT),0.463119,0.0644098,0.0257172,0.0255474,0.0207539,EJ
Russia,electricity,solar,electricity,CSP_storage,0,0,0,0,0,EJ
Russia,electricity,solar,electricity,PV,0.00E+00,0.00E+00,0.00E+00,1.21E-03,0.00800996,EJ
Russia,electricity,solar,electricity,PV_storage,0,0,0,0,0,EJ
Russia,electricity,wind,electricity,wind,0,2.52E-05,1.44E-05,5.33E-04,0.0119195,EJ
Russia,electricity,wind,electricity,wind_offshore,0,0,0,0,0,EJ
Russia,electricity,wind,electricity,wind_storage,0,0,0,0,0,EJ
Australia_NZ,electricity_net_ownuse,electricity_net_ownuse,electricity_net_ownuse,electricity_net_ownuse,0.631838,0.919466,1.01071,1.01286,1.06178,EJ
China,electricity_net_ownuse,electricity_net_ownuse,electricity_net_ownuse,electricity_net_ownuse,2.1782,8.41273,1.42E+01,1.96E+01,28.8435,EJ
Russia,electricity_net_ownuse,electricity_net_ownuse,electricity_net_ownuse,electricity_net_ownuse,3.63595,3.18543,3.48053,3.58214,3.90286,EJ
Australia_NZ,food processing,food processing,food processing,food processing,2.22E+01,2.88E+01,31.1936,34.2416,35.4234,Pcal
China,food processing,food processing,food processing,food processing,982.981,1301.09,1445.1,1591.97,1719.29,Pcal
Russia,food processing,food processing,food processing,food processing,1.66E+02,148.931,163.785,169.236,171.891,Pcal
Australia_NZ,gas pipeline,gas pipeline,gas pipeline,gas pipeline,0.737537,1.02686,1.27844,1.44244,1.52895,EJ
China,gas pipeline,gas pipeline,gas pipeline,gas pipeline,0.540362,1.84588,4.72632,6.99921,12.957,EJ
Russia,gas pipeline,gas pipeline,gas pipeline,gas pipeline,14.434,13.0022,14.4287,13.9653,17.1527,EJ
Australia_NZ,gas processing,biomass gasification,gas processing,biomass gasification,0.0015907,0.00996267,0.0157393,0.0200926,0.0213488,EJ
Australia_NZ,gas processing,coal gasification,gas processing,coal gasification,0,0,0,0,0,EJ
Australia_NZ,gas processing,natural gas,gas processing,natural gas,0.745281,1.03586,1.27777,1.43566,1.52639,EJ
China,gas processing,biomass gasification,gas processing,biomass gasification,0,0.144374,0.295238,0.314323,0.30612,EJ
China,gas processing,coal gasification,gas processing,coal gasification,0.0779439,0.240267,0.191779,0.306623,0.996837,EJ
China,gas processing,natural gas,gas processing,natural gas,0.475395,1.4977,4.31076,6.46826,11.768,EJ
Russia,gas processing,biomass gasification,gas processing,biomass gasification,0,0,0,0,0,EJ
Russia,gas processing,coal gasification,gas processing,coal gasification,0,0,0,0,0,EJ
Russia,gas processing,natural gas,gas processing,natural gas,16.2215,14.6369,16.0225,15.3231,18.4307,EJ
Australia_NZ,industrial processes,Al_Mg,industrial processes,Al_Mg,3.23E-04,3.54E-04,3.91E-04,3.43E-04,4.13E-04,NA
Australia_NZ,industrial processes,HCFC_22_Prod,industrial processes,HCFC_22_Prod,3.23E-04,3.54E-04,3.91E-04,3.43E-04,4.13E-04,NA
Australia_NZ,industrial processes,adipic acid,industrial processes,adipic acid,3.23E-04,3.54E-04,3.91E-04,3.43E-04,4.13E-04,NA
Australia_NZ,industrial processes,foams,industrial processes,foams,3.23E-04,3.54E-04,3.91E-04,3.43E-04,4.13E-04,NA
Australia_NZ,industrial processes,nitric acid,industrial processes,nitric acid,3.23E-04,3.54E-04,3.91E-04,3.43E-04,4.13E-04,NA
Australia_NZ,industrial processes,other industrial processes,industrial processes,other industrial processes,3.23E-04,3.54E-04,3.91E-04,3.43E-04,4.13E-04,NA
Australia_NZ,industrial processes,semiconductors,industrial processes,semiconductors,3.23E-04,3.54E-04,3.91E-04,3.43E-04,4.13E-04,NA
Australia_NZ,industrial processes,solvents,industrial processes,solvents,3.23E-04,3.54E-04,3.91E-04,3.43E-04,4.13E-04,NA
China,industrial processes,Al_Mg,industrial processes,Al_Mg,4.96E-04,4.13E-04,3.60E-04,3.19E-04,3.39E-04,NA
China,industrial processes,HCFC_22_Prod,industrial processes,HCFC_22_Prod,4.96E-04,4.13E-04,3.60E-04,3.19E-04,3.39E-04,NA
China,industrial processes,adipic acid,industrial processes,adipic acid,4.96E-04,4.13E-04,3.60E-04,3.19E-04,3.39E-04,NA
China,industrial processes,foams,industrial processes,foams,4.96E-04,4.13E-04,3.60E-04,3.19E-04,3.39E-04,NA
China,industrial processes,nitric acid,industrial processes,nitric acid,4.96E-04,4.13E-04,3.60E-04,3.19E-04,3.39E-04,NA
China,industrial processes,other industrial processes,industrial processes,other industrial processes,4.96E-04,4.13E-04,3.60E-04,3.19E-04,3.39E-04,NA
China,industrial processes,semiconductors,industrial processes,semiconductors,4.96E-04,4.13E-04,3.60E-04,3.19E-04,3.39E-04,NA
China,industrial processes,solvents,industrial processes,solvents,4.96E-04,4.13E-04,3.60E-04,3.19E-04,3.39E-04,NA
Russia,industrial processes,Al_Mg,industrial processes,Al_Mg,9.99E-04,7.03E-04,6.07E-04,5.48E-04,5.33E-04,NA
Russia,industrial processes,HCFC_22_Prod,industrial processes,HCFC_22_Prod,9.99E-04,7.03E-04,6.07E-04,5.48E-04,5.33E-04,NA
Russia,industrial processes,adipic acid,industrial processes,adipic acid,9.99E-04,7.03E-04,6.07E-04,5.48E-04,5.33E-04,NA
Russia,industrial processes,foams,industrial processes,foams,9.99E-04,7.03E-04,6.07E-04,5.48E-04,5.33E-04,NA
Russia,industrial processes,nitric acid,industrial processes,nitric acid,9.99E-04,7.03E-04,6.07E-04,5.48E-04,5.33E-04,NA
Russia,industrial processes,other industrial processes,industrial processes,other industrial processes,9.99E-04,7.03E-04,6.07E-04,5.48E-04,5.33E-04,NA
Russia,industrial processes,semiconductors,industrial processes,semiconductors,9.99E-04,7.03E-04,6.07E-04,5.48E-04,5.33E-04,NA
Russia,industrial processes,solvents,industrial processes,solvents,9.99E-04,7.03E-04,6.07E-04,5.48E-04,5.33E-04,NA
Australia_NZ,industrial wastewater treatment,electricity,industrial wastewater treatment,electricity,0.375075,0.928378,1.19097,1.26534,1.47175,km^3
China,industrial wastewater treatment,electricity,industrial wastewater treatment,electricity,6.19499,20.4649,27.6925,28.063,42.8788,km^3
Russia,industrial wastewater treatment,electricity,industrial wastewater treatment,electricity,9.87695,7.37765,7.8204,8.32172,9.33723,km^3
Australia_NZ,industrial water abstraction,electricity,industrial water abstraction,electricity,1.49382,2.70206,3.21462,3.05838,3.18556,km^3
China,industrial water abstraction,electricity,industrial water abstraction,electricity,33.3512,99.3928,122.826,113.749,155.898,km^3
Russia,industrial water abstraction,electricity,industrial water abstraction,electricity,25.8746,19.6352,20.0909,20.9652,22.9372,km^3
Australia_NZ,industrial water treatment,electricity,industrial water treatment,electricity,1.49382,2.70206,3.21462,3.05838,3.18556,km^3
China,industrial water treatment,electricity,industrial water treatment,electricity,33.3512,99.3928,122.826,113.749,155.898,km^3
Russia,industrial water treatment,electricity,industrial water treatment,electricity,25.8746,19.6352,20.0909,20.9652,22.9372,km^3
Australia_NZ,iron and steel,BLASTFUR,iron and steel,BLASTFUR,6.21251,6.98161,6.6877,4.3804,4.89252,Mt
Australia_NZ,iron and steel,BLASTFUR,iron and steel,BLASTFUR with hydrogen,0,0,0,0,0,Mt
Australia_NZ,iron and steel,BLASTFUR,iron and steel,Biomass-based,0.00E+00,0,0,0,0,Mt
Australia_NZ,iron and steel,EAF with DRI,iron and steel,EAF with DRI,0,0,0.0509825,0,0.0020864,Mt
Australia_NZ,iron and steel,EAF with DRI,iron and steel,Hydrogen-based DRI,0,0,0,0,0,Mt
Australia_NZ,iron and steel,EAF with scrap,iron and steel,EAF with scrap,1.18249,1.66439,1.41032,1.3376,1.53139,Mt
China,iron and steel,BLASTFUR,iron and steel,BLASTFUR,56.0573,311.75,572.379,756.334,928.031,Mt
China,iron and steel,BLASTFUR,iron and steel,BLASTFUR with hydrogen,0,0,0,0,0,Mt
China,iron and steel,BLASTFUR,iron and steel,Biomass-based,0,0,0,0,0,Mt
China,iron and steel,EAF with DRI,iron and steel,EAF with DRI,0,0,1.16677,0.141062,1.41807,Mt
China,iron and steel,EAF with DRI,iron and steel,Hydrogen-based DRI,0,0,0,0,0,Mt
China,iron and steel,EAF with scrap,iron and steel,EAF with scrap,10.4417,41.4905,65.1972,47.3499,105.794,Mt
Russia,iron and steel,BLASTFUR,iron and steel,BLASTFUR,74.9604,55.3385,48.9941,49.2917,51.089,Mt
Russia,iron and steel,BLASTFUR,iron and steel,BLASTFUR with hydrogen,0,0,0,0,0,Mt
Russia,iron and steel,BLASTFUR,iron and steel,Biomass-based,0,0,0,0,0,Mt
Russia,iron and steel,EAF with DRI,iron and steel,EAF with DRI,0,0,2.78467,3.22845,4.22842,Mt
Russia,iron and steel,EAF with DRI,iron and steel,Hydrogen-based DRI,0.00E+00,0,0,0,0,Mt
Russia,iron and steel,EAF with scrap,iron and steel,EAF with scrap,12.7807,10.8075,15.1632,18.3779,21.7026,Mt
Australia_NZ,irrigation water abstraction,electricity,irrigation water abstraction,electricity,26.3939,38.649,33.519,38.4875,36.3835,km^3
China,irrigation water abstraction,electricity,irrigation water abstraction,electricity,282.648,315.094,358.553,399.667,419.569,km^3
Russia,irrigation water abstraction,electricity,irrigation water abstraction,electricity,27.724,11.4213,13.3044,20.5879,22.78,km^3
Australia_NZ,mining energy use,mobile,mining energy use,electricity,0.00E+00,0.00E+00,0.00E+00,0.00E+00,0,EJ
Australia_NZ,mining energy use,mobile,mining energy use,hydrogen,0.00E+00,0.00E+00,0.00E+00,0.00E+00,0,EJ
Australia_NZ,mining energy use,mobile,mining energy use,refined liquids,0.0184542,0.0355932,0.0442808,0.0777923,0.104049,EJ
Australia_NZ,mining energy use,stationary,mining energy use,coal,0.00597591,2.13E-04,1.78E-04,0.00183174,0.00343984,EJ
Australia_NZ,mining energy use,stationary,mining energy use,electricity,0.0211156,0.0298342,0.0435027,0.0654021,0.0817944,EJ
Australia_NZ,mining energy use,stationary,mining energy use,gas,7.81E-04,0.00152076,0.00153131,0.00524972,0.00455154,EJ
Australia_NZ,mining energy use,stationary,mining energy use,hydrogen,0,0,0,0,0,EJ
Australia_NZ,mining energy use,stationary,mining energy use,refined liquids,0.00461353,0.00889829,0.0110702,0.0194481,0.0260122,EJ
China,mining energy use,mobile,mining energy use,electricity,0,0,0,0,0,EJ
China,mining energy use,mobile,mining energy use,hydrogen,0,0,0,0,0,EJ
China,mining energy use,mobile,mining energy use,refined liquids,0.0201261,0.0370737,0.058142,0.0936033,0.0840487,EJ
China,mining energy use,stationary,mining energy use,coal,0.127267,0.20745,0.368452,0.253243,0.199294,EJ
China,mining energy use,stationary,mining energy use,electricity,0.0535517,0.178103,0.298412,0.369409,0.450583,EJ
China,mining energy use,stationary,mining energy use,gas,2.09E-03,0.013687,0.0109015,0.0326362,0.0641653,EJ
China,mining energy use,stationary,mining energy use,heat,4.14E-03,0.0126836,0.0226881,0.0373391,0.0269578,EJ
China,mining energy use,stationary,mining energy use,hydrogen,0,0,0,0,0,EJ
China,mining energy use,stationary,mining energy use,refined liquids,0.0050315,0.00926836,0.0145355,0.0234008,0.0210122,EJ
Russia,mining energy use,mobile,mining energy use,electricity,0,0,0,0,0,EJ
Russia,mining energy use,mobile,mining energy use,hydrogen,0,0,0,0,0,EJ
Russia,mining energy use,mobile,mining energy use,refined liquids,0,0.0279661,0.0436001,0.044066,0.0713938,EJ
Russia,mining energy use,stationary,mining energy use,biomass,0,1.96E-04,2.96E-04,6.64E-04,5.69E-04,EJ
Russia,mining energy use,stationary,mining energy use,coal,0,0.014324,0.00181893,0.00312466,0.00206389,EJ
Russia,mining energy use,stationary,mining energy use,electricity,0,0.0813061,0.0786269,0.0924764,0.17058,EJ
Russia,mining energy use,stationary,mining energy use,gas,0,0.0423644,0.0381372,0.0444573,0.0652385,EJ
Russia,mining energy use,stationary,mining energy use,heat,0,0.0798689,0.0464646,0.0302229,0.0461297,EJ
Russia,mining energy use,stationary,mining energy use,hydrogen,0,0,0,0,0,EJ
Russia,mining energy use,stationary,mining energy use,refined liquids,0,0.00699156,0.0109,0.0110165,0.0178484,EJ
Australia_NZ,municipal wastewater treatment,electricity,municipal wastewater treatment,electricity,1.17249,1.89869,1.89526,1.94222,2.19557,km^3
China,municipal wastewater treatment,electricity,municipal wastewater treatment,electricity,6.37572,13.9079,16.5023,19.9503,22.8831,km^3
Russia,municipal wastewater treatment,electricity,municipal wastewater treatment,electricity,5.20881,5.29598,6.01901,6.73634,7.15043,km^3
Australia_NZ,municipal water,municipal water,municipal water,municipal water,4.7229,5.2485,4.7078,4.3964,4.5316,km^3
China,municipal water,municipal water,municipal water,municipal water,35,67.0349,72.1254,79.4,81.2332,km^3
Russia,municipal water,municipal water,municipal water,municipal water,14.2209,14.2598,15.553,17.0698,17.6674,km^3
Australia_NZ,municipal water abstraction,electricity,municipal water abstraction,electricity,4.7006,5.22827,4.68908,4.3781,4.51377,km^3
China,municipal water abstraction,electricity,municipal water abstraction,electricity,34.9977,67.0305,72.1214,79.3955,81.2295,km^3
Russia,municipal water abstraction,electricity,municipal water abstraction,electricity,14.2209,14.2598,1.56E+01,1.71E+01,17.6674,km^3
Australia_NZ,municipal water distribution,electricity,municipal water distribution,electricity,4.7229,5.25E+00,4.71E+00,4.40E+00,4.5316,km^3
China,municipal water distribution,electricity,municipal water distribution,electricity,35,67.0349,72.1254,79.4,81.2332,km^3
Russia,municipal water distribution,electricity,municipal water distribution,electricity,14.2209,14.2598,15.553,17.0698,17.6674,km^3
Australia_NZ,municipal water treatment,electricity,municipal water treatment,electricity,4.7006,5.23E+00,4.68908,4.3781,4.51377,km^3
China,municipal water treatment,electricity,municipal water treatment,electricity,34.9977,67.0305,72.1214,79.3955,81.2295,km^3
Russia,municipal water treatment,electricity,municipal water treatment,electricity,14.2209,14.2598,15.553,17.0698,17.6674,km^3
China,nuclearFuelGenII,enrichedUranium,nuclearFuelGenII,enrichedUranium,0,0.573917,0.798701,1.84636,4.40563,EJ
Russia,nuclearFuelGenII,enrichedUranium,nuclearFuelGenII,enrichedUranium,1.27902,1.6156,1.84224,2.11304,2.41482,EJ
Australia_NZ,nuclearFuelGenIII,enrichedUranium,nuclearFuelGenIII,enrichedUranium,0,0,0,0,0,EJ
China,nuclearFuelGenIII,enrichedUranium,nuclearFuelGenIII,enrichedUranium,0,0,0,0,0,EJ
Russia,nuclearFuelGenIII,enrichedUranium,nuclearFuelGenIII,enrichedUranium,0.00E+00,0,0,0,0,EJ
Australia_NZ,other industrial energy use,biomass,electricity,biomass cogen,0.0035084,0.00766884,0.00508153,0.00551348,0.00492035,EJ
Australia_NZ,other industrial energy use,biomass,other industrial energy use,biomass,0.0212097,0.0328924,0.0117184,0.0132089,0.0244689,EJ
Australia_NZ,other industrial energy use,biomass,other industrial energy use,biomass cogen,0.00940589,0.0211846,0.0141154,0.0153579,0.0137825,EJ
Australia_NZ,other industrial energy use,coal,electricity,coal cogen,7.09E-04,0.00232755,0.0024228,0.00238845,0.00247396,EJ
Australia_NZ,other industrial energy use,coal,other industrial energy use,coal,0.0679107,2.38E-02,2.82E-02,0,0.00378048,EJ
Australia_NZ,other industrial energy use,coal,other industrial energy use,coal cogen,0.00171626,0.00580436,0.006057,0.0059861,0.00623163,EJ
Australia_NZ,other industrial energy use,electricity,other industrial energy use,electricity,0.0610301,0.0743452,0.15417,0.0942117,0.1055,EJ
Australia_NZ,other industrial energy use,gas,electricity,gas cogen,6.22E-04,0.0132466,0.0208275,0.0237127,0.0362527,EJ
Australia_NZ,other industrial energy use,gas,other industrial energy use,gas,0.141082,0.176667,0.206637,0.200418,0.324339,EJ
Australia_NZ,other industrial energy use,gas,other industrial energy use,gas cogen,0.00145735,0.0319194,0.0504299,0.0576952,0.0888546,EJ
Australia_NZ,other industrial energy use,hydrogen,electricity,hydrogen cogen,0,0,0,0,0,EJ
Australia_NZ,other industrial energy use,hydrogen,other industrial energy use,hydrogen,0,0.00E+00,0.00E+00,0.00E+00,0,EJ
Australia_NZ,other industrial energy use,hydrogen,other industrial energy use,hydrogen cogen,0,0.00E+00,0.00E+00,0.00E+00,0,EJ
Australia_NZ,other industrial energy use,refined liquids,electricity,refined liquids cogen,0,0,0.00103634,4.61E-04,3.46E-04,EJ
Australia_NZ,other industrial energy use,refined liquids,other industrial energy use,refined liquids,0.0449704,0.126721,0.103641,0.147866,0.173922,EJ
Australia_NZ,other industrial energy use,refined liquids,other industrial energy use,refined liquids cogen,0.00E+00,0.00E+00,2.52E-03,1.13E-03,8.50E-04,EJ
China,other industrial energy use,biomass,electricity,biomass cogen,1.72E-06,2.00E-06,5.59E-07,6.37E-05,1.18E-04,EJ
China,other industrial energy use,biomass,other industrial energy use,biomass cogen,4.61E-06,5.52E-06,1.55E-06,1.77E-04,3.30E-04,EJ
China,other industrial energy use,coal,other industrial energy use,coal,3.08505,5.6098,6.73185,5.15746,2.20966,EJ
China,other industrial energy use,district heat,other industrial energy use,district heat,0.268908,0.944701,1.11586,1.30219,1.84323,EJ
China,other industrial energy use,electricity,other industrial energy use,electricity,0.60456,1.68995,3.05395,4.37377,6.18804,EJ
China,other industrial energy use,gas,electricity,gas cogen,0,0,1.41E-04,1.55E-04,3.21E-04,EJ
China,other industrial energy use,gas,other industrial energy use,gas,0.0581834,0.20079,1.0086,0.970884,2.66116,EJ
China,other industrial energy use,gas,other industrial energy use,gas cogen,0,0,3.40E-04,3.77E-04,7.86E-04,EJ
China,other industrial energy use,hydrogen,electricity,hydrogen cogen,0,0,0,0,0,EJ
China,other industrial energy use,hydrogen,other industrial energy use,hydrogen,0,0.00E+00,0.00E+00,0.00E+00,0,EJ
China,other industrial energy use,hydrogen,other industrial energy use,hydrogen cogen,0,0,0,0,0,EJ
China,other industrial energy use,refined liquids,other industrial energy use,refined liquids,0.78173,1.53748,1.37941,0.993019,1.93579,EJ
Russia,other industrial energy use,biomass,electricity,biomass cogen,1.06E-04,7.59E-03,0.00797554,0.00811154,0.0114357,EJ
Russia,other industrial energy use,biomass,other industrial energy use,biomass,0.00391872,0.0446248,0.0258404,0.0599229,0.113371,EJ
Russia,other industrial energy use,biomass,other industrial energy use,biomass cogen,2.85E-04,0.0209543,0.0221543,0.0225948,0.0320327,EJ
Russia,other industrial energy use,coal,electricity,coal cogen,0.0191956,0.0442918,0.0415224,0.0448474,0.0620035,EJ
Russia,other industrial energy use,coal,other industrial energy use,coal,0.552949,0.197472,0.200655,0.128655,0.0666074,EJ
Russia,other industrial energy use,coal,other industrial energy use,coal cogen,0.0464785,0.110453,0.103806,0.1124,0.15618,EJ
Russia,other industrial energy use,district heat,other industrial energy use,district heat,4.51075,1.48626,1.51139,1.17826,1.17249,EJ
Russia,other industrial energy use,electricity,other industrial energy use,electricity,1.34481,0.819795,0.782175,0.836481,0.92215,EJ
Russia,other industrial energy use,gas,electricity,gas cogen,0.153428,8.67E-02,0.134862,0.149618,0.126603,EJ
Russia,other industrial energy use,gas,other industrial energy use,gas,1.13743,1.48951,1.41E+00,1.39E+00,2.04427,EJ
Russia,other industrial energy use,gas,other industrial energy use,gas cogen,0.359317,0.208857,0.326542,0.364035,0.310303,EJ
Russia,other industrial energy use,hydrogen,electricity,hydrogen cogen,0,0,0,0,0,EJ
Russia,other industrial energy use,hydrogen,other industrial energy use,hydrogen,0,0,0,0,0,EJ
Russia,other industrial energy use,hydrogen,other industrial energy use,hydrogen cogen,0,0,0,0,0,EJ
Russia,other industrial energy use,refined liquids,electricity,refined liquids cogen,0,0.0119671,0.0078013,0.0108136,0.00995533,EJ
Russia,other industrial energy use,refined liquids,other industrial energy use,refined liquids,0.73404,0.398788,0.502157,0.544875,0.577679,EJ
Russia,other industrial energy use,refined liquids,other industrial energy use,refined liquids cogen,0,0.0289761,0.0189813,0.0264392,0.0244603,EJ
Australia_NZ,other industrial feedstocks,gas,other industrial feedstocks,gas,7.95E-04,0,0,0,0,EJ
Australia_NZ,other industrial feedstocks,refined liquids,other industrial feedstocks,refined liquids,0.0511529,0.0662225,0.072962,0.0665574,0.0831758,EJ
China,other industrial feedstocks,coal,other industrial feedstocks,coal,0.555981,0.459425,0.680089,1.46492,1.54433,EJ
China,other industrial feedstocks,refined liquids,other industrial feedstocks,refined liquids,0.155957,0.693939,0.572939,0.718404,1.1177,EJ
Russia,other industrial feedstocks,coal,other industrial feedstocks,coal,0,0.0285904,5.02E-04,0,0,EJ
Russia,other industrial feedstocks,refined liquids,other industrial feedstocks,refined liquids,0,1.39E-01,7.87E-02,1.12E-01,0.493529,EJ
Australia_NZ,other industry,other industry,other industry,other industry,0.400731,5.60E-01,6.50E-01,6.02E-01,0.824905,EJ
China,other industry,other industry,other industry,other industry,5.51037,1.11E+01,1.45E+01,1.50E+01,17.501,EJ
Russia,other industry,other industry,other industry,other industry,8.68997,4.97E+00,4.99E+00,4.78E+00,5.91307,EJ
Australia_NZ,paper,paper,paper,paper,2.73533,4.10383,4.07271,3.86968,3.63814,Mt
China,paper,paper,paper,paper,14.112,57.0133,92.98,106.963,119.687,Mt
Russia,paper,paper,paper,paper,9.48714,7.13,6.85971,8.21268,9.44377,Mt
Australia_NZ,process heat cement,biomass,process heat cement,biomass,0.00137091,0.00150221,0.00149368,0.00149368,0.00149368,EJ
Australia_NZ,process heat cement,coal,process heat cement,coal,0.019879,0.0217814,0.0216586,0.0216586,0.0216586,EJ
Australia_NZ,process heat cement,gas,process heat cement,gas,0.0130241,0.0142706,0.0141901,0.0141901,0.0141901,EJ
Australia_NZ,process heat cement,hydrogen,process heat cement,hydrogen,0,0,0,0,0,EJ
China,process heat cement,coal,process heat cement,coal,0.900363,3.53359,5.59985,5.59985,5.59985,EJ
China,process heat cement,hydrogen,process heat cement,hydrogen,0.00E+00,0,0,0,0,EJ
China,process heat cement,refined liquids,process heat cement,refined liquids,0.05747,0.225548,0.357437,0.357437,0.357437,EJ
Russia,process heat cement,biomass,process heat cement,biomass,0.0031166,0.00173379,0.00163552,0.00163552,0.00163552,EJ
Russia,process heat cement,coal,process heat cement,coal,0.0218162,0.0121363,0.0114484,0.0114484,0.0114484,EJ
Russia,process heat cement,gas,process heat cement,gas,2.12E-01,1.18E-01,0.111213,0.111213,0.111213,EJ
Russia,process heat cement,hydrogen,process heat cement,hydrogen,0,0,0,0,0,EJ
Russia,process heat cement,refined liquids,process heat cement,refined liquids,0.0747985,0.0416102,0.0392519,0.0392519,0.0392519,EJ
Australia_NZ,process heat food processing,biomass,electricity,biomass cogen,0.00E+00,0,0,0,0,EJ
Australia_NZ,process heat food processing,biomass,process heat food processing,biomass,2.79E-02,2.65E-02,5.53E-02,0.0637267,0.0546525,EJ
Australia_NZ,process heat food processing,biomass,process heat food processing,biomass cogen,0.00E+00,0.00E+00,0,0,0,EJ
Australia_NZ,process heat food processing,coal,electricity,coal cogen,0,0,0,0,0,EJ
Australia_NZ,process heat food processing,coal,process heat food processing,coal,0.0098119,0.0138974,0.0205279,0.013069,0.0161413,EJ
Australia_NZ,process heat food processing,coal,process heat food processing,coal cogen,0,0,0,0,0,EJ
Australia_NZ,process heat food processing,electricity,process heat food processing,electric heat pump,0,0,0,0,0,EJ
Australia_NZ,process heat food processing,electricity,process heat food processing,electricity,0.00E+00,0.00E+00,0.00E+00,0.00E+00,0,EJ
Australia_NZ,process heat food processing,electricity,process heat food processing,electricity with solar,0,0,0,0,0,EJ
Australia_NZ,process heat food processing,gas,electricity,gas cogen,0,0,0,0,0,EJ
Australia_NZ,process heat food processing,gas,process heat food processing,gas,2.34E-02,2.96E-02,3.35E-02,3.91E-02,0.0389133,EJ
Australia_NZ,process heat food processing,gas,process heat food processing,gas cogen,0,0,0,0,0,EJ
Australia_NZ,process heat food processing,gas,process heat food processing,gas with solar,0,0,0,0,0,EJ
Australia_NZ,process heat food processing,refined liquids,electricity,refined liquids cogen,0,0,0,0,0,EJ
Australia_NZ,process heat food processing,refined liquids,process heat food processing,refined liquids,0.00562594,0.00237766,0.00197573,0.004186,0.00411906,EJ
Australia_NZ,process heat food processing,refined liquids,process heat food processing,refined liquids cogen,0,0,0,0,0,EJ
China,process heat food processing,coal,electricity,coal cogen,0,0,0,0,0,EJ
China,process heat food processing,coal,process heat food processing,coal,0.506128,0.791087,1.02622,0.795198,0.281908,EJ
China,process heat food processing,coal,process heat food processing,coal cogen,0,0,0,0,0,EJ
China,process heat food processing,electricity,process heat food processing,electric heat pump,0,0.00E+00,0.00E+00,0.00E+00,0,EJ
China,process heat food processing,electricity,process heat food processing,electricity,0,0,0,0,0,EJ
China,process heat food processing,electricity,process heat food processing,electricity with solar,0,0,0,0,0,EJ
China,process heat food processing,gas,electricity,gas cogen,0,0,0,0,0,EJ
China,process heat food processing,gas,process heat food processing,gas,9.04E-04,0.0066976,0.0164434,0.064595,0.221527,EJ
China,process heat food processing,gas,process heat food processing,gas cogen,0,0,0,0,0,EJ
China,process heat food processing,gas,process heat food processing,gas with solar,0,0,0,0,0,EJ
China,process heat food processing,heat,process heat food processing,heat,2.26E-02,8.28E-02,0.130149,0.151609,0.331831,EJ
China,process heat food processing,refined liquids,electricity,refined liquids cogen,0,0,0,0,0,EJ
China,process heat food processing,refined liquids,process heat food processing,refined liquids,0.0161733,0.0542506,0.0514735,0.0299032,0.0114866,EJ
China,process heat food processing,refined liquids,process heat food processing,refined liquids cogen,0.00E+00,0.00E+00,0.00E+00,0,0,EJ
Russia,process heat food processing,biomass,electricity,biomass cogen,0,0,0,0,0,EJ
Russia,process heat food processing,biomass,process heat food processing,biomass,0,9.95E-04,6.44E-04,0.00196119,0.00851829,EJ
Russia,process heat food processing,biomass,process heat food processing,biomass cogen,0,0,0,0,0,EJ
Russia,process heat food processing,coal,electricity,coal cogen,0,0,0,0.00E+00,0,EJ
Russia,process heat food processing,coal,process heat food processing,coal,0.0292339,0.0058603,0.00358308,0.00304733,0.00445387,EJ
Russia,process heat food processing,coal,process heat food processing,coal cogen,0,0.00E+00,0,0,0,EJ
Russia,process heat food processing,electricity,process heat food processing,electric heat pump,0,0,0,0,0,EJ
Russia,process heat food processing,electricity,process heat food processing,electricity,0,0,0,0,0,EJ
Russia,process heat food processing,electricity,process heat food processing,electricity with solar,0,0,0,0,0,EJ
Russia,process heat food processing,gas,electricity,gas cogen,0,0,0,0,0,EJ
Russia,process heat food processing,gas,process heat food processing,gas,0.0384427,2.96E-02,0.0455087,0.0504312,0.044706,EJ
Russia,process heat food processing,gas,process heat food processing,gas cogen,0,0,0,0,0,EJ
Russia,process heat food processing,gas,process heat food processing,gas with solar,0,0,0,0,0,EJ
Russia,process heat food processing,heat,process heat food processing,heat,0.00E+00,2.11E-01,0.184973,0.15337,0.177694,EJ
Russia,process heat food processing,refined liquids,electricity,refined liquids cogen,0,0.00E+00,0.00E+00,0,0,EJ
Russia,process heat food processing,refined liquids,process heat food processing,refined liquids,0.0969774,0.012156,0.0110172,0.017815,0.0194228,EJ
Russia,process heat food processing,refined liquids,process heat food processing,refined liquids cogen,0,0,0,0,0,EJ
Australia_NZ,process heat paper,coal,process heat paper,coal,7.40E-03,5.22E-03,0.00308088,0.00221024,0.0012056,EJ
Australia_NZ,process heat paper,electricity,process heat paper,electric boiler,0,0,0,0,0,EJ
Australia_NZ,process heat paper,electricity,process heat paper,electric heat pump,0,0.00E+00,0.00E+00,0.00E+00,0,EJ
Australia_NZ,process heat paper,gas,electricity,gas cogen,0.00E+00,0.00E+00,0.00E+00,0.00E+00,0,EJ
Australia_NZ,process heat paper,gas,process heat paper,gas,0.0161746,1.92E-02,1.30E-02,9.61E-03,0.00837203,EJ
Australia_NZ,process heat paper,gas,process heat paper,gas cogen,0,0,0,0,0,EJ
Australia_NZ,process heat paper,refined liquids,electricity,refined liquids cogen,0,0,0,0,0,EJ
Australia_NZ,process heat paper,refined liquids,process heat paper,refined liquids,0.00137303,5.36E-04,1.00E-04,0.00170792,0.00167441,EJ
Australia_NZ,process heat paper,refined liquids,process heat paper,refined liquids cogen,0,0,0,0,0,EJ
China,process heat paper,coal,process heat paper,coal,0.23445,0.411499,0.539261,0.296267,0.0899816,EJ
China,process heat paper,electricity,process heat paper,electric boiler,0.00E+00,0,0,0,0,EJ
China,process heat paper,electricity,process heat paper,electric heat pump,0,0,0,0,0,EJ
China,process heat paper,gas,electricity,gas cogen,0.00E+00,0,0,0,0,EJ
China,process heat paper,gas,process heat paper,gas,6.36E-04,0.00197575,0.00626228,0.0286321,0.0716303,EJ
China,process heat paper,gas,process heat paper,gas cogen,0,0,0,0,0,EJ
China,process heat paper,heat,process heat paper,heat,0.0298463,0.0993753,0.151199,0.204443,0.30679,EJ
China,process heat paper,refined liquids,electricity,refined liquids cogen,0,0,0,0,0,EJ
China,process heat paper,refined liquids,process heat paper,refined liquids,0.00914226,0.024848,0.0227385,0.0109505,0.00756827,EJ
China,process heat paper,refined liquids,process heat paper,refined liquids cogen,0,0,0,0,0,EJ
Russia,process heat paper,coal,process heat paper,coal,0,1.00E-04,2.28E-03,3.35E-05,0,EJ
Russia,process heat paper,electricity,process heat paper,electric boiler,0,0,0,0,0,EJ
Russia,process heat paper,electricity,process heat paper,electric heat pump,0,0,0,0,0,EJ
Russia,process heat paper,gas,electricity,gas cogen,0,0,0,0,0,EJ
Russia,process heat paper,gas,process heat paper,gas,0.00867315,0.00321488,0.00810407,0.00997946,0.0132947,EJ
Russia,process heat paper,gas,process heat paper,gas cogen,0,0,0,0,0,EJ
Russia,process heat paper,heat,process heat paper,heat,0,0.187114,0.168486,0.16158,0.186193,EJ
Russia,process heat paper,refined liquids,electricity,refined liquids cogen,0,0,0,0,0,EJ
Russia,process heat paper,refined liquids,process heat paper,refined liquids,0,0.00673113,0.00589391,0.00472185,0.00586039,EJ
Russia,process heat paper,refined liquids,process heat paper,refined liquids cogen,0,0,0,0,0,EJ
Australia_NZ,refined liquids bunkers,refined liquids bunkers,refined liquids bunkers,refined liquids bunkers,0.036524,0.0455859,0.0401107,0.0364425,0.0214212,EJ
China,refined liquids bunkers,refined liquids bunkers,refined liquids bunkers,refined liquids bunkers,0.189542,0.650995,1.32542,1.41879,1.60662,EJ
Russia,refined liquids bunkers,refined liquids bunkers,refined liquids bunkers,refined liquids bunkers,0.17482,1.00237,1.00237,0.77428,0.346711,EJ
Australia_NZ,refined liquids bunkers av,refined liquids bunkers av,refined liquids bunkers av,refined liquids bunkers av,0.0841351,0.13457,0.180108,0.208266,0.0901707,EJ
China,refined liquids bunkers av,refined liquids bunkers av,refined liquids bunkers av,refined liquids bunkers av,0.0849643,0.291865,3.77E-01,0.505255,0.453181,EJ
Russia,refined liquids bunkers av,refined liquids bunkers av,refined liquids bunkers av,refined liquids bunkers av,0.261852,0.149236,0.165131,0.146265,0.164655,EJ
Australia_NZ,refined liquids enduse,refined liquids enduse,refined liquids enduse,refined liquids enduse,0.0340372,0.0419809,0.0496327,0.0569084,0.0583297,EJ
China,refined liquids enduse,refined liquids enduse,refined liquids enduse,refined liquids enduse,0.323028,1.17649,1.50637,2.16729,2.19958,EJ
Russia,refined liquids enduse,refined liquids enduse,refined liquids enduse,refined liquids enduse,0.588301,0.301685,0.267904,0.443632,0.688262,EJ
Australia_NZ,refined liquids feedstocks,refined liquids feedstocks,refined liquids feedstocks,refined liquids feedstocks,0.160031,0.191635,0.194188,0.187533,0.182384,EJ
China,refined liquids feedstocks,refined liquids feedstocks,refined liquids feedstocks,refined liquids feedstocks,0.768041,2.28167,3.08478,4.29954,6.44561,EJ
Russia,refined liquids feedstocks,refined liquids feedstocks,refined liquids feedstocks,refined liquids feedstocks,0.798186,0.927617,1.34362,1.09535,1.79517,EJ
Australia_NZ,refined liquids industrial,refined liquids industrial,refined liquids industrial,refined liquids industrial,0.207495,0.338694,3.19E-01,0.397273,0.473962,EJ
China,refined liquids industrial,refined liquids industrial,refined liquids industrial,refined liquids industrial,1.97381,3.25516,3.977,3.44852,5.15355,EJ
Russia,refined liquids industrial,refined liquids industrial,refined liquids industrial,refined liquids industrial,2.7374,1.4376,1.39935,1.51054,1.16517,EJ
Australia_NZ,refined liquids transport,refined liquids transport,refined liquids transport,refined liquids transport,0.990007,1.3013,1.41194,1.47951,1.38835,EJ
China,refined liquids transport,refined liquids transport,refined liquids transport,refined liquids transport,1.04344,5.61777,7.89338,11.2529,12.7628,EJ
Russia,refined liquids transport,refined liquids transport,refined liquids transport,refined liquids transport,3.16115,2.05425,2.43855,2.55072,2.80528,EJ
Australia_NZ,refining,biomass liquids,refining,BTL with hydrogen,0.00E+00,0.00E+00,0,0,0,EJ
Australia_NZ,refining,biomass liquids,refining,FT biofuels,0.00E+00,0,0,0.00E+00,0,EJ
Australia_NZ,refining,biomass liquids,refining,biodiesel,0,0,0.00230219,0.00510667,4.19E-05,EJ
Australia_NZ,refining,biomass liquids,refining,cellulosic ethanol,0,0,0,0,0,EJ
Australia_NZ,refining,biomass liquids,refining,corn ethanol,0,7.95E-04,0.00489737,0.00531596,0.00372534,EJ
Australia_NZ,refining,coal to liquids,refining,coal to liquids,0,0,0,0,0,EJ
Australia_NZ,refining,gas to liquids,refining,gas to liquids,0.0268729,0,0,0,0,EJ
Australia_NZ,refining,oil refining,oil-credits,oil refining,1.52521,2.08755,2.24469,2.41151,2.2551,EJ
Australia_NZ,refining,oil refining,refining,oil refining,1.52521,2.08755,2.24469,2.41151,2.2551,EJ
China,refining,biomass liquids,refining,BTL with hydrogen,0,0,0,0,0,EJ
China,refining,biomass liquids,refining,FT biofuels,0,0,0,0,0,EJ
China,refining,biomass liquids,refining,biodiesel,0,0.00184174,0.023357,0.0296357,0.06036,EJ
China,refining,biomass liquids,refining,cellulosic ethanol,0,0,0,0,0,EJ
China,refining,biomass liquids,refining,corn ethanol,0,0.0273337,0.0493093,0.0616154,0.0783174,EJ
China,refining,coal to liquids,refining,coal to liquids,0,0,0.0277522,0.0838422,0.43759,EJ
China,refining,gas to liquids,refining,gas to liquids,0,0,0,0,0,EJ
China,refining,oil refining,oil-credits,oil refining,4.90567,13.7668,18.219,23.0205,28.166,EJ
China,refining,oil refining,refining,oil refining,4.91E+00,1.38E+01,1.82E+01,2.30E+01,28.166,EJ
Russia,refining,biomass liquids,refining,BTL with hydrogen,0,0,0,0,0,EJ
Russia,refining,biomass liquids,refining,FT biofuels,0,0,0,0,0,EJ
Russia,refining,biomass liquids,refining,biodiesel,0,0,0,0,0,EJ
Russia,refining,biomass liquids,refining,cellulosic ethanol,0,0,0,0,0,EJ
Russia,refining,biomass liquids,refining,corn ethanol,0,0,0,0,0,EJ
Russia,refining,coal to liquids,refining,coal to liquids,0,0,0,0,0,EJ
Russia,refining,gas to liquids,refining,gas to liquids,0,0,0,0,0,EJ
Russia,refining,oil refining,oil-credits,oil refining,9.63592,6.10617,6.71111,6.60655,7.03984,EJ
Russia,refining,oil refining,refining,oil refining,9.63592,6.10617,6.71111,6.60655,7.03984,EJ
Australia_NZ,regional ammonia,domestic ammonia,regional ammonia,domestic ammonia,0.324491,0.57576,0.568016,0.559449,0.540045,Mt NH3
Australia_NZ,regional ammonia,imported ammonia,regional ammonia,imported ammonia,0.272353,0.994656,1.02494,1.64554,2.34228,Mt NH3
China,regional ammonia,domestic ammonia,regional ammonia,domestic ammonia,16.8292,31.7881,35.8733,37.3064,30.471,Mt NH3
China,regional ammonia,imported ammonia,regional ammonia,imported ammonia,6.80546,0.640521,0,0,0,Mt NH3
Russia,regional ammonia,domestic ammonia,regional ammonia,domestic ammonia,4.23519,1.05894,1.49472,1.57985,2.50451,Mt NH3
Australia_NZ,regional beef,regional beef,regional beef,no-storage-pass-through,0.918832,1.0001,1.32472,1.09932,1.03045,Mt
China,regional beef,regional beef,regional beef,no-storage-pass-through,1.13534,5.75346,6.50424,7.21552,10.7766,Mt
Russia,regional beef,regional beef,regional beef,no-storage-pass-through,5.16186,2.59656,2.6063,2.25707,1.8909,Mt
Australia_NZ,regional biomass,regional biomass,regional biomass,regional biomass,0.0988076,0.158249,0.168806,0.186147,0.178697,EJ
China,regional biomass,regional biomass,regional biomass,regional biomass,5.39E-04,0.289069,0.93116,1.40146,2.93003,EJ
Russia,regional biomass,regional biomass,regional biomass,regional biomass,0.240889,0.232471,0.237346,0.261418,0.380499,EJ
Australia_NZ,regional biomassOil,regional biomassOil,DDGS and feedcakes,OilCrop,0,0,0.0759466,0.168463,0.00138217,Mt
Australia_NZ,regional biomassOil,regional biomassOil,regional biomassOil,OilCrop,0,0,0.00237333,0.00526446,4.32E-05,EJ
China,regional biomassOil,regional biomassOil,DDGS and feedcakes,Soybean,0,0.208851,2.64866,3.36066,6.84477,Mt
China,regional biomassOil,regional biomassOil,regional biomassOil,Soybean,0,0.00189865,0.0240788,0.0305514,0.0622252,EJ
Russia,regional biomassOil,regional biomassOil,DDGS and feedcakes,OilCrop,0,0,0,0,0,Mt
Russia,regional biomassOil,regional biomassOil,regional biomassOil,OilCrop,0,0,0,0,0,EJ
Australia_NZ,regional coal,domestic coal,regional coal,domestic coal,1.51303,2.21631,2.25923,1.93346,1.72699,EJ
Australia_NZ,regional coal,imported coal,regional coal,imported coal,0,0,0,0,0.00259877,EJ
China,regional coal,domestic coal,regional coal,domestic coal,21.0317,51.3561,70.9764,77.6232,86.5088,EJ
China,regional coal,imported coal,regional coal,imported coal,0,0.420281,2.47832,6.41696,5.5381,EJ
Russia,regional coal,domestic coal,regional coal,domestic coal,7.95705,4.6023,4.44917,4.73522,4.45324,EJ
Russia,regional coal,imported coal,regional coal,imported coal,0.217063,0,0,0,0.585526,EJ
Australia_NZ,regional corn,regional corn,Corn,ag-storage,0.153996,0.106216,0.0886527,0.112003,0.0890098,Mt
Australia_NZ,regional corn,regional corn,regional corn,ag-storage,0.371045,0.658511,1.07175,1.23143,0.944175,Mt
China,regional corn,regional corn,Corn,ag-storage,47.2951,13.361,40.8942,169.569,205.181,Mt
China,regional corn,regional corn,regional corn,ag-storage,76.2308,131.73,167.084,204.653,270.124,Mt
Russia,regional corn,regional corn,Corn,ag-storage,0.699145,0.699145,0.699145,0.677763,0.843764,Mt
Russia,regional corn,regional corn,regional corn,ag-storage,14.0775,3.63893,3.93818,8.86831,11.4459,Mt
Australia_NZ,regional corn for ethanol,regional corn for ethanol,DDGS and feedcakes,regional corn for ethanol,0,0.0238579,0.146921,0.159479,0.11176,Mt
Australia_NZ,regional corn for ethanol,regional corn for ethanol,regional corn for ethanol,regional corn for ethanol,0,7.95E-04,4.90E-03,0.00531596,0.00372534,EJ
China,regional corn for ethanol,regional corn for ethanol,DDGS and feedcakes,regional corn for ethanol,0,8.20E-01,1.47928,1.84846,2.34952,Mt
China,regional corn for ethanol,regional corn for ethanol,regional corn for ethanol,regional corn for ethanol,0,0.0273337,0.0493093,0.0616154,0.0783174,EJ
Russia,regional corn for ethanol,regional corn for ethanol,DDGS and feedcakes,regional corn for ethanol,0,0,0,0,0,Mt
Russia,regional corn for ethanol,regional corn for ethanol,regional corn for ethanol,regional corn for ethanol,0,0,0,0,0,EJ
Australia_NZ,regional dairy,regional dairy,regional dairy,no-storage-pass-through,6.51464,9.077,10.9893,11.0923,11.4928,Mt
China,regional dairy,regional dairy,regional dairy,no-storage-pass-through,7.33662,31.9317,39.0063,42.6588,50.6172,Mt
Russia,regional dairy,regional dairy,regional dairy,no-storage-pass-through,55.4665,33.4073,34.0008,32.6602,33.5258,Mt
Australia_NZ,regional fibercrop,regional fibercrop,FiberCrop,ag-storage,0.0740251,0.222337,0.109867,0.36433,0.108828,Mt
Australia_NZ,regional fibercrop,regional fibercrop,regional fibercrop,ag-storage,0.415889,0.607182,0.473671,0.78028,0.666468,Mt
China,regional fibercrop,regional fibercrop,FiberCrop,ag-storage,1.99994,0.500151,2.39E-05,0.479684,0.670864,Mt
China,regional fibercrop,regional fibercrop,regional fibercrop,ag-storage,14.71,23.0178,22.652,19.2787,20.5361,Mt
Russia,regional fibercrop,regional fibercrop,FiberCrop,ag-storage,0.0520956,2.50E-05,2.50E-05,2.49E-05,1.83E-05,Mt
Russia,regional fibercrop,regional fibercrop,regional fibercrop,ag-storage,0.155468,0.443645,0.217279,0.164445,0.110709,Mt
Australia_NZ,regional fruits,regional fruits,regional fruits,no-storage-pass-through,2.58079,4.69045,4.73616,4.41106,4.71327,Mt
China,regional fruits,regional fruits,regional fruits,no-storage-pass-through,19.7272,89.7063,117.402,144.013,176.382,Mt
Russia,regional fruits,regional fruits,regional fruits,no-storage-pass-through,4.92E+00,9.78E+00,1.05E+01,1.03E+01,11.1977,Mt
Australia_NZ,regional industrial_roundwood,domestic industrial_roundwood,regional industrial_roundwood,domestic industrial_roundwood,0.0269814,0.039553,0.037265,0.036525,0.0390912,billion m3
Australia_NZ,regional industrial_roundwood,imported industrial_roundwood,regional industrial_roundwood,imported industrial_roundwood,9.17E-06,4.27E-06,4.02E-06,9.93E-06,1.63E-05,billion m3
China,regional industrial_roundwood,domestic industrial_roundwood,regional industrial_roundwood,domestic industrial_roundwood,0.0906125,0.0931606,0.158582,0.232611,0.279948,billion m3
China,regional industrial_roundwood,imported industrial_roundwood,regional industrial_roundwood,imported industrial_roundwood,0.00551365,0.02892,0.0350948,0.0497934,0.0539043,billion m3
Russia,regional industrial_roundwood,domestic industrial_roundwood,regional industrial_roundwood,domestic industrial_roundwood,0.242038,0.121615,0.139973,0.171828,0.186771,billion m3
Russia,regional industrial_roundwood,imported industrial_roundwood,regional industrial_roundwood,imported industrial_roundwood,5.96E-05,7.37E-04,2.08E-05,4.33E-06,5.31E-06,billion m3
Australia_NZ,regional iron and steel,domestic iron and steel,regional iron and steel,domestic iron and steel,5.30698,7.832,6.25843,4.70284,5.65494,Mt
Australia_NZ,regional iron and steel,imported iron and steel,regional iron and steel,imported iron and steel,0.977698,2.51945,2.53994,3.02694,1.45761,Mt
China,regional iron and steel,domestic iron and steel,regional iron and steel,domestic iron and steel,63.7187,328.608,594.381,690.137,977.401,Mt
China,regional iron and steel,imported iron and steel,regional iron and steel,imported iron and steel,5.79798,25.9785,17.9412,13.2938,20.8203,Mt
Russia,regional iron and steel,domestic iron and steel,regional iron and steel,domestic iron and steel,82.3441,35.293,39.56,40.2675,44.4372,Mt
Russia,regional iron and steel,imported iron and steel,regional iron and steel,imported iron and steel,3.79203,4.21929,4.83758,4.30188,4.74215,Mt
Australia_NZ,regional legumes,regional legumes,Legumes,ag-storage,0.420389,0.468166,0.623401,0.51038,0.88205,Mt
Australia_NZ,regional legumes,regional legumes,regional legumes,ag-storage,0.597995,1.17492,1.18347,0.711119,1.0165,Mt
China,regional legumes,regional legumes,Legumes,ag-storage,2.72831,2.11E+00,1.94E+00,1.02E+00,1.57655,Mt
China,regional legumes,regional legumes,regional legumes,ag-storage,4.12E+00,4.19E+00,3.98361,4.78937,7.18483,Mt
Russia,regional legumes,regional legumes,Legumes,ag-storage,0.342516,0.342516,0.361145,0.318139,1.00559,Mt
Russia,regional legumes,regional legumes,regional legumes,ag-storage,3.61038,1.64836,1.4476,1.66265,2.42002,Mt
Australia_NZ,regional misccrop,regional misccrop,MiscCrop,ag-storage,0.0990453,0.0957478,0.0967065,0.0388093,0.0469002,Mt
Australia_NZ,regional misccrop,regional misccrop,regional misccrop,ag-storage,0.188582,0.294184,0.221371,0.270452,0.283944,Mt
China,regional misccrop,regional misccrop,MiscCrop,ag-storage,0.8323,0.823088,0.791096,0.473102,0.500309,Mt
China,regional misccrop,regional misccrop,regional misccrop,ag-storage,4.32568,8.63902,11.1016,14.1777,17.7649,Mt
Russia,regional misccrop,regional misccrop,MiscCrop,ag-storage,0.0880058,0.0861899,0.0861882,0.145481,0.261261,Mt
Russia,regional misccrop,regional misccrop,regional misccrop,ag-storage,0.616495,1.02234,0.730396,0.571439,0.464762,Mt
Australia_NZ,regional natural gas,domestic natural gas,"domestic natural gas,depth=1",domestic natural gas,0.789729,1.03586,1.27777,1.43566,1.51387,EJ
Australia_NZ,regional natural gas,imported natural gas,"imported LNG,depth=1",imported LNG,0,0,0,0,0.0125191,EJ
Australia_NZ,regional natural gas,imported natural gas,"imported pipeline gas,depth=1",imported PAC pipeline gas,0,0,0,0,2.00E-07,EJ
China,regional natural gas,domestic natural gas,"domestic natural gas,depth=1",domestic natural gas,0.475395,1.4977,3.39946,4.66257,7.11221,EJ
China,regional natural gas,imported natural gas,"imported LNG,depth=1",imported LNG,0,0,0.60216,0.914015,3.32414,EJ
China,regional natural gas,imported natural gas,"imported pipeline gas,depth=1",imported PAC pipeline gas,0,0,0.00742788,0.00694213,0.162597,EJ
China,regional natural gas,imported natural gas,"imported pipeline gas,depth=1",imported RUS pipeline gas,0,0,0.301713,0.884735,1.16909,EJ
Russia,regional natural gas,domestic natural gas,"domestic natural gas,depth=1",domestic natural gas,16.2215,14.6369,16.0225,15.3231,18.3666,EJ
Russia,regional natural gas,imported natural gas,"imported LNG,depth=1",imported LNG,0,0,0,0,0.0078682,EJ
Russia,regional natural gas,imported natural gas,"imported pipeline gas,depth=1",imported RUS pipeline gas,0,0,0,0,0.0561768,EJ
Australia_NZ,regional nuts_seeds,regional nuts_seeds,NutsSeeds,ag-storage,0.142366,0.142366,0.140263,0.082066,0.0713038,Mt
Australia_NZ,regional nuts_seeds,regional nuts_seeds,regional nuts_seeds,ag-storage,0.098003,0.183664,0.222887,0.259197,0.350558,Mt
China,regional nuts_seeds,regional nuts_seeds,NutsSeeds,ag-storage,0.881362,1.69569,3.01414,4.09877,5.29957,Mt
China,regional nuts_seeds,regional nuts_seeds,regional nuts_seeds,ag-storage,5.61504,14.1397,17.4867,18.7276,22.5321,Mt
Russia,regional nuts_seeds,regional nuts_seeds,NutsSeeds,ag-storage,0.0127634,0.0167634,0.0157757,0.0108415,0.0151657,Mt
Russia,regional nuts_seeds,regional nuts_seeds,regional nuts_seeds,ag-storage,0.0456741,0.235222,0.274229,0.213919,0.321185,Mt
Australia_NZ,regional oil,domestic crude oil,regional oil,domestic crude oil,1.3065,1.12733,1.22424,0.864969,0.0435815,EJ
Australia_NZ,regional oil,imported crude oil,regional oil,imported crude oil,0.283634,1.01539,1.10287,1.67463,2.27786,EJ
China,regional oil,domestic crude oil,regional oil,domestic crude oil,5.2058,7.64817,8.79749,9.17762,8.70339,EJ
China,regional oil,imported crude oil,regional oil,imported crude oil,0,6.8232,11.0316,15.8972,22.1144,EJ
Russia,regional oil,domestic crude oil,regional oil,domestic crude oil,11.4716,6.62856,7.09362,7.03598,7.49654,EJ
Russia,regional oil,imported crude oil,regional oil,imported crude oil,0,0,0,0,0.00605401,EJ
Australia_NZ,regional oilcrop,regional oilcrop,OilCrop,ag-storage,1.77882,1.08105,0.931901,0.52594,0.471232,Mt
Australia_NZ,regional oilcrop,regional oilcrop,regional oilcrop,ag-storage,0.316897,1.39763,1.14848,1.40336,1.65519,Mt
China,regional oilcrop,regional oilcrop,OilCrop,ag-storage,6.17383,6.68603,7.03502,7.50815,4.56659,Mt
China,regional oilcrop,regional oilcrop,regional oilcrop,ag-storage,10.3762,18.9339,24.9857,29.8817,35.5856,Mt
Russia,regional oilcrop,regional oilcrop,OilCrop,ag-storage,2.35795,1.96819,2.65982,2.82826,1.73708,Mt
Russia,regional oilcrop,regional oilcrop,regional oilcrop,ag-storage,4.34282,5.29928,5.985,7.0499,10.3684,Mt
Australia_NZ,regional oilpalm,regional oilpalm,OilPalm,ag-storage,0.0937227,0.0907227,0.0894926,0.0764635,0.104908,Mt
Australia_NZ,regional oilpalm,regional oilpalm,regional oilpalm,ag-storage,0.206329,0.494495,4.10999,7.31692,8.00869,Mt
China,regional oilpalm,regional oilpalm,OilPalm,ag-storage,0.460454,0.448001,0.656795,4.11028,10.5498,Mt
China,regional oilpalm,regional oilpalm,regional oilpalm,ag-storage,4.35762,16.4879,20.2993,20.1714,25.3856,Mt
Russia,regional oilpalm,regional oilpalm,OilPalm,ag-storage,0.0855734,0.0777957,0.0777957,0.231677,0.408972,Mt
Russia,regional oilpalm,regional oilpalm,regional oilpalm,ag-storage,0.374818,0.932573,1.54997,2.4363,2.90012,Mt
Australia_NZ,regional othergrain,regional othergrain,OtherGrain,ag-storage,1.48E+01,1.13E+01,2.04E+00,1.53E+00,3.17358,Mt
Australia_NZ,regional othergrain,regional othergrain,regional othergrain,ag-storage,3.83E+00,9.03E+00,7.78608,8.02E+00,6.3998,Mt
China,regional othergrain,regional othergrain,OtherGrain,ag-storage,8.22019,7.89737,7.39647,4.60855,17.0626,Mt
China,regional othergrain,regional othergrain,regional othergrain,ag-storage,16.855,11.3712,9.23097,18.6724,22.3268,Mt
Russia,regional othergrain,regional othergrain,OtherGrain,ag-storage,2.33209,4.03637,7.11837,2.2103,1.76119,Mt
Russia,regional othergrain,regional othergrain,regional othergrain,ag-storage,51.929,26.1964,23.1337,24.5731,24.1791,Mt
Australia_NZ,regional pork,regional pork,regional pork,no-storage-pass-through,0.353391,0.52919,0.548033,0.60843,0.684211,Mt
China,regional pork,regional pork,regional pork,no-storage-pass-through,22.7206,45.1216,5.11E+01,5.70E+01,54.464,Mt
Russia,regional pork,regional pork,regional pork,no-storage-pass-through,3.92825,2.28161,3.11,3.58821,4.29971,Mt
Australia_NZ,regional poultry,regional poultry,regional poultry,no-storage-pass-through,0.70125,1.11042,1.32339,1.62649,1.81807,Mt
China,regional poultry,regional poultry,regional poultry,no-storage-pass-through,11.7096,37.7198,45.1119,49.2589,59.2394,Mt
Russia,regional poultry,regional poultry,regional poultry,no-storage-pass-through,5.06713,4.71069,5.62491,6.79311,7.40802,Mt
Australia_NZ,regional rice,regional rice,Rice,ag-storage,0.42425,0.669611,0.403387,0.327434,0.126298,Mt
Australia_NZ,regional rice,regional rice,regional rice,ag-storage,0.299742,0.497481,0.57829,0.522219,0.569109,Mt
China,regional rice,regional rice,Rice,ag-storage,57.2437,60.9095,57.1622,102.652,157.107,Mt
China,regional rice,regional rice,regional rice,ag-storage,167.822,180.52,192.793,196.994,213.059,Mt
Russia,regional rice,regional rice,Rice,ag-storage,0.14115,0.13972,0.141725,0.172573,0.227414,Mt
Russia,regional rice,regional rice,regional rice,ag-storage,1.24942,1.19155,1.14146,1.28978,1.23776,Mt
Australia_NZ,regional root_tuber,regional root_tuber,RootTuber,ag-storage,0.349483,0.489157,0.424858,0.450501,0.468868,Mt
Australia_NZ,regional root_tuber,regional root_tuber,regional root_tuber,ag-storage,1.44815,1.85537,1.96918,1.89056,1.9558,Mt
China,regional root_tuber,regional root_tuber,RootTuber,ag-storage,36.4688,37.2661,35.9122,33.4878,42.829,Mt
China,regional root_tuber,regional root_tuber,regional root_tuber,ag-storage,138.935,183.779,166.687,184.304,176.287,Mt
Russia,regional root_tuber,regional root_tuber,RootTuber,ag-storage,2.10E+01,18.6211,21.4108,20.0439,14.4387,Mt
Russia,regional root_tuber,regional root_tuber,regional root_tuber,ag-storage,35.883,27.5543,29.7605,28.2362,20.3853,Mt
Australia_NZ,regional sawnwood,domestic sawnwood,regional sawnwood,domestic sawnwood,0.00586742,0.00966536,0.0089637,0.00979211,0.00970002,billion m3
Australia_NZ,regional sawnwood,imported sawnwood,regional sawnwood,imported sawnwood,0.00161805,0.00116018,0.00124436,0.00153669,0.00189265,billion m3
China,regional sawnwood,domestic sawnwood,regional sawnwood,domestic sawnwood,0.0247529,0.0775366,0.144986,0.214969,0.221976,billion m3
China,regional sawnwood,imported sawnwood,regional sawnwood,imported sawnwood,0.00265174,0.0100534,0.0178146,0.0309549,0.0354508,billion m3
Russia,regional sawnwood,domestic sawnwood,regional sawnwood,domestic sawnwood,0.0849535,0.0155495,0.0197369,0.0211872,0.0244307,billion m3
Russia,regional sawnwood,imported sawnwood,regional sawnwood,imported sawnwood,7.22E-05,0.00124116,0.00121414,0.00168098,0.00131491,billion m3
Australia_NZ,regional sheepgoat,regional sheepgoat,regional sheepgoat,no-storage-pass-through,0.611259,0.468458,0.494026,0.41065,0.361412,Mt
China,regional sheepgoat,regional sheepgoat,regional sheepgoat,no-storage-pass-through,1.07058,3.51735,4.05317,4.8283,5.47704,Mt
Russia,regional sheepgoat,regional sheepgoat,regional sheepgoat,no-storage-pass-through,0.419338,1.60E-01,2.01E-01,2.16E-01,0.214098,Mt
Australia_NZ,regional soybean,regional soybean,Soybean,ag-storage,0.0597979,0.0680773,0.0895539,0.145804,0.10443,Mt
Australia_NZ,regional soybean,regional soybean,regional soybean,ag-storage,0.220538,0.482698,0.763067,1.01281,1.38113,Mt
China,regional soybean,regional soybean,Soybean,ag-storage,6.22879,6.43479,13.1582,17.1592,20.355,Mt
China,regional soybean,regional soybean,regional soybean,ag-storage,7.71172,41.9974,61.7052,86.1853,103.23,Mt
Russia,regional soybean,regional soybean,Soybean,ag-storage,0.292987,0.36952,0.35465,0.305644,0.384389,Mt
Russia,regional soybean,regional soybean,regional soybean,ag-storage,4.20786,1.37664,2.45626,3.7891,4.18035,Mt
Australia_NZ,regional sugarcrop,regional sugarcrop,SugarCrop,ag-storage,0.63222,1.78922,1.97706,7.11039,6.36416,Mt
Australia_NZ,regional sugarcrop,regional sugarcrop,regional sugarcrop,ag-storage,21.7361,34.4628,19.7293,14.5368,20.3763,Mt
China,regional sugarcrop,regional sugarcrop,SugarCrop,ag-storage,58.7726,61.1869,59.9626,103.209,80.7242,Mt
China,regional sugarcrop,regional sugarcrop,regional sugarcrop,ag-storage,73.5701,99.1852,127.386,122.827,141.334,Mt
Russia,regional sugarcrop,regional sugarcrop,SugarCrop,ag-storage,44.171,5.10E+01,4.50E+01,3.72E+01,46.3374,Mt
Russia,regional sugarcrop,regional sugarcrop,regional sugarcrop,ag-storage,33.5164,28.7131,46.8205,45.8743,37.9299,Mt
Australia_NZ,regional vegetables,regional vegetables,regional vegetables,no-storage-pass-through,1.92547,2.73068,2.95497,2.92879,2.91781,Mt
China,regional vegetables,regional vegetables,regional vegetables,no-storage-pass-through,127.518,426.928,514.383,578.993,626.681,Mt
Russia,regional vegetables,regional vegetables,regional vegetables,no-storage-pass-through,13.348,14.8646,18.1337,19.4551,16.8606,Mt
Australia_NZ,regional wheat,regional wheat,Wheat,ag-storage,54.8985,27.8899,3.09006,5.0691,3.7546,Mt
Australia_NZ,regional wheat,regional wheat,regional wheat,ag-storage,4.17333,11.5593,6.50594,7.60806,7.29338,Mt
China,regional wheat,regional wheat,Wheat,ag-storage,77.2361,31.0668,46.4507,74.8536,141.47,Mt
China,regional wheat,regional wheat,regional wheat,ag-storage,9.84E+01,103.559,111.718,115.837,146.214,Mt
Russia,regional wheat,regional wheat,Wheat,ag-storage,0.675402,0.704565,1.36562,5.86368,4.61077,Mt
Russia,regional wheat,regional wheat,regional wheat,ag-storage,5.23E+01,39.3902,35.5497,39.3769,46.038,Mt
Australia_NZ,regional woodpulp,domestic woodpulp,regional woodpulp,domestic woodpulp,0.00170089,0.00184178,0.00205426,0.00198388,0.00176109,billion tons
Australia_NZ,regional woodpulp,imported woodpulp,regional woodpulp,imported woodpulp,2.52E-04,3.66E-04,2.74E-04,3.37E-04,3.96E-04,billion tons
China,regional woodpulp,domestic woodpulp,regional woodpulp,domestic woodpulp,0.00168251,0.0042123,0.00733711,0.0104815,0.0190445,billion tons
China,regional woodpulp,imported woodpulp,regional woodpulp,imported woodpulp,5.32E-04,0.00745905,0.0134074,0.0196886,0.0274579,billion tons
Russia,regional woodpulp,domestic woodpulp,regional woodpulp,domestic woodpulp,0.00912028,0.00509837,0.00551871,0.00580261,0.00655579,billion tons
Russia,regional woodpulp,imported woodpulp,regional woodpulp,imported woodpulp,1.00E-04,3.43E-05,6.74E-05,1.51E-04,2.14E-04,billion tons
Australia_NZ,regional woodpulp for energy,regional woodpulp for energy,regional woodpulp for energy,regional woodpulp for energy,0.0231732,0.0419936,0.0217387,0.0207522,0.0192989,EJ
China,regional woodpulp for energy,regional woodpulp for energy,regional woodpulp for energy,regional woodpulp for energy,0.214879,0.274925,0.335781,0.267166,0.283058,EJ
Russia,regional woodpulp for energy,regional woodpulp for energy,regional woodpulp for energy,regional woodpulp for energy,1.33E-04,0.00989963,0.0121074,0.0131485,0.0347527,EJ
Australia_NZ,resid cooling modern_d1,electricity,resid cooling modern_d1,electricity,7.65E-04,0.00141318,0.0016126,0.00155259,0.00183293,EJ
China,resid cooling modern_d1,electricity,resid cooling modern_d1,electricity,2.00E-04,0.00206996,0.00360025,0.00711381,0.0120489,EJ
Russia,resid cooling modern_d1,electricity,resid cooling modern_d1,electricity,1.05E-04,4.89E-05,8.86E-05,1.12E-04,1.30E-04,EJ
Australia_NZ,resid cooling modern_d10,electricity,resid cooling modern_d10,electricity,0.00724085,0.00979533,0.0111347,0.0109144,0.0130232,EJ
China,resid cooling modern_d10,electricity,resid cooling modern_d10,electricity,0.00434277,0.0524795,0.100957,0.136144,0.225932,EJ
Russia,resid cooling modern_d10,electricity,resid cooling modern_d10,electricity,0.00101055,0.00180989,1.71E-03,0.00210634,0.00269525,EJ
Australia_NZ,resid cooling modern_d2,electricity,resid cooling modern_d2,electricity,0.00137261,0.00237133,0.00273129,0.00258665,0.00303233,EJ
China,resid cooling modern_d2,electricity,resid cooling modern_d2,electricity,3.49E-04,0.00368492,0.0063204,0.0123174,0.0216118,EJ
Russia,resid cooling modern_d2,electricity,resid cooling modern_d2,electricity,1.81E-04,1.02E-04,1.97E-04,2.18E-04,2.64E-04,EJ
Australia_NZ,resid cooling modern_d3,electricity,resid cooling modern_d3,electricity,0.00178652,0.00296565,0.00331674,0.00322011,0.00381769,EJ
China,resid cooling modern_d3,electricity,resid cooling modern_d3,electricity,4.62E-04,0.00507845,0.00882119,0.0168341,0.0290993,EJ
Russia,resid cooling modern_d3,electricity,resid cooling modern_d3,electricity,2.29E-04,1.46E-04,2.70E-04,3.02E-04,3.69E-04,EJ
Australia_NZ,resid cooling modern_d4,electricity,resid cooling modern_d4,electricity,0.00216701,0.00350238,0.00384903,0.00381388,0.00455183,EJ
China,resid cooling modern_d4,electricity,resid cooling modern_d4,electricity,5.66E-04,0.00653707,0.0115727,0.0214607,0.0365967,EJ
Russia,resid cooling modern_d4,electricity,resid cooling modern_d4,electricity,2.72E-04,1.93E-04,3.37E-04,3.83E-04,4.73E-04,EJ
Australia_NZ,resid cooling modern_d5,electricity,resid cooling modern_d5,electricity,0.00254518,0.00403998,0.00443863,0.00439398,0.00526632,EJ
China,resid cooling modern_d5,electricity,resid cooling modern_d5,electricity,6.75E-04,0.00816503,0.0147874,0.0264961,0.0447146,EJ
Russia,resid cooling modern_d5,electricity,resid cooling modern_d5,electricity,3.15E-04,2.47E-04,4.10E-04,4.72E-04,5.87E-04,EJ
Australia_NZ,resid cooling modern_d6,electricity,resid cooling modern_d6,electricity,0.00296053,0.00460948,0.00512182,0.00501163,0.00602801,EJ
China,resid cooling modern_d6,electricity,resid cooling modern_d6,electricity,7.97E-04,0.0101224,0.0186941,0.0323266,0.054124,EJ
Russia,resid cooling modern_d6,electricity,resid cooling modern_d6,electricity,3.62E-04,3.15E-04,4.88E-04,5.78E-04,7.21E-04,EJ
Australia_NZ,resid cooling modern_d7,electricity,resid cooling modern_d7,electricity,0.00345244,0.00525849,0.0059158,0.00572234,0.00690169,EJ
China,resid cooling modern_d7,electricity,resid cooling modern_d7,electricity,9.50E-04,0.0126766,0.0237533,0.0396251,0.0660263,EJ
Russia,resid cooling modern_d7,electricity,resid cooling modern_d7,electricity,4.19E-04,4.12E-04,5.85E-04,7.10E-04,8.88E-04,EJ
Australia_NZ,resid cooling modern_d8,electricity,resid cooling modern_d8,electricity,0.00408008,0.00606852,0.00689708,0.00660629,0.00794209,EJ
China,resid cooling modern_d8,electricity,resid cooling modern_d8,electricity,0.0011683,0.0162904,0.0306532,0.049595,0.0825281,EJ
Russia,resid cooling modern_d8,electricity,resid cooling modern_d8,electricity,4.93E-04,5.50E-04,7.16E-04,8.80E-04,0.00111095,EJ
Australia_NZ,resid cooling modern_d9,electricity,resid cooling modern_d9,electricity,0.00495068,0.00711846,0.00818336,0.00778855,0.00943187,EJ
China,resid cooling modern_d9,electricity,resid cooling modern_d9,electricity,0.00160862,0.0225958,0.0424941,0.0662765,0.110659,EJ
Russia,resid cooling modern_d9,electricity,resid cooling modern_d9,electricity,6.11E-04,7.73E-04,9.27E-04,0.00117629,0.00147442,EJ
Australia_NZ,resid heating TradBio_d1,traditional biomass,resid heating TradBio_d1,traditional biomass,0.00134089,0.00114004,0.0010465,9.43E-04,8.80E-04,EJ
China,resid heating TradBio_d1,traditional biomass,resid heating TradBio_d1,traditional biomass,0.0981031,0.0977841,0.0726335,0.0540026,0.0510296,EJ
Russia,resid heating TradBio_d1,traditional biomass,resid heating TradBio_d1,traditional biomass,0.00330682,7.01E-04,6.03E-04,6.63E-04,6.69E-04,EJ
Australia_NZ,resid heating TradBio_d10,traditional biomass,resid heating TradBio_d10,traditional biomass,4.12E-04,3.41E-04,3.21E-04,2.87E-04,2.74E-04,EJ
China,resid heating TradBio_d10,traditional biomass,resid heating TradBio_d10,traditional biomass,0.0371063,0.0261984,0.0173259,0.013977,0.0132958,EJ
Russia,resid heating TradBio_d10,traditional biomass,resid heating TradBio_d10,traditional biomass,0.00156548,2.07E-04,2.26E-04,2.48E-04,2.39E-04,EJ
Australia_NZ,resid heating TradBio_d2,traditional biomass,resid heating TradBio_d2,traditional biomass,0.00104596,8.88E-04,8.19E-04,7.50E-04,7.12E-04,EJ
China,resid heating TradBio_d2,traditional biomass,resid heating TradBio_d2,traditional biomass,0.0831763,0.0783105,0.0579589,0.0426565,0.0398554,EJ
Russia,resid heating TradBio_d2,traditional biomass,resid heating TradBio_d2,traditional biomass,0.00283007,5.73E-04,4.83E-04,5.51E-04,5.49E-04,EJ
Australia_NZ,resid heating TradBio_d3,traditional biomass,resid heating TradBio_d3,traditional biomass,9.28E-04,7.91E-04,7.43E-04,6.75E-04,6.40E-04,EJ
China,resid heating TradBio_d3,traditional biomass,resid heating TradBio_d3,traditional biomass,0.0764797,0.0691258,0.0506149,0.0372251,0.0350472,EJ
Russia,resid heating TradBio_d3,traditional biomass,resid heating TradBio_d3,traditional biomass,0.00263276,5.15E-04,4.39E-04,5.00E-04,4.95E-04,EJ
Australia_NZ,resid heating TradBio_d4,traditional biomass,resid heating TradBio_d4,traditional biomass,8.47E-04,7.23E-04,6.87E-04,6.18E-04,5.86E-04,EJ
China,resid heating TradBio_d4,traditional biomass,resid heating TradBio_d4,traditional biomass,0.0719298,0.0626017,0.0452673,0.0334433,0.0316938,EJ
Russia,resid heating TradBio_d4,traditional biomass,resid heating TradBio_d4,traditional biomass,0.00249345,4.73E-04,4.09E-04,4.63E-04,4.57E-04,EJ
Australia_NZ,resid heating TradBio_d5,traditional biomass,resid heating TradBio_d5,traditional biomass,7.82E-04,6.67E-04,6.36E-04,5.73E-04,5.43E-04,EJ
China,resid heating TradBio_d5,traditional biomass,resid heating TradBio_d5,traditional biomass,0.0681824,0.0573201,0.0408767,0.030442,0.0289922,EJ
Russia,resid heating TradBio_d5,traditional biomass,resid heating TradBio_d5,traditional biomass,0.0023776,4.37E-04,3.83E-04,4.33E-04,4.26E-04,EJ
Australia_NZ,resid heating TradBio_d6,traditional biomass,resid heating TradBio_d6,traditional biomass,7.24E-04,6.16E-04,5.85E-04,5.32E-04,5.04E-04,EJ
China,resid heating TradBio_d6,traditional biomass,resid heating TradBio_d6,traditional biomass,0.0647851,0.0525953,0.0370317,0.0278298,0.0266012,EJ
Russia,resid heating TradBio_d6,traditional biomass,resid heating TradBio_d6,traditional biomass,0.00226987,4.02E-04,3.61E-04,4.04E-04,3.97E-04,EJ
Australia_NZ,resid heating TradBio_d7,traditional biomass,resid heating TradBio_d7,traditional biomass,6.67E-04,5.67E-04,5.36E-04,4.91E-04,4.65E-04,EJ
China,resid heating TradBio_d7,traditional biomass,resid heating TradBio_d7,traditional biomass,0.061348,0.0480172,0.033431,0.0253601,0.0242902,EJ
Russia,resid heating TradBio_d7,traditional biomass,resid heating TradBio_d7,traditional biomass,0.00216124,3.67E-04,3.39E-04,3.76E-04,3.69E-04,EJ
Australia_NZ,resid heating TradBio_d8,traditional biomass,resid heating TradBio_d8,traditional biomass,6.07E-04,5.16E-04,4.85E-04,4.47E-04,4.25E-04,EJ
China,resid heating TradBio_d8,traditional biomass,resid heating TradBio_d8,traditional biomass,0.0574904,0.0433239,0.0299307,0.0228578,0.0218966,EJ
Russia,resid heating TradBio_d8,traditional biomass,resid heating TradBio_d8,traditional biomass,0.00204219,3.31E-04,3.16E-04,3.48E-04,3.40E-04,EJ
Australia_NZ,resid heating TradBio_d9,traditional biomass,resid heating TradBio_d9,traditional biomass,5.40E-04,4.59E-04,4.28E-04,3.97E-04,3.76E-04,EJ
China,resid heating TradBio_d9,traditional biomass,resid heating TradBio_d9,traditional biomass,0.0518931,0.0377948,0.0259036,0.0199365,0.0190438,EJ
Russia,resid heating TradBio_d9,traditional biomass,resid heating TradBio_d9,traditional biomass,0.00189182,2.92E-04,2.87E-04,3.12E-04,3.05E-04,EJ
China,resid heating coal_d1,coal,resid heating coal_d1,coal,0.14542,0.118652,0.118028,0.122208,0.0771899,EJ
China,resid heating coal_d10,coal,resid heating coal_d10,coal,0.0181247,0.00923425,0.00771402,0.00982322,0.00627183,EJ
China,resid heating coal_d2,coal,resid heating coal_d2,coal,0.100921,0.0763564,0.075955,0.0779926,0.0481173,EJ
China,resid heating coal_d3,coal,resid heating coal_d3,coal,0.0839101,0.0596872,0.0583909,0.0602686,0.0377023,EJ
China,resid heating coal_d4,coal,resid heating coal_d4,coal,0.073373,0.0491196,0.0470637,0.04925,0.0311829,EJ
China,resid heating coal_d5,coal,resid heating coal_d5,coal,0.0653037,0.0413354,0.0386822,0.0412801,0.0263751,EJ
China,resid heating coal_d6,coal,resid heating coal_d6,coal,0.0584557,0.0349534,0.0320199,0.0349025,0.0224502,EJ
China,resid heating coal_d7,coal,resid heating coal_d7,coal,0.0519719,0.0292904,0.0263525,0.0293521,0.0189512,EJ
China,resid heating coal_d8,coal,resid heating coal_d8,coal,0.0452167,0.0240137,0.0213711,0.0242044,0.0156322,EJ
China,resid heating coal_d9,coal,resid heating coal_d9,coal,0.03637,0.0184788,0.0162812,0.0188025,0.0120821,EJ
Australia_NZ,resid heating modern_d1,electricity,resid heating modern_d1,electricity,3.10E-04,5.41E-04,5.76E-04,5.48E-04,6.23E-04,EJ
Australia_NZ,resid heating modern_d1,gas,resid heating modern_d1,gas,0.00127693,0.00239555,0.00260255,0.002983,0.0030288,EJ
Australia_NZ,resid heating modern_d1,gas,resid heating modern_d1,hydrogen,0,0,0,0,0,EJ
Australia_NZ,resid heating modern_d1,refined liquids,resid heating modern_d1,refined liquids,1.70E-04,2.01E-04,2.36E-04,2.42E-04,2.45E-04,EJ
China,resid heating modern_d1,district heat,resid heating modern_d1,district heat,9.72E-04,0.00496818,0.0061946,0.0114123,0.0200352,EJ
China,resid heating modern_d1,electricity,resid heating modern_d1,electricity,4.11E-06,4.07E-05,6.97E-05,1.36E-04,2.26E-04,EJ
China,resid heating modern_d1,gas,resid heating modern_d1,gas,4.48E-04,0.00270942,0.00604495,0.0111221,0.0177411,EJ
China,resid heating modern_d1,gas,resid heating modern_d1,hydrogen,0,0,0,0,0,EJ
China,resid heating modern_d1,refined liquids,resid heating modern_d1,refined liquids,2.44E-04,0.00132079,0.00158852,0.00335744,0.0035822,EJ
Russia,resid heating modern_d1,district heat,resid heating modern_d1,district heat,0,0.0600972,0.0717407,0.0711117,0.0699129,EJ
Russia,resid heating modern_d1,electricity,resid heating modern_d1,electricity,0.00109555,8.39E-04,0.0011643,0.00143975,0.00174164,EJ
Russia,resid heating modern_d1,gas,resid heating modern_d1,gas,0.0504817,0.030961,0.0385556,0.0434967,0.0679459,EJ
Russia,resid heating modern_d1,gas,resid heating modern_d1,hydrogen,0,0,0,0,0,EJ
Australia_NZ,resid heating modern_d10,electricity,resid heating modern_d10,electricity,0.00188707,0.00232411,0.00267589,0.00251743,0.00295299,EJ
Australia_NZ,resid heating modern_d10,gas,resid heating modern_d10,gas,0.00777266,0.0102991,0.0120851,0.0136917,0.0143518,EJ
Australia_NZ,resid heating modern_d10,gas,resid heating modern_d10,hydrogen,0,0,0,0,0,EJ
Australia_NZ,resid heating modern_d10,refined liquids,resid heating modern_d10,refined liquids,0.00103744,8.63E-04,0.00109658,0.00110919,0.00116049,EJ
China,resid heating modern_d10,district heat,resid heating modern_d10,district heat,0.0206314,0.116774,0.158155,0.194086,0.324184,EJ
China,resid heating modern_d10,electricity,resid heating modern_d10,electricity,8.72E-05,9.56E-04,0.00177868,0.00230794,0.00366244,EJ
China,resid heating modern_d10,gas,resid heating modern_d10,gas,0.009507,0.0636832,0.154334,0.18915,0.287064,EJ
China,resid heating modern_d10,gas,resid heating modern_d10,hydrogen,0,0,0,0,0,EJ
China,resid heating modern_d10,refined liquids,resid heating modern_d10,refined liquids,0.0051683,0.0310443,0.0405566,0.0570989,0.0579626,EJ
Russia,resid heating modern_d10,district heat,resid heating modern_d10,district heat,0,0.167098,0.159738,0.151811,0.150761,EJ
Russia,resid heating modern_d10,electricity,resid heating modern_d10,electricity,0.0018919,0.00233381,0.00259242,0.00307361,0.00375568,EJ
Russia,resid heating modern_d10,gas,resid heating modern_d10,gas,0.0871766,0.086086,0.0858478,0.0928579,0.146519,EJ
Russia,resid heating modern_d10,gas,resid heating modern_d10,hydrogen,0,0,0,0,0,EJ
Australia_NZ,resid heating modern_d2,electricity,resid heating modern_d2,electricity,5.32E-04,8.58E-04,9.32E-04,8.72E-04,9.87E-04,EJ
Australia_NZ,resid heating modern_d2,gas,resid heating modern_d2,gas,0.00219019,0.00380351,0.00421018,0.00474158,0.00479809,EJ
Australia_NZ,resid heating modern_d2,gas,resid heating modern_d2,hydrogen,0,0,0,0,0,EJ
Australia_NZ,resid heating modern_d2,refined liquids,resid heating modern_d2,refined liquids,2.92E-04,3.19E-04,3.82E-04,3.84E-04,3.88E-04,EJ
China,resid heating modern_d2,district heat,resid heating modern_d2,district heat,0.00169697,0.00881517,0.0108369,0.019644,0.0356478,EJ
China,resid heating modern_d2,electricity,resid heating modern_d2,electricity,7.18E-06,7.21E-05,1.22E-04,2.34E-04,4.03E-04,EJ
China,resid heating modern_d2,gas,resid heating modern_d2,gas,7.82E-04,0.00480739,0.0105751,0.0191444,0.031566,EJ
China,resid heating modern_d2,gas,resid heating modern_d2,hydrogen,0,0,0,0,0,EJ
China,resid heating modern_d2,refined liquids,resid heating modern_d2,refined liquids,4.25E-04,0.00234351,0.00277898,0.00577915,0.00637365,EJ
Russia,resid heating modern_d2,district heat,resid heating modern_d2,district heat,0,0.0864241,0.0995505,0.0923704,0.0916285,EJ
Russia,resid heating modern_d2,electricity,resid heating modern_d2,electricity,0.00130625,0.00120706,0.00161563,0.00187016,0.00228261,EJ
Russia,resid heating modern_d2,gas,resid heating modern_d2,gas,0.0601905,0.0445241,0.0535014,0.0564999,0.0890504,EJ
Russia,resid heating modern_d2,gas,resid heating modern_d2,hydrogen,0,0,0,0,0,EJ
Australia_NZ,resid heating modern_d3,electricity,resid heating modern_d3,electricity,6.72E-04,0.00103786,0.00110556,0.00105505,0.0012088,EJ
Australia_NZ,resid heating modern_d3,gas,resid heating modern_d3,gas,0.00276864,0.0045992,0.00499302,0.00573819,0.0058749,EJ
Australia_NZ,resid heating modern_d3,gas,resid heating modern_d3,hydrogen,0,0,0,0,0,EJ
Australia_NZ,resid heating modern_d3,refined liquids,resid heating modern_d3,refined liquids,3.70E-04,3.85E-04,4.53E-04,4.65E-04,4.75E-04,EJ
China,resid heating modern_d3,district heat,resid heating modern_d3,district heat,0.0022457,0.0121167,0.0150793,0.0267175,0.0477126,EJ
China,resid heating modern_d3,electricity,resid heating modern_d3,electricity,9.50E-06,9.92E-05,1.70E-04,3.18E-04,5.39E-04,EJ
China,resid heating modern_d3,gas,resid heating modern_d3,gas,0.00103482,0.0066079,0.014715,0.0260381,0.0422493,EJ
China,resid heating modern_d3,gas,resid heating modern_d3,hydrogen,0,0,0,0,0,EJ
China,resid heating modern_d3,refined liquids,resid heating modern_d3,refined liquids,5.63E-04,0.00322122,0.00386688,0.00786014,0.00853078,EJ
Russia,resid heating modern_d3,district heat,resid heating modern_d3,district heat,0,0.098201,0.108952,0.101559,0.1006,EJ
Russia,resid heating modern_d3,electricity,resid heating modern_d3,electricity,0.00138882,0.00137155,0.00176821,0.0020562,0.00250611,EJ
Russia,resid heating modern_d3,gas,resid heating modern_d3,gas,0.0639953,0.0505914,0.0585543,0.0621204,0.09777,EJ
Russia,resid heating modern_d3,gas,resid heating modern_d3,hydrogen,0,0,0,0,0,EJ
Australia_NZ,resid heating modern_d4,electricity,resid heating modern_d4,electricity,7.94E-04,0.00118914,0.00125573,0.00121703,0.00140438,EJ
Australia_NZ,resid heating modern_d4,gas,resid heating modern_d4,gas,0.00327093,0.00526959,0.00567122,0.00661913,0.00682543,EJ
Australia_NZ,resid heating modern_d4,gas,resid heating modern_d4,hydrogen,0,0,0,0,0,EJ
Australia_NZ,resid heating modern_d4,refined liquids,resid heating modern_d4,refined liquids,4.37E-04,4.42E-04,5.15E-04,5.36E-04,5.52E-04,EJ
China,resid heating modern_d4,district heat,resid heating modern_d4,district heat,0.00275005,0.0155556,0.0197203,0.033898,0.0596597,EJ
China,resid heating modern_d4,electricity,resid heating modern_d4,electricity,1.16E-05,1.27E-04,2.22E-04,4.03E-04,6.74E-04,EJ
China,resid heating modern_d4,gas,resid heating modern_d4,gas,0.00126723,0.00848331,0.0192439,0.033036,0.0528283,EJ
China,resid heating modern_d4,gas,resid heating modern_d4,hydrogen,0,0,0,0,0,EJ
China,resid heating modern_d4,refined liquids,resid heating modern_d4,refined liquids,6.89E-04,0.00413544,0.00505699,0.0099726,0.0106669,EJ
Russia,resid heating modern_d4,district heat,resid heating modern_d4,district heat,0,0.106372,0.115217,0.107807,0.106805,EJ
Russia,resid heating modern_d4,electricity,resid heating modern_d4,electricity,0.00144673,0.00148566,0.00186988,0.0021827,0.00266068,EJ
Russia,resid heating modern_d4,gas,resid heating modern_d4,gas,0.0666639,0.0548008,0.061921,0.0659423,0.1038,EJ
Russia,resid heating modern_d4,gas,resid heating modern_d4,hydrogen,0,0,0,0,0,EJ
Australia_NZ,resid heating modern_d5,electricity,resid heating modern_d5,electricity,9.09E-04,0.00133075,0.001414,0.0013664,0.00158432,EJ
Australia_NZ,resid heating modern_d5,gas,resid heating modern_d5,gas,0.00374351,0.00589709,0.00638603,0.00743153,0.00769994,EJ
Australia_NZ,resid heating modern_d5,gas,resid heating modern_d5,hydrogen,0,0,0,0,0,EJ
Australia_NZ,resid heating modern_d5,refined liquids,resid heating modern_d5,refined liquids,5.00E-04,4.94E-04,5.79E-04,6.02E-04,6.23E-04,EJ
China,resid heating modern_d5,district heat,resid heating modern_d5,district heat,0.00327596,0.0193742,0.0251086,0.0416404,0.0724504,EJ
China,resid heating modern_d5,electricity,resid heating modern_d5,electricity,1.39E-05,1.59E-04,2.82E-04,4.95E-04,8.19E-04,EJ
China,resid heating modern_d5,gas,resid heating modern_d5,gas,0.00150957,0.0105658,0.0245021,0.0405814,0.0641545,EJ
China,resid heating modern_d5,gas,resid heating modern_d5,hydrogen,0,0,0,0,0,EJ
China,resid heating modern_d5,refined liquids,resid heating modern_d5,refined liquids,8.21E-04,0.00515063,0.00643875,0.0122503,0.0129538,EJ
Russia,resid heating modern_d5,district heat,resid heating modern_d5,district heat,0,0.113267,0.12051,0.113073,0.112037,EJ
Russia,resid heating modern_d5,electricity,resid heating modern_d5,electricity,0.00149539,0.00158197,0.00195579,0.0022893,0.00279102,EJ
Russia,resid heating modern_d5,gas,resid heating modern_d5,gas,0.0689058,0.0583531,0.0647659,0.0691628,0.108885,EJ
Russia,resid heating modern_d5,gas,resid heating modern_d5,hydrogen,0,0,0,0,0,EJ
Australia_NZ,resid heating modern_d6,electricity,resid heating modern_d6,electricity,0.00102776,0.00147034,0.00158703,0.00151607,0.00176512,EJ
Australia_NZ,resid heating modern_d6,gas,resid heating modern_d6,gas,0.00423325,0.00651567,0.0071675,0.00824553,0.00857864,EJ
Australia_NZ,resid heating modern_d6,gas,resid heating modern_d6,hydrogen,0,0,0,0,0,EJ
Australia_NZ,resid heating modern_d6,refined liquids,resid heating modern_d6,refined liquids,5.65E-04,5.46E-04,6.50E-04,6.68E-04,6.94E-04,EJ
China,resid heating modern_d6,district heat,resid heating modern_d6,district heat,0.00386552,0.0239395,0.0316095,0.0505138,0.0870929,EJ
China,resid heating modern_d6,electricity,resid heating modern_d6,electricity,1.63E-05,1.96E-04,3.55E-04,6.01E-04,9.84E-04,EJ
China,resid heating modern_d6,gas,resid heating modern_d6,gas,0.00178124,0.0130555,0.0308459,0.0492292,0.0771204,EJ
China,resid heating modern_d6,gas,resid heating modern_d6,hydrogen,0,0,0,0,0,EJ
China,resid heating modern_d6,refined liquids,resid heating modern_d6,refined liquids,9.68E-04,0.0063643,0.00810581,0.0148609,0.0155718,EJ
Russia,resid heating modern_d6,district heat,resid heating modern_d6,district heat,0,0.119713,0.125159,0.118114,0.116999,EJ
Russia,resid heating modern_d6,electricity,resid heating modern_d6,electricity,0.00154154,0.001672,0.00203124,0.00239137,0.00291462,EJ
Russia,resid heating modern_d6,gas,resid heating modern_d6,gas,0.0710325,0.0616741,0.0672644,0.0722464,0.113707,EJ
Russia,resid heating modern_d6,gas,resid heating modern_d6,hydrogen,0,0,0,0,0,EJ
Australia_NZ,resid heating modern_d7,electricity,resid heating modern_d7,electricity,0.00115936,0.00161688,0.0017745,0.00167665,0.00195884,EJ
Australia_NZ,resid heating modern_d7,gas,resid heating modern_d7,gas,0.00477531,0.00716505,0.00801417,0.00911892,0.00952016,EJ
Australia_NZ,resid heating modern_d7,gas,resid heating modern_d7,hydrogen,0,0,0,0,0,EJ
Australia_NZ,resid heating modern_d7,refined liquids,resid heating modern_d7,refined liquids,6.37E-04,6.00E-04,7.27E-04,7.39E-04,7.70E-04,EJ
China,resid heating modern_d7,district heat,resid heating modern_d7,district heat,0.00460271,0.0298551,0.0399535,0.0614875,0.105342,EJ
China,resid heating modern_d7,electricity,resid heating modern_d7,electricity,1.95E-05,2.44E-04,4.49E-04,7.31E-04,0.00119009,EJ
China,resid heating modern_d7,gas,resid heating modern_d7,gas,0.00212094,0.0162816,0.0389883,0.0599239,0.0932795,EJ
China,resid heating modern_d7,gas,resid heating modern_d7,hydrogen,0,0,0,0,0,EJ
China,resid heating modern_d7,refined liquids,resid heating modern_d7,refined liquids,0.00115301,0.00793695,0.0102455,0.0180893,0.0188346,EJ
Russia,resid heating modern_d7,district heat,resid heating modern_d7,district heat,0,0.12659,0.12995,0.123242,0.122075,EJ
Russia,resid heating modern_d7,electricity,resid heating modern_d7,electricity,0.00158942,0.00176805,0.00210899,0.0024952,0.00304107,EJ
Russia,resid heating modern_d7,gas,resid heating modern_d7,gas,0.0732387,0.0652171,0.069839,0.0753832,0.11864,EJ
Russia,resid heating modern_d7,gas,resid heating modern_d7,hydrogen,0,0,0,0,0,EJ
Australia_NZ,resid heating modern_d8,electricity,resid heating modern_d8,electricity,0.00131351,0.00178196,0.00198654,0.00185959,0.00217106,EJ
Australia_NZ,resid heating modern_d8,gas,resid heating modern_d8,gas,0.00541021,0.0078966,0.00897181,0.0101139,0.0105515,EJ
Australia_NZ,resid heating modern_d8,gas,resid heating modern_d8,hydrogen,0,0,0,0,0,EJ
Australia_NZ,resid heating modern_d8,refined liquids,resid heating modern_d8,refined liquids,7.22E-04,6.62E-04,8.14E-04,8.19E-04,8.53E-04,EJ
China,resid heating modern_d8,district heat,resid heating modern_d8,district heat,0.00565082,0.0381481,0.051203,0.0762447,0.130154,EJ
China,resid heating modern_d8,electricity,resid heating modern_d8,electricity,2.39E-05,3.12E-04,5.76E-04,9.07E-04,0.0014704,EJ
China,resid heating modern_d8,gas,resid heating modern_d8,gas,0.00260391,0.0208042,0.0499661,0.0743057,0.115251,EJ
China,resid heating modern_d8,gas,resid heating modern_d8,hydrogen,0,0,0,0,0,EJ
China,resid heating modern_d8,refined liquids,resid heating modern_d8,refined liquids,0.00141557,0.0101416,0.0131303,0.0224307,0.0232709,EJ
Russia,resid heating modern_d8,district heat,resid heating modern_d8,district heat,0,0.134142,0.135359,0.128687,0.127637,EJ
Russia,resid heating modern_d8,electricity,resid heating modern_d8,electricity,0.0016439,0.00187353,0.00219677,0.00260543,0.00317963,EJ
Russia,resid heating modern_d8,gas,resid heating modern_d8,gas,0.075749,0.0691077,0.0727459,0.0787135,0.124046,EJ
Russia,resid heating modern_d8,gas,resid heating modern_d8,hydrogen,0,0,0,0,0,EJ
Australia_NZ,resid heating modern_d9,electricity,resid heating modern_d9,electricity,0.00150339,0.00196839,0.00223289,0.00207653,0.00244146,EJ
Australia_NZ,resid heating modern_d9,gas,resid heating modern_d9,gas,0.00619233,0.00872276,0.0100844,0.0112937,0.0118657,EJ
Australia_NZ,resid heating modern_d9,gas,resid heating modern_d9,hydrogen,0,0,0,0,0,EJ
Australia_NZ,resid heating modern_d9,refined liquids,resid heating modern_d9,refined liquids,8.27E-04,7.31E-04,9.15E-04,9.15E-04,9.59E-04,EJ
China,resid heating modern_d9,district heat,resid heating modern_d9,district heat,0.00775888,0.0524112,0.0701722,0.100357,0.171196,EJ
China,resid heating modern_d9,electricity,resid heating modern_d9,electricity,3.28E-05,4.29E-04,7.89E-04,0.00119338,0.00193407,EJ
China,resid heating modern_d9,gas,resid heating modern_d9,gas,0.00357531,0.0285827,0.068477,0.0978052,0.151593,EJ
China,resid heating modern_d9,gas,resid heating modern_d9,hydrogen,0,0,0,0,0,EJ
China,resid heating modern_d9,refined liquids,resid heating modern_d9,refined liquids,0.00194365,0.0139335,0.0179947,0.0295245,0.030609,EJ
Russia,resid heating modern_d9,district heat,resid heating modern_d9,district heat,0,0.143228,0.142393,0.136173,0.134817,EJ
Russia,resid heating modern_d9,electricity,resid heating modern_d9,electricity,0.00171641,0.00200042,0.00231093,0.00275699,0.0033585,EJ
Russia,resid heating modern_d9,gas,resid heating modern_d9,gas,0.0790902,0.0737884,0.0765262,0.0832923,0.131024,EJ
Russia,resid heating modern_d9,gas,resid heating modern_d9,hydrogen,0,0,0,0,0,EJ
Australia_NZ,resid others TradBio_d1,traditional biomass,resid others TradBio_d1,traditional biomass,6.24E-04,5.31E-04,4.87E-04,4.39E-04,4.10E-04,EJ
China,resid others TradBio_d1,traditional biomass,resid others TradBio_d1,traditional biomass,0.0369007,0.0370899,0.0276321,0.0205691,0.0194736,EJ
Russia,resid others TradBio_d1,traditional biomass,resid others TradBio_d1,traditional biomass,0.00101838,2.17E-04,1.87E-04,2.05E-04,2.08E-04,EJ
Australia_NZ,resid others TradBio_d10,traditional biomass,resid others TradBio_d10,traditional biomass,1.74E-04,1.44E-04,1.35E-04,1.20E-04,1.15E-04,EJ
China,resid others TradBio_d10,traditional biomass,resid others TradBio_d10,traditional biomass,0.0132163,0.00917426,0.0060125,0.00487154,0.00462158,EJ
Russia,resid others TradBio_d10,traditional biomass,resid others TradBio_d10,traditional biomass,4.53E-04,5.83E-05,6.45E-05,7.07E-05,6.80E-05,EJ
Australia_NZ,resid others TradBio_d2,traditional biomass,resid others TradBio_d2,traditional biomass,4.78E-04,4.06E-04,3.74E-04,3.43E-04,3.26E-04,EJ
China,resid others TradBio_d2,traditional biomass,resid others TradBio_d2,traditional biomass,0.0310616,0.0293841,0.0217916,0.0160365,0.014986,EJ
Russia,resid others TradBio_d2,traditional biomass,resid others TradBio_d2,traditional biomass,8.61E-04,1.75E-04,1.47E-04,1.68E-04,1.68E-04,EJ
Australia_NZ,resid others TradBio_d3,traditional biomass,resid others TradBio_d3,traditional biomass,4.20E-04,3.58E-04,3.36E-04,3.06E-04,2.90E-04,EJ
China,resid others TradBio_d3,traditional biomass,resid others TradBio_d3,traditional biomass,0.0284453,0.0257668,0.0188859,0.0138822,0.0130708,EJ
Russia,resid others TradBio_d3,traditional biomass,resid others TradBio_d3,traditional biomass,7.96E-04,1.56E-04,1.33E-04,1.51E-04,1.50E-04,EJ
Australia_NZ,resid others TradBio_d4,traditional biomass,resid others TradBio_d4,traditional biomass,3.80E-04,3.25E-04,3.09E-04,2.78E-04,2.64E-04,EJ
China,resid others TradBio_d4,traditional biomass,resid others TradBio_d4,traditional biomass,0.0266699,0.0232065,0.0167799,0.0123898,0.0117424,EJ
Russia,resid others TradBio_d4,traditional biomass,resid others TradBio_d4,traditional biomass,7.50E-04,1.42E-04,1.23E-04,1.39E-04,1.38E-04,EJ
Australia_NZ,resid others TradBio_d5,traditional biomass,resid others TradBio_d5,traditional biomass,3.49E-04,2.98E-04,2.84E-04,2.56E-04,2.43E-04,EJ
China,resid others TradBio_d5,traditional biomass,resid others TradBio_d5,traditional biomass,0.0252093,0.0211408,0.0150583,0.0112109,0.0106773,EJ
Russia,resid others TradBio_d5,traditional biomass,resid others TradBio_d5,traditional biomass,7.13E-04,1.31E-04,1.15E-04,1.30E-04,1.27E-04,EJ
Australia_NZ,resid others TradBio_d6,traditional biomass,resid others TradBio_d6,traditional biomass,3.21E-04,2.73E-04,2.60E-04,2.36E-04,2.24E-04,EJ
China,resid others TradBio_d6,traditional biomass,resid others TradBio_d6,traditional biomass,0.0238869,0.0192989,0.0135572,0.0101892,0.00973892,EJ
Russia,resid others TradBio_d6,traditional biomass,resid others TradBio_d6,traditional biomass,6.78E-04,1.20E-04,1.08E-04,1.20E-04,1.18E-04,EJ
Australia_NZ,resid others TradBio_d7,traditional biomass,resid others TradBio_d7,traditional biomass,2.94E-04,2.50E-04,2.36E-04,2.16E-04,2.05E-04,EJ
China,resid others TradBio_d7,traditional biomass,resid others TradBio_d7,traditional biomass,0.0225509,0.0175207,0.012158,0.00922761,0.00883625,EJ
Russia,resid others TradBio_d7,traditional biomass,resid others TradBio_d7,traditional biomass,6.43E-04,1.08E-04,1.01E-04,1.11E-04,1.09E-04,EJ
Australia_NZ,resid others TradBio_d8,traditional biomass,resid others TradBio_d8,traditional biomass,2.65E-04,2.25E-04,2.12E-04,1.95E-04,1.86E-04,EJ
China,resid others TradBio_d8,traditional biomass,resid others TradBio_d8,traditional biomass,0.0210542,0.0157055,0.0108049,0.00825827,0.0079064,EJ
Russia,resid others TradBio_d8,traditional biomass,resid others TradBio_d8,traditional biomass,6.04E-04,9.70E-05,9.30E-05,1.02E-04,9.97E-05,EJ
Australia_NZ,resid others TradBio_d9,traditional biomass,resid others TradBio_d9,traditional biomass,2.34E-04,1.98E-04,1.85E-04,1.72E-04,1.62E-04,EJ
China,resid others TradBio_d9,traditional biomass,resid others TradBio_d9,traditional biomass,0.0188885,0.0135789,0.0092583,0.00713395,0.00680599,EJ
Russia,resid others TradBio_d9,traditional biomass,resid others TradBio_d9,traditional biomass,5.56E-04,8.45E-05,8.38E-05,9.10E-05,8.87E-05,EJ
Australia_NZ,resid others coal_d1,coal,N/A,coal,6.62E-04,1.43E-04,7.56E-05,6.27E-05,4.34E-05,EJ
Australia_NZ,resid others coal_d1,coal,resid others coal_d1,coal,5.01E-04,1.10E-04,5.88E-05,4.92E-05,3.44E-05,EJ
China,resid others coal_d1,coal,N/A,coal,0.209113,0.162783,0.155623,0.154835,0.0941218,EJ
China,resid others coal_d1,coal,resid others coal_d1,coal,0.122003,0.100483,0.0998224,0.103017,0.0652717,EJ
Russia,resid others coal_d1,coal,N/A,coal,0.0608848,0.0197694,0.0102807,0.0130873,0.0121378,EJ
Russia,resid others coal_d1,coal,resid others coal_d1,coal,0.0370121,0.0124965,0.00665848,0.00867858,0.00826823,EJ
Australia_NZ,resid others coal_d10,coal,N/A,coal,3.48E-05,7.69E-06,4.18E-06,3.29E-06,2.29E-06,EJ
Australia_NZ,resid others coal_d10,coal,resid others coal_d10,coal,2.63E-05,5.93E-06,3.25E-06,2.58E-06,1.82E-06,EJ
China,resid others coal_d10,coal,N/A,coal,0.0120054,0.00529472,0.0040629,0.00541831,0.00333124,EJ
China,resid others coal_d10,coal,resid others coal_d10,coal,0.00700429,0.00326834,0.00260609,0.00360499,0.00231015,EJ
Russia,resid others coal_d10,coal,N/A,coal,0.00715777,6.21E-04,6.18E-04,7.95E-04,6.56E-04,EJ
Russia,resid others coal_d10,coal,resid others coal_d10,coal,0.00435123,3.93E-04,4.00E-04,5.27E-04,4.47E-04,EJ
Australia_NZ,resid others coal_d2,coal,N/A,coal,3.47E-04,7.64E-05,4.05E-05,3.47E-05,2.47E-05,EJ
Australia_NZ,resid others coal_d2,coal,resid others coal_d2,coal,2.63E-04,5.90E-05,3.16E-05,2.72E-05,1.95E-05,EJ
China,resid others coal_d2,coal,N/A,coal,0.126348,0.0899172,0.0861328,0.0850372,0.0500351,EJ
China,resid others coal_d2,coal,resid others coal_d2,coal,0.0737152,0.0555044,0.0552487,0.0565783,0.0346984,EJ
Russia,resid others coal_d2,coal,N/A,coal,0.0377335,0.0104404,0.00512613,0.00736165,0.00654993,EJ
Russia,resid others coal_d2,coal,resid others coal_d2,coal,0.0229383,0.00659947,0.00332003,0.00488173,0.00446181,EJ
Australia_NZ,resid others coal_d3,coal,N/A,coal,2.56E-04,5.74E-05,3.18E-05,2.65E-05,1.87E-05,EJ
Australia_NZ,resid others coal_d3,coal,resid others coal_d3,coal,1.94E-04,4.43E-05,2.47E-05,2.08E-05,1.48E-05,EJ
China,resid others coal_d3,coal,N/A,coal,0.0979632,0.0645484,0.0605355,0.060302,0.0361273,EJ
China,resid others coal_d3,coal,resid others coal_d3,coal,0.0571547,0.0398447,0.0388297,0.0401211,0.0250536,EJ
Russia,resid others coal_d3,coal,N/A,coal,0.0304444,0.00757427,0.003862,0.00548242,0.00482463,EJ
Russia,resid others coal_d3,coal,resid others coal_d3,coal,0.0185072,0.00478778,0.0025013,0.00363555,0.00328653,EJ
Australia_NZ,resid others coal_d4,coal,N/A,coal,2.03E-04,4.61E-05,2.62E-05,2.13E-05,1.50E-05,EJ
Australia_NZ,resid others coal_d4,coal,resid others coal_d4,coal,1.54E-04,3.55E-05,2.04E-05,1.67E-05,1.18E-05,EJ
China,resid others coal_d4,coal,N/A,coal,0.0814309,0.0496662,0.0453428,0.0460789,0.0280445,EJ
China,resid others coal_d4,coal,resid others coal_d4,coal,0.0475093,0.0306582,0.0290845,0.030658,0.0194484,EJ
Russia,resid others coal_d4,coal,N/A,coal,0.0259737,0.00589567,0.00313952,0.00439658,0.00382748,EJ
Russia,resid others coal_d4,coal,resid others coal_d4,coal,0.0157895,0.00372672,0.00203337,0.00291551,0.00260728,EJ
Australia_NZ,resid others coal_d5,coal,N/A,coal,1.66E-04,3.78E-05,2.16E-05,1.76E-05,1.23E-05,EJ
Australia_NZ,resid others coal_d5,coal,resid others coal_d5,coal,1.26E-04,2.92E-05,1.68E-05,1.38E-05,9.76E-06,EJ
China,resid others coal_d5,coal,N/A,coal,0.0693653,0.0393856,0.0348707,0.0364266,0.0224344,EJ
China,resid others coal_d5,coal,resid others coal_d5,coal,0.0404698,0.0243121,0.0223673,0.0242359,0.0155578,EJ
Russia,resid others coal_d5,coal,N/A,coal,0.0226418,0.00467375,0.00261008,0.00361256,0.00312015,EJ
Russia,resid others coal_d5,coal,resid others coal_d5,coal,0.013764,0.00295433,0.00169046,0.00239559,0.00212544,EJ
Australia_NZ,resid others coal_d6,coal,N/A,coal,1.37E-04,3.13E-05,1.76E-05,1.46E-05,1.02E-05,EJ
Australia_NZ,resid others coal_d6,coal,resid others coal_d6,coal,1.04E-04,2.41E-05,1.37E-05,1.15E-05,8.08E-06,EJ
China,resid others coal_d6,coal,N/A,coal,0.059562,0.0314413,0.0270788,0.0291359,0.0181015,EJ
China,resid others coal_d6,coal,resid others coal_d6,coal,0.0347503,0.0194082,0.0173693,0.0193852,0.0125531,EJ
Russia,resid others coal_d6,coal,N/A,coal,0.0198345,0.00370657,0.00220823,0.00297639,0.00255999,EJ
Russia,resid others coal_d6,coal,resid others coal_d6,coal,0.0120575,0.00234297,0.0014302,0.00197373,0.00174386,EJ
Australia_NZ,resid others coal_d7,coal,N/A,coal,1.12E-04,2.56E-05,1.42E-05,1.20E-05,8.35E-06,EJ
Australia_NZ,resid others coal_d7,coal,resid others coal_d7,coal,8.47E-05,1.98E-05,1.11E-05,9.40E-06,6.61E-06,EJ
China,resid others coal_d7,coal,N/A,coal,0.0506759,0.0248005,0.0208709,0.0231419,0.0144472,EJ
China,resid others coal_d7,coal,resid others coal_d7,coal,0.0295659,0.015309,0.0133874,0.0153972,0.0100189,EJ
Russia,resid others coal_d7,coal,N/A,coal,0.0172677,0.00286753,0.00185375,0.00243733,0.00208738,EJ
Russia,resid others coal_d7,coal,resid others coal_d7,coal,0.0104971,0.00181259,0.00120062,0.00161627,0.00142192,EJ
Australia_NZ,resid others coal_d8,coal,N/A,coal,8.88E-05,2.04E-05,1.11E-05,9.53E-06,6.67E-06,EJ
Australia_NZ,resid others coal_d8,coal,resid others coal_d8,coal,6.72E-05,1.57E-05,8.67E-06,7.48E-06,5.28E-06,EJ
China,resid others coal_d8,coal,N/A,coal,0.0418586,0.0190007,0.0157768,0.0179106,0.0111839,EJ
China,resid others coal_d8,coal,resid others coal_d8,coal,0.0244216,0.0117288,0.0101198,0.0119166,0.00775585,EJ
Russia,resid others coal_d8,coal,N/A,coal,0.014738,0.00215518,0.00151929,0.00196942,0.00166837,EJ
Russia,resid others coal_d8,coal,resid others coal_d8,coal,0.00895929,0.00136232,9.84E-04,0.00130598,0.00113649,EJ
Australia_NZ,resid others coal_d9,coal,N/A,coal,6.67E-05,1.54E-05,8.25E-06,7.14E-06,4.92E-06,EJ
Australia_NZ,resid others coal_d9,coal,resid others coal_d9,coal,5.05E-05,1.19E-05,6.42E-06,5.60E-06,3.90E-06,EJ
China,resid others coal_d9,coal,N/A,coal,0.0310579,0.0133768,0.0109756,0.0128083,0.0079431,EJ
China,resid others coal_d9,coal,resid others coal_d9,coal,0.0181201,0.00825726,0.00704016,0.00852184,0.00550839,EJ
Russia,resid others coal_d9,coal,N/A,coal,0.0119326,0.00152856,0.00117229,0.00146867,0.00124929,EJ
Russia,resid others coal_d9,coal,resid others coal_d9,coal,0.00725386,9.66E-04,7.59E-04,9.74E-04,8.51E-04,EJ
Australia_NZ,resid others modern_d1,biomass,N/A,biomass,6.17E-07,1.33E-05,1.41E-05,2.36E-05,5.10E-05,EJ
Australia_NZ,resid others modern_d1,biomass,resid others modern_d1,biomass,3.51E-07,7.72E-06,8.25E-06,1.39E-05,3.03E-05,EJ
Australia_NZ,resid others modern_d1,electricity,resid others modern_d1,electricity,0.00393344,0.00719707,0.00801515,0.00768628,0.00900965,EJ
Australia_NZ,resid others modern_d1,gas,N/A,gas,4.21E-04,7.78E-04,8.62E-04,9.72E-04,9.92E-04,EJ
Australia_NZ,resid others modern_d1,gas,N/A,hydrogen,0,0,0,0,0,EJ
Australia_NZ,resid others modern_d1,gas,resid others modern_d1,gas,4.73E-04,9.04E-04,0.00101593,0.0011616,0.00120223,EJ
Australia_NZ,resid others modern_d1,gas,resid others modern_d1,hydrogen,0,0,0,0,0,EJ
Australia_NZ,resid others modern_d1,refined liquids,resid others modern_d1,refined liquids,1.50E-04,1.80E-04,2.19E-04,2.24E-04,2.31E-04,EJ
China,resid others modern_d1,biomass,N/A,biomass,5.00E-07,3.88E-07,4.07E-07,6.32E-07,1.18E-06,EJ
China,resid others modern_d1,biomass,resid others modern_d1,biomass,2.19E-07,1.80E-07,1.96E-07,3.16E-07,6.15E-07,EJ
China,resid others modern_d1,district heat,N/A,district heat,8.19E-05,4.11E-04,5.11E-04,9.19E-04,0.00159968,EJ
China,resid others modern_d1,district heat,resid others modern_d1,district heat,1.09E-04,5.68E-04,7.30E-04,0.00135499,0.00244226,EJ
China,resid others modern_d1,electricity,resid others modern_d1,electricity,0.00113043,0.0117828,0.0210159,0.0416677,0.0722117,EJ
China,resid others modern_d1,gas,N/A,gas,3.28E-04,0.00189197,0.00416443,0.00740624,0.0115761,EJ
China,resid others modern_d1,gas,N/A,hydrogen,0,0,0,0,0,EJ
China,resid others modern_d1,gas,resid others modern_d1,gas,2.85E-04,0.00175998,0.00404706,0.00750379,0.0122888,EJ
China,resid others modern_d1,gas,resid others modern_d1,hydrogen,0,0,0,0,0,EJ
China,resid others modern_d1,refined liquids,resid others modern_d1,refined liquids,8.32E-04,0.00461484,0.00572049,0.0121841,0.0133467,EJ
Russia,resid others modern_d1,district heat,N/A,district heat,0,0.00461668,0.00554469,0.00536552,0.00517348,EJ
Russia,resid others modern_d1,district heat,resid others modern_d1,district heat,0,0.00652995,0.008001,0.00787888,0.00776799,EJ
Russia,resid others modern_d1,electricity,resid others modern_d1,electricity,0.0186813,0.0144727,0.0208123,0.025824,0.0317047,EJ
Russia,resid others modern_d1,gas,N/A,gas,0.0294506,0.0167817,0.0208367,0.0227113,0.0343929,EJ
Russia,resid others modern_d1,gas,N/A,hydrogen,0,0,0,0,0,EJ
Russia,resid others modern_d1,gas,resid others modern_d1,gas,0.0265799,0.0159978,0.0204482,0.0229176,0.0359007,EJ
Russia,resid others modern_d1,gas,resid others modern_d1,hydrogen,0,0,0,0,0,EJ
Russia,resid others modern_d1,refined liquids,resid others modern_d1,refined liquids,0.0122273,0.00639221,0.00571543,0.0105293,0.0197331,EJ
Australia_NZ,resid others modern_d10,biomass,N/A,biomass,4.06E-06,5.97E-05,6.42E-05,1.07E-04,2.29E-04,EJ
Australia_NZ,resid others modern_d10,biomass,resid others modern_d10,biomass,2.30E-06,3.45E-05,3.74E-05,6.27E-05,1.36E-04,EJ
Australia_NZ,resid others modern_d10,electricity,resid others modern_d10,electricity,0.0258405,0.0322261,0.0363765,0.034644,0.040467,EJ
Australia_NZ,resid others modern_d10,gas,N/A,gas,0.00276372,0.00348141,0.00390994,0.00438221,0.00445488,EJ
Australia_NZ,resid others modern_d10,gas,N/A,hydrogen,0,0,0,0,0,EJ
Australia_NZ,resid others modern_d10,gas,resid others modern_d10,gas,0.0031088,0.00404815,0.00461078,0.00523561,0.00539986,EJ
Australia_NZ,resid others modern_d10,gas,resid others modern_d10,hydrogen,0,0,0,0,0,EJ
Australia_NZ,resid others modern_d10,refined liquids,resid others modern_d10,refined liquids,9.88E-04,8.08E-04,9.96E-04,0.00100992,0.00103965,EJ
China,resid others modern_d10,biomass,N/A,biomass,1.05E-05,8.65E-06,9.31E-06,9.44E-06,1.59E-05,EJ
China,resid others modern_d10,biomass,resid others modern_d10,biomass,4.59E-06,4.00E-06,4.48E-06,4.71E-06,8.27E-06,EJ
China,resid others modern_d10,district heat,N/A,district heat,0.00171897,0.0091602,0.0116743,0.0137145,0.0215229,EJ
China,resid others modern_d10,district heat,resid others modern_d10,district heat,0.0022798,0.0126522,0.0166775,0.0202279,0.0328594,EJ
China,resid others modern_d10,electricity,resid others modern_d10,electricity,0.0237142,0.262494,0.480233,0.622037,0.971573,EJ
China,resid others modern_d10,gas,N/A,gas,0.00688892,0.0421489,0.0951612,0.110564,0.15575,EJ
China,resid others modern_d10,gas,N/A,hydrogen,0,0,0,0,0,EJ
China,resid others modern_d10,gas,resid others modern_d10,gas,0.0059696,0.0392083,0.0924793,0.11202,0.16534,EJ
China,resid others modern_d10,gas,resid others modern_d10,hydrogen,0,0,0,0,0,EJ
China,resid others modern_d10,refined liquids,resid others modern_d10,refined liquids,0.0174559,0.102808,0.130719,0.181891,0.179573,EJ
Russia,resid others modern_d10,district heat,N/A,district heat,0,0.0131739,0.0122938,0.0114916,0.0111563,EJ
Russia,resid others modern_d10,district heat,resid others modern_d10,district heat,0,0.0186336,0.01774,0.0168747,0.0167512,EJ
Russia,resid others modern_d10,electricity,resid others modern_d10,electricity,0.0323922,0.0412986,0.0461457,0.0553088,0.0683693,EJ
Russia,resid others modern_d10,gas,N/A,gas,0.0510654,0.0478874,0.0461997,0.0486421,0.0741662,EJ
Russia,resid others modern_d10,gas,N/A,hydrogen,0,0,0,0,0,EJ
Russia,resid others modern_d10,gas,resid others modern_d10,gas,0.0460879,0.0456505,0.0453383,0.0490838,0.0774177,EJ
Russia,resid others modern_d10,gas,resid others modern_d10,hydrogen,0,0,0,0,0,EJ
Russia,resid others modern_d10,refined liquids,resid others modern_d10,refined liquids,0.0212014,0.0182405,0.0126724,0.0225513,0.0425532,EJ
Australia_NZ,resid others modern_d2,biomass,N/A,biomass,1.07E-06,2.13E-05,2.28E-05,3.75E-05,8.03E-05,EJ
Australia_NZ,resid others modern_d2,biomass,resid others modern_d2,biomass,6.07E-07,1.23E-05,1.33E-05,2.21E-05,4.77E-05,EJ
Australia_NZ,resid others modern_d2,electricity,resid others modern_d2,electricity,0.00680498,0.0114908,0.012926,0.0121883,0.0141736,EJ
Australia_NZ,resid others modern_d2,gas,N/A,gas,7.28E-04,0.00124136,0.00138935,0.00154172,0.00156032,EJ
Australia_NZ,resid others modern_d2,gas,N/A,hydrogen,0,0,0,0,0,EJ
Australia_NZ,resid others modern_d2,gas,resid others modern_d2,gas,8.19E-04,0.00144344,0.00163839,0.00184196,0.0018913,EJ
Australia_NZ,resid others modern_d2,gas,resid others modern_d2,hydrogen,0,0,0,0,0,EJ
Australia_NZ,resid others modern_d2,refined liquids,resid others modern_d2,refined liquids,2.60E-04,2.88E-04,3.54E-04,3.55E-04,3.64E-04,EJ
China,resid others modern_d2,biomass,N/A,biomass,8.73E-07,6.87E-07,7.10E-07,1.08E-06,2.08E-06,EJ
China,resid others modern_d2,biomass,resid others modern_d2,biomass,3.82E-07,3.18E-07,3.41E-07,5.40E-07,1.08E-06,EJ
China,resid others modern_d2,district heat,N/A,district heat,1.43E-04,7.28E-04,8.90E-04,0.00157057,0.0028157,EJ
China,resid others modern_d2,district heat,resid others modern_d2,district heat,1.90E-04,0.00100529,0.00127132,0.00231647,0.00429878,EJ
China,resid others modern_d2,electricity,resid others modern_d2,electricity,0.00197222,0.0208567,0.036608,0.0712347,0.127105,EJ
China,resid others modern_d2,gas,N/A,gas,5.73E-04,0.00334898,0.00725411,0.0126616,0.0203758,EJ
China,resid others modern_d2,gas,N/A,hydrogen,0,0,0,0,0,EJ
China,resid others modern_d2,gas,resid others modern_d2,gas,4.96E-04,0.00311533,0.00704967,0.0128284,0.0216304,EJ
China,resid others modern_d2,gas,resid others modern_d2,hydrogen,0,0,0,0,0,EJ
China,resid others modern_d2,refined liquids,resid others modern_d2,refined liquids,0.00145174,0.00816872,0.00996465,0.0208299,0.0234924,EJ
Russia,resid others modern_d2,district heat,N/A,district heat,0,0.00672617,0.00767234,0.00698343,0.00678048,EJ
Russia,resid others modern_d2,district heat,resid others modern_d2,district heat,0,0.00951368,0.0110712,0.0102547,0.0101809,EJ
Russia,resid others modern_d2,electricity,resid others modern_d2,electricity,0.0223338,0.0210857,0.0287986,0.0336109,0.0415529,EJ
Russia,resid others modern_d2,gas,N/A,gas,0.0352087,0.0244497,0.0288323,0.0295596,0.0450761,EJ
Russia,resid others modern_d2,gas,N/A,hydrogen,0,0,0,0,0,EJ
Russia,resid others modern_d2,gas,resid others modern_d2,gas,0.0317768,0.0233076,0.0282947,0.0298281,0.0470522,EJ
Russia,resid others modern_d2,gas,resid others modern_d2,hydrogen,0,0,0,0,0,EJ
Russia,resid others modern_d2,refined liquids,resid others modern_d2,refined liquids,0.014618,0.009313,0.00790859,0.0137043,0.0258626,EJ
Australia_NZ,resid others modern_d3,biomass,N/A,biomass,1.36E-06,2.58E-05,2.70E-05,4.53E-05,9.79E-05,EJ
Australia_NZ,resid others modern_d3,biomass,resid others modern_d3,biomass,7.71E-07,1.49E-05,1.58E-05,2.67E-05,5.81E-05,EJ
Australia_NZ,resid others modern_d3,electricity,resid others modern_d3,electricity,0.00865023,0.0139408,0.0153053,0.0147292,0.0172787,EJ
Australia_NZ,resid others modern_d3,gas,N/A,gas,9.25E-04,0.00150603,0.0016451,0.00186313,0.00190216,EJ
Australia_NZ,resid others modern_d3,gas,N/A,hydrogen,0,0,0,0,0,EJ
Australia_NZ,resid others modern_d3,gas,resid others modern_d3,gas,0.00104069,0.0017512,0.00193998,0.00222596,0.00230565,EJ
Australia_NZ,resid others modern_d3,gas,resid others modern_d3,hydrogen,0,0,0,0,0,EJ
Australia_NZ,resid others modern_d3,refined liquids,resid others modern_d3,refined liquids,3.31E-04,3.49E-04,4.19E-04,4.29E-04,4.44E-04,EJ
China,resid others modern_d3,biomass,N/A,biomass,1.15E-06,9.43E-07,9.84E-07,1.46E-06,2.76E-06,EJ
China,resid others modern_d3,biomass,resid others modern_d3,biomass,5.05E-07,4.36E-07,4.73E-07,7.30E-07,1.44E-06,EJ
China,resid others modern_d3,district heat,N/A,district heat,1.89E-04,9.99E-04,0.00123376,0.00212423,0.00373888,EJ
China,resid others modern_d3,district heat,resid others modern_d3,district heat,2.51E-04,0.00137916,0.00176252,0.00313308,0.00570822,EJ
China,resid others modern_d3,electricity,resid others modern_d3,electricity,0.00260882,0.0286134,0.050752,0.0963466,0.168778,EJ
China,resid others modern_d3,gas,N/A,gas,7.58E-04,0.00459447,0.0100568,0.0171251,0.0270564,EJ
China,resid others modern_d3,gas,N/A,hydrogen,0,0,0,0,0,EJ
China,resid others modern_d3,gas,resid others modern_d3,gas,6.57E-04,0.00427392,0.00977339,0.0173507,0.0287223,EJ
China,resid others modern_d3,gas,resid others modern_d3,hydrogen,0,0,0,0,0,EJ
China,resid others modern_d3,refined liquids,resid others modern_d3,refined liquids,0.00192034,0.0112067,0.0138146,0.0281729,0.0311948,EJ
Russia,resid others modern_d3,district heat,N/A,district heat,0,0.00768558,0.00839087,0.00768322,0.00744443,EJ
Russia,resid others modern_d3,district heat,resid others modern_d3,district heat,0,0.0108707,0.012108,0.0112823,0.0111778,EJ
Russia,resid others modern_d3,electricity,resid others modern_d3,electricity,0.0237619,0.0240933,0.0314956,0.036979,0.0456217,EJ
Russia,resid others modern_d3,gas,N/A,gas,0.0374601,0.0279372,0.0315325,0.0325217,0.0494899,EJ
Russia,resid others modern_d3,gas,N/A,hydrogen,0,0,0,0,0,EJ
Russia,resid others modern_d3,gas,resid others modern_d3,gas,0.0338087,0.0266322,0.0309445,0.0328171,0.0516596,EJ
Russia,resid others modern_d3,gas,resid others modern_d3,hydrogen,0,0,0,0,0,EJ
Russia,resid others modern_d3,refined liquids,resid others modern_d3,refined liquids,0.0155527,0.0106414,0.00864925,0.0150776,0.0283951,EJ
Australia_NZ,resid others modern_d4,biomass,N/A,biomass,1.61E-06,2.97E-05,3.06E-05,5.22E-05,1.13E-04,EJ
Australia_NZ,resid others modern_d4,biomass,resid others modern_d4,biomass,9.15E-07,1.72E-05,1.79E-05,3.07E-05,6.72E-05,EJ
Australia_NZ,resid others modern_d4,electricity,resid others modern_d4,electricity,0.0102705,0.0160197,0.0173598,0.0169683,0.0199943,EJ
Australia_NZ,resid others modern_d4,gas,N/A,gas,0.00109846,0.00173062,0.00186593,0.00214637,0.00220111,EJ
Australia_NZ,resid others modern_d4,gas,N/A,hydrogen,0,0,0,0,0,EJ
Australia_NZ,resid others modern_d4,gas,resid others modern_d4,gas,0.00123561,0.00201235,0.00220039,0.00256436,0.00266801,EJ
Australia_NZ,resid others modern_d4,gas,resid others modern_d4,hydrogen,0,0,0,0,0,EJ
Australia_NZ,resid others modern_d4,refined liquids,resid others modern_d4,refined liquids,3.93E-04,4.02E-04,4.75E-04,4.95E-04,5.14E-04,EJ
China,resid others modern_d4,biomass,N/A,biomass,1.41E-06,1.21E-06,1.28E-06,1.84E-06,3.43E-06,EJ
China,resid others modern_d4,biomass,resid others modern_d4,biomass,6.19E-07,5.59E-07,6.16E-07,9.21E-07,1.78E-06,EJ
China,resid others modern_d4,district heat,N/A,district heat,2.31E-04,0.00127946,0.00160725,0.00268037,0.00463949,EJ
China,resid others modern_d4,district heat,resid others modern_d4,district heat,3.07E-04,0.00176721,0.00229607,0.00395334,0.0070832,EJ
China,resid others modern_d4,electricity,resid others modern_d4,electricity,0.00319352,0.0366641,0.0661157,0.121571,0.209433,EJ
China,resid others modern_d4,gas,N/A,gas,9.28E-04,0.00588718,0.0131012,0.0216086,0.0335737,EJ
China,resid others modern_d4,gas,N/A,hydrogen,0,0,0,0,0,EJ
China,resid others modern_d4,gas,resid others modern_d4,gas,8.04E-04,0.00547645,0.012732,0.0218933,0.0356409,EJ
China,resid others modern_d4,gas,resid others modern_d4,hydrogen,0,0,0,0,0,EJ
China,resid others modern_d4,refined liquids,resid others modern_d4,refined liquids,0.00235074,0.0143598,0.0179966,0.0355488,0.0387089,EJ
Russia,resid others modern_d4,district heat,N/A,district heat,0,0.00835237,0.00887038,0.0081584,0.00790359,EJ
Russia,resid others modern_d4,district heat,resid others modern_d4,district heat,0,0.0118138,0.0128,0.01198,0.0118672,EJ
Russia,resid others modern_d4,electricity,resid others modern_d4,electricity,0.0247607,0.0261836,0.0332955,0.039266,0.0484356,EJ
Russia,resid others modern_d4,gas,N/A,gas,0.0390347,0.0303609,0.0333345,0.0345331,0.0525424,EJ
Russia,resid others modern_d4,gas,N/A,hydrogen,0,0,0,0,0,EJ
Russia,resid others modern_d4,gas,resid others modern_d4,gas,0.0352298,0.0289427,0.0327129,0.0348467,0.0548459,EJ
Russia,resid others modern_d4,gas,resid others modern_d4,hydrogen,0,0,0,0,0,EJ
Russia,resid others modern_d4,refined liquids,resid others modern_d4,refined liquids,0.0162065,0.0115646,0.00914353,0.0160101,0.0301465,EJ
Australia_NZ,resid others modern_d5,biomass,N/A,biomass,1.85E-06,3.33E-05,3.44E-05,5.85E-05,1.27E-04,EJ
Australia_NZ,resid others modern_d5,biomass,resid others modern_d5,biomass,1.05E-06,1.93E-05,2.01E-05,3.44E-05,7.56E-05,EJ
Australia_NZ,resid others modern_d5,electricity,resid others modern_d5,electricity,0.0118112,0.0179789,0.0195179,0.0190272,0.0224702,EJ
Australia_NZ,resid others modern_d5,gas,N/A,gas,0.00126325,0.00194228,0.00209789,0.0024068,0.00247368,EJ
Australia_NZ,resid others modern_d5,gas,N/A,hydrogen,0,0,0,0,0,EJ
Australia_NZ,resid others modern_d5,gas,resid others modern_d5,gas,0.00142097,0.00225846,0.00247392,0.0028755,0.0029984,EJ
Australia_NZ,resid others modern_d5,gas,resid others modern_d5,hydrogen,0,0,0,0,0,EJ
Australia_NZ,resid others modern_d5,refined liquids,resid others modern_d5,refined liquids,4.52E-04,4.51E-04,5.35E-04,5.55E-04,5.77E-04,EJ
China,resid others modern_d5,biomass,N/A,biomass,1.68E-06,1.50E-06,1.62E-06,2.25E-06,4.13E-06,EJ
China,resid others modern_d5,biomass,resid others modern_d5,biomass,7.37E-07,6.95E-07,7.82E-07,1.12E-06,2.15E-06,EJ
China,resid others modern_d5,district heat,N/A,district heat,2.76E-04,0.00159028,0.00203754,0.00327357,0.00558918,EJ
China,resid others modern_d5,district heat,resid others modern_d5,district heat,3.66E-04,0.00219652,0.00291077,0.00482828,0.0085331,EJ
China,resid others modern_d5,electricity,resid others modern_d5,electricity,0.0038028,0.045571,0.0838162,0.148476,0.252303,EJ
China,resid others modern_d5,gas,N/A,gas,0.00110471,0.00731737,0.0166087,0.0263909,0.0404461,EJ
China,resid others modern_d5,gas,N/A,hydrogen,0,0,0,0,0,EJ
China,resid others modern_d5,gas,resid others modern_d5,gas,9.57E-04,0.00680685,0.0161406,0.0267385,0.0429364,EJ
China,resid others modern_d5,gas,resid others modern_d5,hydrogen,0,0,0,0,0,EJ
China,resid others modern_d5,refined liquids,resid others modern_d5,refined liquids,0.00279923,0.0178483,0.0228147,0.0434162,0.0466325,EJ
Russia,resid others modern_d5,district heat,N/A,district heat,0,0.00891196,0.00927629,0.00855818,0.00829077,EJ
Russia,resid others modern_d5,district heat,resid others modern_d5,district heat,0,0.0126053,0.0133857,0.0125671,0.0124486,EJ
Russia,resid others modern_d5,electricity,resid others modern_d5,electricity,0.0255979,0.0279378,0.0348191,0.0411901,0.0508084,EJ
Russia,resid others modern_d5,gas,N/A,gas,0.0403545,0.0323951,0.0348598,0.0362252,0.0551163,EJ
Russia,resid others modern_d5,gas,N/A,hydrogen,0,0,0,0,0,EJ
Russia,resid others modern_d5,gas,resid others modern_d5,gas,0.036421,0.0308818,0.0342099,0.0365542,0.0575327,EJ
Russia,resid others modern_d5,gas,resid others modern_d5,hydrogen,0,0,0,0,0,EJ
Russia,resid others modern_d5,refined liquids,resid others modern_d5,refined liquids,0.0167544,0.0123394,0.00956194,0.0167946,0.0316233,EJ
Australia_NZ,resid others modern_d6,biomass,N/A,biomass,2.11E-06,3.69E-05,3.86E-05,6.49E-05,1.41E-04,EJ
Australia_NZ,resid others modern_d6,biomass,resid others modern_d6,biomass,1.20E-06,2.14E-05,2.25E-05,3.82E-05,8.39E-05,EJ
Australia_NZ,resid others modern_d6,electricity,resid others modern_d6,electricity,0.0134259,0.0199243,0.021868,0.0210838,0.0249349,EJ
Australia_NZ,resid others modern_d6,gas,N/A,gas,0.00143594,0.00215244,0.00235049,0.00266694,0.002745,EJ
Australia_NZ,resid others modern_d6,gas,N/A,hydrogen,0,0,0,0,0,EJ
Australia_NZ,resid others modern_d6,gas,resid others modern_d6,gas,0.00161523,0.00250283,0.0027718,0.00318631,0.00332727,EJ
Australia_NZ,resid others modern_d6,gas,resid others modern_d6,hydrogen,0,0,0,0,0,EJ
Australia_NZ,resid others modern_d6,refined liquids,resid others modern_d6,refined liquids,5.13E-04,4.99E-04,5.99E-04,6.15E-04,6.41E-04,EJ
China,resid others modern_d6,biomass,N/A,biomass,1.99E-06,1.85E-06,2.04E-06,2.72E-06,4.92E-06,EJ
China,resid others modern_d6,biomass,resid others modern_d6,biomass,8.69E-07,8.57E-07,9.79E-07,1.36E-06,2.56E-06,EJ
China,resid others modern_d6,district heat,N/A,district heat,3.25E-04,0.00196034,0.00255206,0.00394541,0.00665838,EJ
China,resid others modern_d6,district heat,resid others modern_d6,district heat,4.31E-04,0.00270765,0.0036458,0.00581918,0.0101655,EJ
China,resid others modern_d6,electricity,resid others modern_d6,electricity,0.00448534,0.0561754,0.104982,0.178948,0.300568,EJ
China,resid others modern_d6,gas,N/A,gas,0.00130298,0.00902012,0.0208028,0.0318071,0.0481834,EJ
China,resid others modern_d6,gas,N/A,hydrogen,0,0,0,0,0,EJ
China,resid others modern_d6,gas,resid others modern_d6,gas,0.0011291,0.00839081,0.0202165,0.0322261,0.0511501,EJ
China,resid others modern_d6,gas,resid others modern_d6,hydrogen,0,0,0,0,0,EJ
China,resid others modern_d6,refined liquids,resid others modern_d6,refined liquids,0.00330165,0.0220016,0.0285758,0.0523265,0.0555532,EJ
Russia,resid others modern_d6,district heat,N/A,district heat,0,0.00943026,0.0096333,0.00894043,0.00865791,EJ
Russia,resid others modern_d6,district heat,resid others modern_d6,district heat,0,0.0133384,0.0139009,0.0131284,0.0129999,EJ
Russia,resid others modern_d6,electricity,resid others modern_d6,electricity,0.0263907,0.0295626,0.0361592,0.0430299,0.0530584,EJ
Russia,resid others modern_d6,gas,N/A,gas,0.0416042,0.0342791,0.0362015,0.0378432,0.0575571,EJ
Russia,resid others modern_d6,gas,N/A,hydrogen,0,0,0,0,0,EJ
Russia,resid others modern_d6,gas,resid others modern_d6,gas,0.0375489,0.0326778,0.0355265,0.0381869,0.0600804,EJ
Russia,resid others modern_d6,gas,resid others modern_d6,hydrogen,0,0,0,0,0,EJ
Russia,resid others modern_d6,refined liquids,resid others modern_d6,refined liquids,0.0172733,0.0130571,0.00992995,0.0175448,0.0330237,EJ
Australia_NZ,resid others modern_d7,biomass,N/A,biomass,2.39E-06,4.07E-05,4.31E-05,7.16E-05,1.56E-04,EJ
Australia_NZ,resid others modern_d7,biomass,resid others modern_d7,biomass,1.36E-06,2.36E-05,2.51E-05,4.21E-05,9.27E-05,EJ
Australia_NZ,resid others modern_d7,electricity,resid others modern_d7,electricity,0.0152364,0.0219831,0.0244023,0.0232828,0.0275481,EJ
Australia_NZ,resid others modern_d7,gas,N/A,gas,0.00162958,0.00237485,0.00262289,0.00294509,0.00303268,EJ
Australia_NZ,resid others modern_d7,gas,N/A,hydrogen,0,0,0,0,0,EJ
Australia_NZ,resid others modern_d7,gas,resid others modern_d7,gas,0.00183305,0.00276145,0.00309303,0.00351863,0.00367598,EJ
Australia_NZ,resid others modern_d7,gas,resid others modern_d7,hydrogen,0,0,0,0,0,EJ
Australia_NZ,resid others modern_d7,refined liquids,resid others modern_d7,refined liquids,5.83E-04,5.51E-04,6.68E-04,6.79E-04,7.08E-04,EJ
China,resid others modern_d7,biomass,N/A,biomass,2.36E-06,2.30E-06,2.56E-06,3.28E-06,5.88E-06,EJ
China,resid others modern_d7,biomass,resid others modern_d7,biomass,1.03E-06,1.07E-06,1.23E-06,1.64E-06,3.06E-06,EJ
China,resid others modern_d7,district heat,N/A,district heat,3.87E-04,0.00243743,0.0032053,0.00476466,0.00796467,EJ
China,resid others modern_d7,district heat,resid others modern_d7,district heat,5.13E-04,0.00336662,0.004579,0.00702752,0.0121598,EJ
China,resid others modern_d7,electricity,resid others modern_d7,electricity,0.0053381,0.069847,0.131853,0.216106,0.359536,EJ
China,resid others modern_d7,gas,N/A,gas,0.00155071,0.0112154,0.0261275,0.0384118,0.0576363,EJ
China,resid others modern_d7,gas,N/A,hydrogen,0,0,0,0,0,EJ
China,resid others modern_d7,gas,resid others modern_d7,gas,0.00134377,0.0104329,0.0253912,0.0389178,0.061185,EJ
China,resid others modern_d7,gas,resid others modern_d7,hydrogen,0,0,0,0,0,EJ
China,resid others modern_d7,refined liquids,resid others modern_d7,refined liquids,0.00392936,0.0273562,0.0358902,0.063192,0.066452,EJ
Russia,resid others modern_d7,district heat,N/A,district heat,0,0.00997789,0.0100016,0.00932892,0.00903355,EJ
Russia,resid others modern_d7,district heat,resid others modern_d7,district heat,0,0.014113,0.0144323,0.0136989,0.0135639,EJ
Russia,resid others modern_d7,electricity,resid others modern_d7,electricity,0.0272119,0.0312794,0.0375415,0.0448997,0.0553604,EJ
Russia,resid others modern_d7,gas,N/A,gas,0.0428989,0.0362697,0.0375854,0.0394877,0.0600543,EJ
Russia,resid others modern_d7,gas,N/A,hydrogen,0,0,0,0,0,EJ
Russia,resid others modern_d7,gas,resid others modern_d7,gas,0.0387174,0.0345755,0.0368846,0.0398463,0.0626871,EJ
Russia,resid others modern_d7,gas,resid others modern_d7,hydrogen,0,0,0,0,0,EJ
Russia,resid others modern_d7,refined liquids,resid others modern_d7,refined liquids,0.0178108,0.0138153,0.0103096,0.0183071,0.0344564,EJ
Australia_NZ,resid others modern_d8,biomass,N/A,biomass,2.73E-06,4.51E-05,4.81E-05,7.93E-05,1.72E-04,EJ
Australia_NZ,resid others modern_d8,biomass,resid others modern_d8,biomass,1.55E-06,2.61E-05,2.81E-05,4.66E-05,1.02E-04,EJ
Australia_NZ,resid others modern_d8,electricity,resid others modern_d8,electricity,0.0173916,0.0243253,0.0272524,0.0257773,0.0303753,EJ
Australia_NZ,resid others modern_d8,gas,N/A,gas,0.00186008,0.00262788,0.00292923,0.00326063,0.00334392,EJ
Australia_NZ,resid others modern_d8,gas,N/A,hydrogen,0,0,0,0,0,EJ
Australia_NZ,resid others modern_d8,gas,resid others modern_d8,gas,0.00209233,0.00305567,0.00345428,0.00389561,0.00405324,EJ
Australia_NZ,resid others modern_d8,gas,resid others modern_d8,hydrogen,0,0,0,0,0,EJ
Australia_NZ,resid others modern_d8,refined liquids,resid others modern_d8,refined liquids,6.65E-04,6.10E-04,7.46E-04,7.51E-04,7.80E-04,EJ
China,resid others modern_d8,biomass,N/A,biomass,2.90E-06,2.93E-06,3.25E-06,4.02E-06,7.16E-06,EJ
China,resid others modern_d8,biomass,resid others modern_d8,biomass,1.27E-06,1.36E-06,1.56E-06,2.01E-06,3.72E-06,EJ
China,resid others modern_d8,district heat,N/A,district heat,4.75E-04,0.0031018,0.00407364,0.0058466,0.00969521,EJ
China,resid others modern_d8,district heat,resid others modern_d8,district heat,6.30E-04,0.00428426,0.00581948,0.0086233,0.0148018,EJ
China,resid others modern_d8,electricity,resid others modern_d8,electricity,0.00654924,0.0888853,0.167573,0.265179,0.437655,EJ
China,resid others modern_d8,gas,N/A,gas,0.00190254,0.0142724,0.0332056,0.0471342,0.0701593,EJ
China,resid others modern_d8,gas,N/A,hydrogen,0,0,0,0,0,EJ
China,resid others modern_d8,gas,resid others modern_d8,gas,0.00164865,0.0132766,0.0322698,0.0477551,0.0744791,EJ
China,resid others modern_d8,gas,resid others modern_d8,hydrogen,0,0,0,0,0,EJ
China,resid others modern_d8,refined liquids,resid others modern_d8,refined liquids,0.00482087,0.0348127,0.0456131,0.0775414,0.0808905,EJ
Russia,resid others modern_d8,district heat,N/A,district heat,0,0.0105753,0.0104177,0.00974117,0.00944515,EJ
Russia,resid others modern_d8,district heat,resid others modern_d8,district heat,0,0.0149579,0.0150327,0.0143042,0.0141819,EJ
Russia,resid others modern_d8,electricity,resid others modern_d8,electricity,0.0281455,0.0331521,0.0391033,0.0468838,0.0578828,EJ
Russia,resid others modern_d8,gas,N/A,gas,0.0443707,0.0384412,0.039149,0.0412326,0.0627906,EJ
Russia,resid others modern_d8,gas,N/A,hydrogen,0,0,0,0,0,EJ
Russia,resid others modern_d8,gas,resid others modern_d8,gas,0.0400457,0.0366455,0.0384191,0.0416071,0.0655434,EJ
Russia,resid others modern_d8,gas,resid others modern_d8,hydrogen,0,0,0,0,0,EJ
Russia,resid others modern_d8,refined liquids,resid others modern_d8,refined liquids,0.0184219,0.0146424,0.0107384,0.0191161,0.0360264,EJ
Australia_NZ,resid others modern_d9,biomass,N/A,biomass,3.16E-06,5.00E-05,5.39E-05,8.83E-05,1.92E-04,EJ
Australia_NZ,resid others modern_d9,biomass,resid others modern_d9,biomass,1.79E-06,2.90E-05,3.14E-05,5.20E-05,1.14E-04,EJ
Australia_NZ,resid others modern_d9,electricity,resid others modern_d9,electricity,0.0201054,0.027004,0.0305389,0.0287191,0.0339199,EJ
Australia_NZ,resid others modern_d9,gas,N/A,gas,0.00215034,0.00291726,0.00328248,0.00363274,0.00373413,EJ
Australia_NZ,resid others modern_d9,gas,N/A,hydrogen,0,0,0,0,0,EJ
Australia_NZ,resid others modern_d9,gas,resid others modern_d9,gas,0.00241883,0.00339216,0.00387085,0.00434019,0.00452621,EJ
Australia_NZ,resid others modern_d9,gas,resid others modern_d9,hydrogen,0,0,0,0,0,EJ
Australia_NZ,resid others modern_d9,refined liquids,resid others modern_d9,refined liquids,7.69E-04,6.77E-04,8.36E-04,8.37E-04,8.71E-04,EJ
China,resid others modern_d9,biomass,N/A,biomass,3.98E-06,4.00E-06,4.39E-06,5.21E-06,9.20E-06,EJ
China,resid others modern_d9,biomass,resid others modern_d9,biomass,1.74E-06,1.85E-06,2.11E-06,2.60E-06,4.78E-06,EJ
China,resid others modern_d9,district heat,N/A,district heat,6.51E-04,0.00423268,0.00550678,0.00756684,0.0124454,EJ
China,resid others modern_d9,district heat,resid others modern_d9,district heat,8.63E-04,0.00584624,0.00786682,0.0111605,0.0190007,EJ
China,resid others modern_d9,electricity,resid others modern_d9,electricity,0.00898081,0.121292,0.226527,0.343202,0.561804,EJ
China,resid others modern_d9,gas,N/A,gas,0.00260891,0.0194759,0.0448877,0.0610025,0.0900614,EJ
China,resid others modern_d9,gas,N/A,hydrogen,0,0,0,0,0,EJ
China,resid others modern_d9,gas,resid others modern_d9,gas,0.00226075,0.0181171,0.0436226,0.0618059,0.0956066,EJ
China,resid others modern_d9,gas,resid others modern_d9,hydrogen,0,0,0,0,0,EJ
China,resid others modern_d9,refined liquids,resid others modern_d9,refined liquids,0.00661074,0.0475049,0.0616602,0.100356,0.103837,EJ
Russia,resid others modern_d9,district heat,N/A,district heat,0,0.011292,0.0109589,0.0103078,0.00997648,EJ
Russia,resid others modern_d9,district heat,resid others modern_d9,district heat,0,0.0159717,0.0158138,0.0151363,0.0149797,EJ
Russia,resid others modern_d9,electricity,resid others modern_d9,electricity,0.0293874,0.0353989,0.0411351,0.0496112,0.0611389,EJ
Russia,resid others modern_d9,gas,N/A,gas,0.0463285,0.0410464,0.0411832,0.0436313,0.0663228,EJ
Russia,resid others modern_d9,gas,N/A,hydrogen,0,0,0,0,0,EJ
Russia,resid others modern_d9,gas,resid others modern_d9,gas,0.0418127,0.0391291,0.0404153,0.0440275,0.0692305,EJ
Russia,resid others modern_d9,gas,resid others modern_d9,hydrogen,0,0,0,0,0,EJ
Russia,resid others modern_d9,refined liquids,resid others modern_d9,refined liquids,0.0192347,0.0156348,0.0112964,0.0202282,0.038053,EJ
Australia_NZ,sawnwood_processing,sawnwood,sawnwood_processing,sawnwood,0.0069295,0.0132492,0.0121871,0.0127564,0.0122284,m3
China,sawnwood_processing,sawnwood,sawnwood_processing,sawnwood,0.02563,0.0863947,0.155744,0.228298,0.23526,m3
Russia,sawnwood_processing,sawnwood,sawnwood_processing,sawnwood,0.0908177,0.031884,0.0394133,0.0494062,0.058763,m3
Australia_NZ,total beef,domestic beef,total beef,domestic beef,0.911546,0.979954,1.31604,1.09363,1.01554,Mt
Australia_NZ,total beef,imported beef,total beef,imported beef,0.00728541,0.0201424,0.00868575,0.0056836,0.014913,Mt
China,total beef,domestic beef,total beef,domestic beef,1.07585,5.62684,6.1825,6.17437,7.66722,Mt
China,total beef,imported beef,total beef,imported beef,0.0594907,0.126621,0.321747,1.04116,3.10936,Mt
Russia,total beef,domestic beef,total beef,domestic beef,4.1918,1.819,1.7078,1.63317,1.6562,Mt
Russia,total beef,imported beef,total beef,imported beef,0.970059,0.777564,0.898495,0.6239,0.234709,Mt
Australia_NZ,total biomass,domestic biomass,total biomass,domestic biomass,0.0759222,0.122537,0.126818,0.144997,0.149776,EJ
Australia_NZ,total biomass,imported biomass,total biomass,imported biomass,0.0228854,0.0357125,0.0419872,0.0411496,0.0289208,EJ
China,total biomass,domestic biomass,total biomass,domestic biomass,5.08E-04,0.272063,0.873714,1.31251,2.71595,EJ
China,total biomass,imported biomass,total biomass,imported biomass,3.07E-05,0.0170066,0.0574462,0.0889487,0.214075,EJ
Russia,total biomass,domestic biomass,total biomass,domestic biomass,0.214219,0.197481,0.204333,0.227267,0.337215,EJ
Russia,total biomass,imported biomass,total biomass,imported biomass,0.0266704,0.03499,0.0330127,0.0341508,0.0432843,EJ
Australia_NZ,total corn,domestic corn,total corn,domestic corn,0.502746,0.696144,0.614287,0.675898,0.504162,Mt
Australia_NZ,total corn,imported corn,total corn,imported corn,0.0318519,0.0728119,0.520475,0.673747,0.523241,Mt
China,total corn,domestic corn,total corn,domestic corn,133.882,148.561,214.877,410.894,464.938,Mt
China,total corn,imported corn,total corn,imported corn,0.250955,0.166164,1.63077,5.59549,21.5982,Mt
Russia,total corn,domestic corn,total corn,domestic corn,3.68684,3.95233,4.51118,9.50594,12.9265,Mt
Russia,total corn,imported corn,total corn,imported corn,11.1193,0.393208,0.136489,0.0764591,0.0770309,Mt
Australia_NZ,total dairy,domestic dairy,total dairy,domestic dairy,6.2944,8.36167,10.6704,10.932,11.1718,Mt
Australia_NZ,total dairy,imported dairy,total dairy,imported dairy,0.22024,0.715335,0.318872,0.160302,0.321089,Mt
China,total dairy,domestic dairy,total dairy,domestic dairy,6.74766,30.1624,35.3219,35.7462,39.9589,Mt
China,total dairy,imported dairy,total dairy,imported dairy,0.588959,1.76932,3.68435,6.91253,10.6583,Mt
Russia,total dairy,domestic dairy,total dairy,domestic dairy,54.7025,31.1545,31.7791,30.3231,32.3667,Mt
Russia,total dairy,imported dairy,total dairy,imported dairy,0.764003,2.25282,2.2217,2.33711,1.15913,Mt
Australia_NZ,total fibercrop,domestic fibercrop,total fibercrop,domestic fibercrop,0.507603,0.804529,0.588114,1.06191,0.573761,Mt
Australia_NZ,total fibercrop,imported fibercrop,total fibercrop,imported fibercrop,0.0119605,0.0090686,0.0190352,0.023127,0.1486,Mt
China,total fibercrop,domestic fibercrop,total fibercrop,domestic fibercrop,16.0512,20.1545,19.1601,17.7965,18.5624,Mt
China,total fibercrop,imported fibercrop,total fibercrop,imported fibercrop,0.695946,3.37191,3.50946,1.99095,2.81176,Mt
Russia,total fibercrop,domestic fibercrop,total fibercrop,domestic fibercrop,0.14697,0.0980495,0.0923629,0.0911985,0.0791018,Mt
Russia,total fibercrop,imported fibercrop,total fibercrop,imported fibercrop,0.0612672,0.345621,0.124941,0.0732715,0.0316244,Mt
Australia_NZ,total fruits,domestic fruits,total fruits,domestic fruits,2.267,3.63296,3.49224,3.04494,3.68137,Mt
Australia_NZ,total fruits,imported fruits,total fruits,imported fruits,0.313793,1.05749,1.24392,1.36612,1.0319,Mt
China,total fruits,domestic fruits,total fruits,domestic fruits,19.0192,87.1682,113.935,139.01,167.4,Mt
China,total fruits,imported fruits,total fruits,imported fruits,0.708006,2.53809,3.46642,5.00261,8.98185,Mt
Russia,total fruits,domestic fruits,total fruits,domestic fruits,3.18011,3.46823,2.72329,3.37036,4.5598,Mt
Russia,total fruits,imported fruits,total fruits,imported fruits,1.7431,6.31129,7.78588,6.89308,6.63786,Mt
Australia_NZ,total legumes,domestic legumes,total legumes,domestic legumes,1.20404,1.5075,1.93437,1.0877,1.83455,Mt
Australia_NZ,total legumes,imported legumes,total legumes,imported legumes,0.0168412,0.02155,0.0165561,0.08002,0.112128,Mt
China,total legumes,domestic legumes,total legumes,domestic legumes,6.80792,6.16511,5.13557,4.65643,6.04402,Mt
China,total legumes,imported legumes,total legumes,imported legumes,0.12666,0.260193,0.6667,1.26564,2.90772,Mt
Russia,total legumes,domestic legumes,total legumes,domestic legumes,3.9709,1.97739,1.78343,1.94822,3.56686,Mt
Russia,total legumes,imported legumes,total legumes,imported legumes,1.73E-04,0.0320278,0.044557,0.0395004,0.0432918,Mt
Australia_NZ,total misccrop,domestic misccrop,total misccrop,domestic misccrop,0.0990453,0.0957478,0.0967065,0.0388093,0.0469002,Mt
Australia_NZ,total misccrop,imported misccrop,total misccrop,imported misccrop,0.18968,0.295122,0.216418,0.274371,0.282371,Mt
China,total misccrop,domestic misccrop,total misccrop,domestic misccrop,4.55269,6.72645,10.3231,13.834,16.8609,Mt
China,total misccrop,imported misccrop,total misccrop,imported misccrop,0.605382,2.74128,1.51266,0.837964,1.44425,Mt
Russia,total misccrop,domestic misccrop,total misccrop,domestic misccrop,0.102509,0.0861899,0.0861882,0.145481,0.261261,Mt
Russia,total misccrop,imported misccrop,total misccrop,imported misccrop,0.603323,1.02352,0.732194,0.614201,0.47542,Mt
Australia_NZ,total nuts_seeds,domestic nuts_seeds,total nuts_seeds,domestic nuts_seeds,0.183284,0.202327,0.228822,0.172933,0.134295,Mt
Australia_NZ,total nuts_seeds,imported nuts_seeds,total nuts_seeds,imported nuts_seeds,0.0619586,0.124813,0.129995,0.169708,0.312671,Mt
China,total nuts_seeds,domestic nuts_seeds,total nuts_seeds,domestic nuts_seeds,6.33323,15.8006,20.3825,22.1601,25.3272,Mt
China,total nuts_seeds,imported nuts_seeds,total nuts_seeds,imported nuts_seeds,0.197662,0.277754,0.581134,1.09131,2.92059,Mt
Russia,total nuts_seeds,domestic nuts_seeds,total nuts_seeds,domestic nuts_seeds,0.0147989,0.0167634,0.0157757,0.0108415,0.0151657,Mt
Russia,total nuts_seeds,imported nuts_seeds,total nuts_seeds,imported nuts_seeds,0.0441117,0.234492,0.275321,0.213491,0.324918,Mt
Australia_NZ,total oilcrop,domestic oilcrop,total oilcrop,domestic oilcrop,1.9547,1.6968,1.70742,1.36808,1.39543,Mt
Australia_NZ,total oilcrop,imported oilcrop,total oilcrop,imported oilcrop,0.180591,0.470554,0.407152,0.512333,0.550035,Mt
China,total oilcrop,domestic oilcrop,total oilcrop,domestic oilcrop,16.0045,24.1666,25.3689,25.8196,22.7368,Mt
China,total oilcrop,imported oilcrop,total oilcrop,imported oilcrop,0.879136,1.73081,6.76352,11.0537,17.0865,Mt
Russia,total oilcrop,domestic oilcrop,total oilcrop,domestic oilcrop,6.21047,7.08006,8.53029,9.16209,13.5025,Mt
Russia,total oilcrop,imported oilcrop,total oilcrop,imported oilcrop,0.35745,0.572408,0.600609,0.563807,0.75185,Mt
Australia_NZ,total oilpalm,domestic oilpalm,total oilpalm,domestic oilpalm,0.0937227,0.0907227,0.0894926,0.0764635,0.104908,Mt
Australia_NZ,total oilpalm,imported oilpalm,total oilpalm,imported oilpalm,0.206701,0.495162,4.10143,7.34816,8.0105,Mt
China,total oilpalm,domestic oilpalm,total oilpalm,domestic oilpalm,0.899342,0.778198,0.656795,4.13088,10.5498,Mt
China,total oilpalm,imported oilpalm,total oilpalm,imported oilpalm,3.92086,16.1627,20.7739,21.0233,26.0057,Mt
Russia,total oilpalm,domestic oilpalm,total oilpalm,domestic oilpalm,0.0855734,0.0777957,0.0777957,0.231677,0.408972,Mt
Russia,total oilpalm,imported oilpalm,total oilpalm,imported oilpalm,0.375463,0.933145,1.55374,2.53905,2.88665,Mt
Australia_NZ,total othergrain,domestic othergrain,total othergrain,domestic othergrain,19.083,16.4101,9.99789,9.71061,9.90049,Mt
Australia_NZ,total othergrain,imported othergrain,total othergrain,imported othergrain,0.034674,0.0891966,0.0589937,0.0689936,0.0741824,Mt
China,total othergrain,domestic othergrain,total othergrain,domestic othergrain,24.6552,17.4111,14.6586,12.0931,26.4341,Mt
China,total othergrain,imported othergrain,total othergrain,imported othergrain,0.665361,2.09868,1.79524,12.985,17.4692,Mt
Russia,total othergrain,domestic othergrain,total othergrain,domestic othergrain,51.2226,28.9507,28.0076,25.9963,26.2583,Mt
Russia,total othergrain,imported othergrain,total othergrain,imported othergrain,3.17803,0.71557,0.436699,0.510177,0.259035,Mt
Australia_NZ,total pork,domestic pork,total pork,domestic pork,0.348252,0.391487,0.347137,0.387276,0.454144,Mt
Australia_NZ,total pork,imported pork,total pork,imported pork,0.00513893,0.137703,0.200896,0.221153,0.230067,Mt
China,total pork,domestic pork,total pork,domestic pork,22.5788,44.6277,50.3061,55.6885,50.885,Mt
China,total pork,imported pork,total pork,imported pork,0.141727,0.493923,0.778859,1.33718,3.57901,Mt
Russia,total pork,domestic pork,total pork,domestic pork,3.58103,1.62008,2.2838,3.21124,4.2826,Mt
Russia,total pork,imported pork,total pork,imported pork,0.347217,0.661527,0.826201,0.376968,0.017113,Mt
Australia_NZ,total poultry,domestic poultry,total poultry,domestic poultry,0.70125,1.10694,1.31647,1.61997,1.80917,Mt
Australia_NZ,total poultry,imported poultry,total poultry,imported poultry,0,0.00347726,0.00692741,0.00651776,0.00889818,Mt
China,total poultry,domestic poultry,total poultry,domestic poultry,11.3551,36.6429,43.5023,47.8945,57.3817,Mt
China,total poultry,imported poultry,total poultry,imported poultry,0.354508,1.07695,1.60957,1.36439,1.85771,Mt
Russia,total poultry,domestic poultry,total poultry,domestic poultry,4.88988,3.41074,4.85075,6.36064,7.16317,Mt
Russia,total poultry,imported poultry,total poultry,imported poultry,0.177244,1.29995,0.774151,0.432471,0.244849,Mt
Australia_NZ,total rice,domestic rice,total rice,domestic rice,0.653434,1.08182,0.625178,0.535827,0.381883,Mt
Australia_NZ,total rice,imported rice,total rice,imported rice,0.0690474,0.264262,0.31865,0.254459,0.400719,Mt
China,total rice,domestic rice,total rice,domestic rice,240.944,239.926,254.969,312.84,364.725,Mt
China,total rice,imported rice,total rice,imported rice,1.44861,1.66403,1.06592,6.26682,7.01448,Mt
Russia,total rice,domestic rice,total rice,domestic rice,0.897003,0.697206,0.96137,0.993401,1.13287,Mt
Russia,total rice,imported rice,total rice,imported rice,0.496374,0.637097,0.324608,0.494325,0.335048,Mt
Australia_NZ,total root_tuber,domestic root_tuber,total root_tuber,domestic root_tuber,1.7216,2.14541,2.03119,2.02492,2.05368,Mt
Australia_NZ,total root_tuber,imported root_tuber,total root_tuber,imported root_tuber,0.0931683,0.205956,0.356283,0.32054,0.353307,Mt
China,total root_tuber,domestic root_tuber,total root_tuber,domestic root_tuber,175.765,207.241,184.017,177.143,190.924,Mt
China,total root_tuber,imported root_tuber,total root_tuber,imported root_tuber,1.46992,15.4859,21.3306,39.7792,34.8568,Mt
Russia,total root_tuber,domestic root_tuber,total root_tuber,domestic root_tuber,55.4757,46.6796,49.6516,49.0698,33.114,Mt
Russia,total root_tuber,imported root_tuber,total root_tuber,imported root_tuber,2.21293,0.506231,1.19003,1.00361,0.729333,Mt
Australia_NZ,total sheepgoat,domestic sheepgoat,total sheepgoat,domestic sheepgoat,0.608347,0.465162,0.491776,0.410437,0.355365,Mt
Australia_NZ,total sheepgoat,imported sheepgoat,total sheepgoat,imported sheepgoat,0.00291216,0.00329625,0.00224988,2.13E-04,0.00604701,Mt
China,total sheepgoat,domestic sheepgoat,total sheepgoat,domestic sheepgoat,1.06758,3.47231,3.96364,4.57104,5.08666,Mt
China,total sheepgoat,imported sheepgoat,total sheepgoat,imported sheepgoat,0.00300059,0.0450386,0.0895292,0.257264,0.390381,Mt
Russia,total sheepgoat,domestic sheepgoat,total sheepgoat,domestic sheepgoat,0.356981,0.151398,0.191696,0.210425,0.213221,Mt
Russia,total sheepgoat,imported sheepgoat,total sheepgoat,imported sheepgoat,0.062357,0.00867471,0.00943909,0.00577254,8.77E-04,Mt
Australia_NZ,total soybean,domestic soybean,total soybean,domestic soybean,0.135823,0.0942915,0.122081,0.162637,0.12871,Mt
Australia_NZ,total soybean,imported soybean,total soybean,imported soybean,0.14502,0.468937,0.724273,0.996033,1.34813,Mt
China,total soybean,domestic soybean,total soybean,domestic soybean,13.4452,21.6717,26.1278,25.6593,26.6876,Mt
China,total soybean,imported soybean,total soybean,imported soybean,0.507784,27.485,51.2506,79.7679,96.9272,Mt
Russia,total soybean,domestic soybean,total soybean,domestic soybean,1.06121,1.04579,1.41136,1.75845,3.00968,Mt
Russia,total soybean,imported soybean,total soybean,imported soybean,3.4447,0.652052,1.36429,2.37314,2.27572,Mt
Australia_NZ,total sugarcrop,domestic sugarcrop,total sugarcrop,domestic sugarcrop,22.1416,35.8321,21.0172,20.0688,23.5277,Mt
Australia_NZ,total sugarcrop,imported sugarcrop,total sugarcrop,imported sugarcrop,0.207189,0.442209,1.47264,2.77192,1.83628,Mt
China,total sugarcrop,domestic sugarcrop,total sugarcrop,domestic sugarcrop,129.605,158.8,176.411,204.778,180.447,Mt
China,total sugarcrop,imported sugarcrop,total sugarcrop,imported sugarcrop,1.63536,1.80939,11.8671,31.4087,45.0194,Mt
Russia,total sugarcrop,domestic sugarcrop,total sugarcrop,domestic sugarcrop,74.9119,75.4044,74.8815,72.6708,80.8915,Mt
Russia,total sugarcrop,imported sugarcrop,total sugarcrop,imported sugarcrop,3.36528,3.11467,17.076,10.0969,3.54615,Mt
Australia_NZ,total vegetables,domestic vegetables,total vegetables,domestic vegetables,1.76332,2.29237,2.39106,2.37301,2.20854,Mt
Australia_NZ,total vegetables,imported vegetables,total vegetables,imported vegetables,0.162149,0.438309,0.563903,0.555782,0.709268,Mt
China,total vegetables,domestic vegetables,total vegetables,domestic vegetables,126.793,425.95,513.629,578.342,625.846,Mt
China,total vegetables,imported vegetables,total vegetables,imported vegetables,0.725294,0.977748,0.753529,0.650704,0.835747,Mt
Russia,total vegetables,domestic vegetables,total vegetables,domestic vegetables,12.9155,12.4516,14.7416,16.4861,14.8271,Mt
Russia,total vegetables,imported vegetables,total vegetables,imported vegetables,0.432541,2.41305,3.39216,2.96903,2.03351,Mt
Australia_NZ,total wheat,domestic wheat,total wheat,domestic wheat,57.0582,30.0818,10.6766,12.2046,10.2121,Mt
Australia_NZ,total wheat,imported wheat,total wheat,imported wheat,0.252908,0.87426,0.286928,0.247539,0.540211,Mt
China,total wheat,domestic wheat,total wheat,domestic wheat,171.869,128.875,161.602,204.741,276.917,Mt
China,total wheat,imported wheat,total wheat,imported wheat,14.1835,4.4554,1.6291,3.93763,11.7598,Mt
Russia,total wheat,domestic wheat,total wheat,domestic wheat,45.41,38.4476,39.1568,46.4873,63.8701,Mt
Russia,total wheat,imported wheat,total wheat,imported wheat,7.57585,1.63329,0.27122,0.674337,0.307503,Mt
Australia_NZ,trn_aviation_intl,International Aviation,trn_aviation_intl,BEV,0,0,0,0,0,million pass-km
Australia_NZ,trn_aviation_intl,International Aviation,trn_aviation_intl,Hydrogen,0,0,0,0,0,million pass-km
Australia_NZ,trn_aviation_intl,International Aviation,trn_aviation_intl,Liquids,43822.9,70092.4,96241.4,114097,52258.7,million pass-km
China,trn_aviation_intl,International Aviation,trn_aviation_intl,BEV,0,0,0,0,0,million pass-km
China,trn_aviation_intl,International Aviation,trn_aviation_intl,Hydrogen,0,0,0,0,0,million pass-km
China,trn_aviation_intl,International Aviation,trn_aviation_intl,Liquids,40782.8,142960,191318,264497,256158,million pass-km
Russia,trn_aviation_intl,International Aviation,trn_aviation_intl,BEV,0,0,0,0,0,million pass-km
Russia,trn_aviation_intl,International Aviation,trn_aviation_intl,Hydrogen,0,0,0,0,0,million pass-km
Russia,trn_aviation_intl,International Aviation,trn_aviation_intl,Liquids,136718,77919.1,88449.3,80320.8,95658.6,million pass-km
Australia_NZ,trn_freight,Domestic Ship,trn_freight,BEV,0,0,0,0,0,million ton-km
Australia_NZ,trn_freight,Domestic Ship,trn_freight,FCEV,0,0,0,0,0,million ton-km
Australia_NZ,trn_freight,Domestic Ship,trn_freight,Hybrid Liquids,0,0,0,0,0,million ton-km
Australia_NZ,trn_freight,Domestic Ship,trn_freight,Liquids,77931.8,45950.4,95068.3,86139.2,140448,million ton-km
Australia_NZ,trn_freight,Freight Rail,trn_freight,BEV,0,0,0,0,0,million ton-km
Australia_NZ,trn_freight,Freight Rail,trn_freight,Coal,2619.2,6390.88,3321.8,35.0435,0,million ton-km
Australia_NZ,trn_freight,Freight Rail,trn_freight,Electric,42859.9,80931.2,84667.5,131368,146494,million ton-km
Australia_NZ,trn_freight,Freight Rail,trn_freight,FCEV,0,0,0,0,0,million ton-km
Australia_NZ,trn_freight,Freight Rail,trn_freight,Hybrid Liquids,0,0,0,0,0,million ton-km
Australia_NZ,trn_freight,Freight Rail,trn_freight,Liquids,133323,175907,185787,193850,188781,million ton-km
Australia_NZ,trn_freight,road,trn_freight,road,155401,205037,218003,229005,224845,million ton-km
China,trn_freight,Domestic Ship,trn_freight,BEV,0,0,0,0,0,million ton-km
China,trn_freight,Domestic Ship,trn_freight,FCEV,0,0,0,0,0,million ton-km
China,trn_freight,Domestic Ship,trn_freight,Hybrid Liquids,0,0,0,0,0,million ton-km
China,trn_freight,Domestic Ship,trn_freight,Liquids,307477,1711210,1983320,2591400,3145870,million ton-km
China,trn_freight,Freight Rail,trn_freight,BEV,0,0,0,0,0,million ton-km
China,trn_freight,Freight Rail,trn_freight,Coal,228916,0,0,105.046,0,million ton-km
China,trn_freight,Freight Rail,trn_freight,Electric,212793,683810,1359440,2453220,5173140,million ton-km
China,trn_freight,Freight Rail,trn_freight,FCEV,0,0,0,0,0,million ton-km
China,trn_freight,Freight Rail,trn_freight,Hybrid Liquids,0,0,0,0,0,million ton-km
China,trn_freight,Freight Rail,trn_freight,Liquids,286337,1573240,2244450,3218730,3598620,million ton-km
China,trn_freight,road,trn_freight,road,202420,1071340,1533220,2210640,2489040,million ton-km
Russia,trn_freight,Domestic Ship,trn_freight,BEV,0,0,0,0,0,million ton-km
Russia,trn_freight,Domestic Ship,trn_freight,FCEV,0,0,0,0,0,million ton-km
Russia,trn_freight,Domestic Ship,trn_freight,Hybrid Liquids,0,0,0,0,0,million ton-km
Russia,trn_freight,Domestic Ship,trn_freight,Liquids,566958,150715,77457.4,71410.4,49430,million ton-km
Russia,trn_freight,Freight Rail,trn_freight,BEV,0,0,0,0,0,million ton-km
Russia,trn_freight,Freight Rail,trn_freight,Coal,0,0,0,0,0,million ton-km
Russia,trn_freight,Freight Rail,trn_freight,Electric,1826990,1576150,1631490,1698600,1669920,million ton-km
Russia,trn_freight,Freight Rail,trn_freight,FCEV,0,0,0,0,0,million ton-km
Russia,trn_freight,Freight Rail,trn_freight,Hybrid Liquids,0,0,0,0,0,million ton-km
Russia,trn_freight,Freight Rail,trn_freight,Liquids,416928,290216,354686,380557,419629,million ton-km
Russia,trn_freight,road,trn_freight,road,357758,249029,306071,330272,366693,million ton-km
Australia_NZ,trn_freight_road,Heavy truck,trn_freight_road,BEV,0,0,0,0,0,million ton-km
Australia_NZ,trn_freight_road,Heavy truck,trn_freight_road,FCEV,0,0,0,0,0,million ton-km
Australia_NZ,trn_freight_road,Heavy truck,trn_freight_road,Hybrid Liquids,0,0,0,0,0,million ton-km
Australia_NZ,trn_freight_road,Heavy truck,trn_freight_road,Liquids,112317,148191,157294,164944,161602,million ton-km
Australia_NZ,trn_freight_road,Light truck,trn_freight_road,BEV,0,0,0,0,0,million ton-km
Australia_NZ,trn_freight_road,Light truck,trn_freight_road,FCEV,0,0,0,0,0,million ton-km
Australia_NZ,trn_freight_road,Light truck,trn_freight_road,Hybrid Liquids,0,0,0,0,0,million ton-km
Australia_NZ,trn_freight_road,Light truck,trn_freight_road,Liquids,43084.3,56845.8,60709.3,64061.6,63242.7,million ton-km
China,trn_freight_road,Heavy truck,trn_freight_road,BEV,0,0,0,0,0,million ton-km
China,trn_freight_road,Heavy truck,trn_freight_road,FCEV,0,0,0,0,0,million ton-km
China,trn_freight_road,Heavy truck,trn_freight_road,Hybrid Liquids,0,0,0,0,0,million ton-km
China,trn_freight_road,Heavy truck,trn_freight_road,Liquids,92816.5,504217,721641,1040160,1169150,million ton-km
China,trn_freight_road,Light truck,trn_freight_road,BEV,0,0,0,0,0,million ton-km
China,trn_freight_road,Light truck,trn_freight_road,FCEV,0,0,0,0,0,million ton-km
China,trn_freight_road,Light truck,trn_freight_road,Hybrid Liquids,0,0,0,0,0,million ton-km
China,trn_freight_road,Light truck,trn_freight_road,Liquids,60077.4,338791,489648,711120,806482,million ton-km
China,trn_freight_road,Light truck,trn_freight_road,NG,0,1.13598,5.2669,13.3436,21.2502,million ton-km
China,trn_freight_road,Medium truck,trn_freight_road,BEV,0,0,0,0,0,million ton-km
China,trn_freight_road,Medium truck,trn_freight_road,FCEV,0,0,0,0,0,million ton-km
China,trn_freight_road,Medium truck,trn_freight_road,Hybrid Liquids,0,0,0,0,0,million ton-km
China,trn_freight_road,Medium truck,trn_freight_road,Liquids,49526,228329,321923,459343,513389,million ton-km
Russia,trn_freight_road,Heavy truck,trn_freight_road,BEV,0,0,0,0,0,million ton-km
Russia,trn_freight_road,Heavy truck,trn_freight_road,FCEV,0,0,0,0,0,million ton-km
Russia,trn_freight_road,Heavy truck,trn_freight_road,Hybrid Liquids,0,0,0,0,0,million ton-km
Russia,trn_freight_road,Heavy truck,trn_freight_road,Liquids,279436,194510,238904,257615,285783,million ton-km
Russia,trn_freight_road,Light truck,trn_freight_road,BEV,0,0,0,0,0,million ton-km
Russia,trn_freight_road,Light truck,trn_freight_road,FCEV,0,0,0,0,0,million ton-km
Russia,trn_freight_road,Light truck,trn_freight_road,Hybrid Liquids,0,0,0,0,0,million ton-km
Russia,trn_freight_road,Light truck,trn_freight_road,Liquids,39135.8,27241.6,33665.2,36529.9,40833.2,million ton-km
Russia,trn_freight_road,Medium truck,trn_freight_road,BEV,0,0,0,0,0,million ton-km
Russia,trn_freight_road,Medium truck,trn_freight_road,FCEV,0,0,0,0,0,million ton-km
Russia,trn_freight_road,Medium truck,trn_freight_road,Hybrid Liquids,0,0,0,0,0,million ton-km
Russia,trn_freight_road,Medium truck,trn_freight_road,Liquids,39186.7,27277.1,33502.6,36126.5,40076.6,million ton-km
Australia_NZ,trn_pass,Cycle,trn_pass,Cycle,2808.99,3338.98,3621.97,3902.97,4265.97,million pass-km
Australia_NZ,trn_pass,Domestic Aviation,trn_pass,BEV,0,0,0,0,0,million pass-km
Australia_NZ,trn_pass,Domestic Aviation,trn_pass,Hydrogen,0,0,0,0,0,million pass-km
Australia_NZ,trn_pass,Domestic Aviation,trn_pass,Liquids,16531.7,26441.6,36303.6,43039.5,19713.4,million pass-km
Australia_NZ,trn_pass,HSR,trn_pass,Electric,0,0,0,0,0,million pass-km
Australia_NZ,trn_pass,Passenger Rail,trn_pass,Electric,11369.3,21468.1,22459.4,34847.5,38859.8,million pass-km
Australia_NZ,trn_pass,Passenger Rail,trn_pass,Liquids,1790.28,2362.15,2494.85,2603.12,2535.02,million pass-km
Australia_NZ,trn_pass,Walk,trn_pass,Walk,8652.95,10285.9,11157.9,12023.9,13140.9,million pass-km
Australia_NZ,trn_pass,road,trn_pass,road,257857,338775,370736,402019,407666,million pass-km
China,trn_pass,Cycle,trn_pass,Cycle,814256,921034,951602,983746,1006450,million pass-km
China,trn_pass,Domestic Aviation,trn_pass,BEV,0,0,0,0,0,million pass-km
China,trn_pass,Domestic Aviation,trn_pass,Hydrogen,0,0,0,0,0,million pass-km
China,trn_pass,Domestic Aviation,trn_pass,Liquids,11718.4,103987,177189,282569,383276,million pass-km
China,trn_pass,HSR,trn_pass,Electric,0,0,0,0,0,million pass-km
China,trn_pass,Passenger Rail,trn_pass,Electric,57375.9,186034,370079,668129,1409400,million pass-km
China,trn_pass,Passenger Rail,trn_pass,Liquids,96228.9,525191,748813,1073370,1199940,million pass-km
China,trn_pass,Walk,trn_pass,Walk,205432,232500,240221,248356,254083,million pass-km
China,trn_pass,road,trn_pass,road,1022280,5392020,8297800,1.28E+07,1.57E+07,million pass-km
Russia,trn_pass,Cycle,trn_pass,Cycle,39451.5,38330.5,38182.6,38562.6,38678.6,million pass-km
Russia,trn_pass,Domestic Aviation,trn_pass,BEV,0,0,0,0,0,million pass-km
Russia,trn_pass,Domestic Aviation,trn_pass,Hydrogen,0,0,0,0,0,million pass-km
Russia,trn_pass,Domestic Aviation,trn_pass,Liquids,157458,89739.1,101861,92502,110164,million pass-km
Russia,trn_pass,HSR,trn_pass,Electric,0,0,0,0,0,million pass-km
Russia,trn_pass,Passenger Rail,trn_pass,Electric,206914,178505,184773,192373,189126,million pass-km
Russia,trn_pass,Passenger Rail,trn_pass,Liquids,30794.9,21435.7,26197.6,28108.5,30994.4,million pass-km
Russia,trn_pass,Walk,trn_pass,Walk,118356,114993,114547,115688,116035,million pass-km
Russia,trn_pass,road,trn_pass,road,1260580,843228,1061340,1169560,1356860,million pass-km
Australia_NZ,trn_pass_road,Bus,trn_pass_road,BEV,0,0,0,0,0,million pass-km
Australia_NZ,trn_pass_road,Bus,trn_pass_road,FCEV,0,0,0,0,0,million pass-km
Australia_NZ,trn_pass_road,Bus,trn_pass_road,Hybrid Liquids,0,0,0,0,0,million pass-km
Australia_NZ,trn_pass_road,Bus,trn_pass_road,Liquids,14590.6,19251,20317,21182.8,20610.4,million pass-km
Australia_NZ,trn_pass_road,Bus,trn_pass_road,NG,2392.14,1713.8,2286.15,3538.16,2324.46,million pass-km
Australia_NZ,trn_pass_road,LDV,trn_pass_road,LDV,240874,317810,348133,377298,384732,million pass-km
China,trn_pass_road,Bus,trn_pass_road,BEV,0,0,0,0,0,million pass-km
China,trn_pass_road,Bus,trn_pass_road,FCEV,0,0,0,0,0,million pass-km
China,trn_pass_road,Bus,trn_pass_road,Hybrid Liquids,0,0,0,0,0,million pass-km
China,trn_pass_road,Bus,trn_pass_road,Liquids,695964,3716770,5284500,7558410,8434330,million pass-km
China,trn_pass_road,Bus,trn_pass_road,NG,0,158325,727414,1816690,2865170,million pass-km
China,trn_pass_road,LDV,trn_pass_road,LDV,326313,1516930,2285880,3470720,4409160,million pass-km
Russia,trn_pass_road,Bus,trn_pass_road,BEV,0,0,0,0,0,million pass-km
Russia,trn_pass_road,Bus,trn_pass_road,FCEV,0,0,0,0,0,million pass-km
Russia,trn_pass_road,Bus,trn_pass_road,Hybrid Liquids,0,0,0,0,0,million pass-km
Russia,trn_pass_road,Bus,trn_pass_road,Liquids,309092,215153,262752,281707,310350,million pass-km
Russia,trn_pass_road,Bus,trn_pass_road,NG,47991.1,2051.24,4831.51,3422.23,23327.8,million pass-km
Russia,trn_pass_road,LDV,trn_pass_road,LDV,903499,626024,793752,884436,1023180,million pass-km
Australia_NZ,trn_pass_road_LDV,2W and 3W,trn_pass_road_LDV,BEV,0,0,0,0,0,million pass-km
Australia_NZ,trn_pass_road_LDV,2W and 3W,trn_pass_road_LDV,Liquids,1610.7,2125.22,2328,2523.03,2572.78,million pass-km
Australia_NZ,trn_pass_road_LDV,4W,trn_pass_road_LDV,4W,239263,315685,345805,374775,382159,million pass-km
China,trn_pass_road_LDV,2W and 3W,trn_pass_road_LDV,BEV,0.519589,0.918753,2.35923,4.47732,9.45477,million pass-km
China,trn_pass_road_LDV,2W and 3W,trn_pass_road_LDV,LA-BEV,31978.4,102774,204016,367643,773990,million pass-km
China,trn_pass_road_LDV,2W and 3W,trn_pass_road_LDV,Liquids,161123,724417,1042410,1517540,1750880,million pass-km
China,trn_pass_road_LDV,2W and 3W,trn_pass_road_LDV,NG,0,0,0,0,0.133998,million pass-km
China,trn_pass_road_LDV,4W,trn_pass_road_LDV,4W,133211,689737,1039450,1585530,1884280,million pass-km
Russia,trn_pass_road_LDV,2W and 3W,trn_pass_road_LDV,BEV,0,0,0,0,0,million pass-km
Russia,trn_pass_road_LDV,2W and 3W,trn_pass_road_LDV,Liquids,89142.4,62050.4,78654.1,87658.3,101211,million pass-km
Russia,trn_pass_road_LDV,4W,trn_pass_road_LDV,4W,814357,563973,715098,796777,921972,million pass-km
Australia_NZ,trn_pass_road_LDV_4W,Car,trn_pass_road_LDV_4W,BEV,0,0,0,0,0,million pass-km
Australia_NZ,trn_pass_road_LDV_4W,Car,trn_pass_road_LDV_4W,FCEV,0,0,0,0,0,million pass-km
Australia_NZ,trn_pass_road_LDV_4W,Car,trn_pass_road_LDV_4W,Hybrid Liquids,89.2373,117.717,127.559,136.668,137.407,million pass-km
Australia_NZ,trn_pass_road_LDV_4W,Car,trn_pass_road_LDV_4W,Liquids,72032.9,95040.4,104108,112830,115053,million pass-km
Australia_NZ,trn_pass_road_LDV_4W,Large Car and Truck,trn_pass_road_LDV_4W,BEV,0,0,0,0,0,million pass-km
Australia_NZ,trn_pass_road_LDV_4W,Large Car and Truck,trn_pass_road_LDV_4W,FCEV,0,0,0,0,0,million pass-km
Australia_NZ,trn_pass_road_LDV_4W,Large Car and Truck,trn_pass_road_LDV_4W,Hybrid Liquids,0,0,0,0,0,million pass-km
Australia_NZ,trn_pass_road_LDV_4W,Large Car and Truck,trn_pass_road_LDV_4W,Liquids,167141,220527,241569,261808,266968,million pass-km
China,trn_pass_road_LDV_4W,Car,trn_pass_road_LDV_4W,BEV,0,0,0,0,0,million pass-km
China,trn_pass_road_LDV_4W,Car,trn_pass_road_LDV_4W,FCEV,0,0,0,0,0,million pass-km
China,trn_pass_road_LDV_4W,Car,trn_pass_road_LDV_4W,Hybrid Liquids,0,0,0,0,0,million pass-km
China,trn_pass_road_LDV_4W,Car,trn_pass_road_LDV_4W,Liquids,85945.4,438583,629487,914349,1036630,million pass-km
China,trn_pass_road_LDV_4W,Car,trn_pass_road_LDV_4W,NG,0,7053.98,32812.4,83346.4,133468,million pass-km
China,trn_pass_road_LDV_4W,Large Car and Truck,trn_pass_road_LDV_4W,BEV,0,0,0,0,0,million pass-km
China,trn_pass_road_LDV_4W,Large Car and Truck,trn_pass_road_LDV_4W,FCEV,0,0,0,0,0,million pass-km
China,trn_pass_road_LDV_4W,Large Car and Truck,trn_pass_road_LDV_4W,Hybrid Liquids,0,0,0,0,0,million pass-km
China,trn_pass_road_LDV_4W,Large Car and Truck,trn_pass_road_LDV_4W,Liquids,22165.5,112264,165334,244457,285667,million pass-km
China,trn_pass_road_LDV_4W,Large Car and Truck,trn_pass_road_LDV_4W,NG,0,0,0,0,0.091265,million pass-km
China,trn_pass_road_LDV_4W,Mini Car,trn_pass_road_LDV_4W,BEV,0,0,0,0,0,million pass-km
China,trn_pass_road_LDV_4W,Mini Car,trn_pass_road_LDV_4W,FCEV,0,0,0,0,0,million pass-km
China,trn_pass_road_LDV_4W,Mini Car,trn_pass_road_LDV_4W,Hybrid Liquids,0,0,0,0,0,million pass-km
China,trn_pass_road_LDV_4W,Mini Car,trn_pass_road_LDV_4W,Liquids,25100.6,124649,178455,258746,293077,million pass-km
China,trn_pass_road_LDV_4W,Mini Car,trn_pass_road_LDV_4W,NG,0,7186.37,33364.9,84635.7,135436,million pass-km
Russia,trn_pass_road_LDV_4W,Car,trn_pass_road_LDV_4W,BEV,0,0,0,0,0,million pass-km
Russia,trn_pass_road_LDV_4W,Car,trn_pass_road_LDV_4W,FCEV,0,0,0,0,0,million pass-km
Russia,trn_pass_road_LDV_4W,Car,trn_pass_road_LDV_4W,Hybrid Liquids,0,0,0,0,0,million pass-km
Russia,trn_pass_road_LDV_4W,Car,trn_pass_road_LDV_4W,Liquids,720276,501371,635523,708269,817759,million pass-km
Russia,trn_pass_road_LDV_4W,Car,trn_pass_road_LDV_4W,NG,3927.93,167.918,409.691,301.076,2145.69,million pass-km
Russia,trn_pass_road_LDV_4W,Large Car and Truck,trn_pass_road_LDV_4W,BEV,0,0,0,0,0,million pass-km
Russia,trn_pass_road_LDV_4W,Large Car and Truck,trn_pass_road_LDV_4W,FCEV,0,0,0,0,0,million pass-km
Russia,trn_pass_road_LDV_4W,Large Car and Truck,trn_pass_road_LDV_4W,Hybrid Liquids,0,0,0,0,0,million pass-km
Russia,trn_pass_road_LDV_4W,Large Car and Truck,trn_pass_road_LDV_4W,Liquids,89664.8,62414,79114.2,88170.2,101801,million pass-km
Russia,trn_pass_road_LDV_4W,Large Car and Truck,trn_pass_road_LDV_4W,NG,488.722,20.8915,50.9744,37.4471,266.991,million pass-km
Australia_NZ,trn_shipping_intl,International Ship,trn_shipping_intl,BEV,0,0,0,0,0,million ton-km
Australia_NZ,trn_shipping_intl,International Ship,trn_shipping_intl,FCEV,0,0,0,0,0,million ton-km
Australia_NZ,trn_shipping_intl,International Ship,trn_shipping_intl,Hybrid Liquids,0,0,0,0,0,million ton-km
Australia_NZ,trn_shipping_intl,International Ship,trn_shipping_intl,Liquids,343894,429217,379549,346568,204946,million ton-km
China,trn_shipping_intl,International Ship,trn_shipping_intl,BEV,0,0,0,0,0,million ton-km
China,trn_shipping_intl,International Ship,trn_shipping_intl,FCEV,0,0,0,0,0,million ton-km
China,trn_shipping_intl,International Ship,trn_shipping_intl,Hybrid Liquids,0,0,0,0,0,million ton-km
China,trn_shipping_intl,International Ship,trn_shipping_intl,Liquids,1784650,6129490,1.25E+07,1.35E+07,1.54E+07,million ton-km
Russia,trn_shipping_intl,International Ship,trn_shipping_intl,BEV,0,0,0,0,0,million ton-km
Russia,trn_shipping_intl,International Ship,trn_shipping_intl,FCEV,0,0,0,0,0,million ton-km
Russia,trn_shipping_intl,International Ship,trn_shipping_intl,Hybrid Liquids,0,0,0,0,0,million ton-km
Russia,trn_shipping_intl,International Ship,trn_shipping_intl,Liquids,1646030,9437850,9484940,7363400,3317140,million ton-km
