# File: estat_ammonia_fert.csv,,,,,,,,,
# Title: Eurostat Ammonia/Fert Trade,,,,,,,,,
# Units: in file ,,,,,,,,,
# Source: Eurostat Database (EU trade since 1988 by HS2-4-6 and CN8),,,,,,,,,
# Comments: filtered to annual, EU trade within EU and with Rest of World,,,,,,,,
# Column types: ccccccccin,,,,,,,,,
# ----------,,,,,,,,,
DATAFLOW,LAST UPDATE,freq,reporter,partner,product,flow,indicators,TIME_PERIOD,OBS_VALUE
ESTAT:DS-045409(1.0),18/11/2024 11:00,A,EU,EU_EXTRA,2814,1,QUANTITY_IN_100KG,1988,11369706
ESTAT:DS-045409(1.0),18/11/2024 11:00,A,EU,EU_EXTRA,2814,1,QUANTITY_IN_100KG,1989,13791510
ESTAT:DS-045409(1.0),18/11/2024 11:00,A,EU,EU_EXTRA,2814,1,QUANTITY_IN_100KG,1990,11932106
ESTAT:DS-045409(1.0),18/11/2024 11:00,A,EU,EU_EXTRA,2814,1,QUANTITY_IN_100KG,1991,12237328
ESTAT:DS-045409(1.0),18/11/2024 11:00,A,EU,EU_EXTRA,2814,1,QUANTITY_IN_100KG,1992,14259206
ESTAT:DS-045409(1.0),18/11/2024 11:00,A,EU,EU_EXTRA,2814,1,QUANTITY_IN_100KG,1993,15983085
ESTAT:DS-045409(1.0),18/11/2024 11:00,A,EU,EU_EXTRA,2814,1,QUANTITY_IN_100KG,1994,16590397
ESTAT:DS-045409(1.0),18/11/2024 11:00,A,EU,EU_EXTRA,2814,1,QUANTITY_IN_100KG,1995,23747208
ESTAT:DS-045409(1.0),18/11/2024 11:00,A,EU,EU_EXTRA,2814,1,QUANTITY_IN_100KG,1996,19957312
ESTAT:DS-045409(1.0),18/11/2024 11:00,A,EU,EU_EXTRA,2814,1,QUANTITY_IN_100KG,1997,21459529
ESTAT:DS-045409(1.0),18/11/2024 11:00,A,EU,EU_EXTRA,2814,1,QUANTITY_IN_100KG,1998,19581917
ESTAT:DS-045409(1.0),18/11/2024 11:00,A,EU,EU_EXTRA,2814,1,QUANTITY_IN_100KG,1999,19161462
ESTAT:DS-045409(1.0),18/11/2024 11:00,A,EU,EU_EXTRA,2814,1,QUANTITY_IN_100KG,2000,16081943
ESTAT:DS-045409(1.0),18/11/2024 11:00,A,EU,EU_EXTRA,2814,1,QUANTITY_IN_100KG,2001,15941903
ESTAT:DS-045409(1.0),18/11/2024 11:00,A,EU,EU_EXTRA,2814,1,QUANTITY_IN_100KG,2002,20502247
ESTAT:DS-045409(1.0),18/11/2024 11:00,A,EU,EU_EXTRA,2814,1,QUANTITY_IN_100KG,2003,21540404
ESTAT:DS-045409(1.0),18/11/2024 11:00,A,EU,EU_EXTRA,2814,1,QUANTITY_IN_100KG,2004,19351836
ESTAT:DS-045409(1.0),18/11/2024 11:00,A,EU,EU_EXTRA,2814,1,QUANTITY_IN_100KG,2005,21327158
ESTAT:DS-045409(1.0),18/11/2024 11:00,A,EU,EU_EXTRA,2814,1,QUANTITY_IN_100KG,2006,27461183
ESTAT:DS-045409(1.0),18/11/2024 11:00,A,EU,EU_EXTRA,2814,1,QUANTITY_IN_100KG,2007,22706099
ESTAT:DS-045409(1.0),18/11/2024 11:00,A,EU,EU_EXTRA,2814,1,QUANTITY_IN_100KG,2008,22008781
ESTAT:DS-045409(1.0),18/11/2024 11:00,A,EU,EU_EXTRA,2814,1,QUANTITY_IN_100KG,2009,28621358
ESTAT:DS-045409(1.0),18/11/2024 11:00,A,EU,EU_EXTRA,2814,1,QUANTITY_IN_100KG,2010,25099485.27
ESTAT:DS-045409(1.0),18/11/2024 11:00,A,EU,EU_EXTRA,2814,1,QUANTITY_IN_100KG,2011,23490481.52
ESTAT:DS-045409(1.0),18/11/2024 11:00,A,EU,EU_EXTRA,2814,1,QUANTITY_IN_100KG,2012,21860355.56
ESTAT:DS-045409(1.0),18/11/2024 11:00,A,EU,EU_EXTRA,2814,1,QUANTITY_IN_100KG,2013,20699543.16
ESTAT:DS-045409(1.0),18/11/2024 11:00,A,EU,EU_EXTRA,2814,1,QUANTITY_IN_100KG,2014,26061766.88
ESTAT:DS-045409(1.0),18/11/2024 11:00,A,EU,EU_EXTRA,2814,1,QUANTITY_IN_100KG,2015,25183540.32
ESTAT:DS-045409(1.0),18/11/2024 11:00,A,EU,EU_EXTRA,2814,1,QUANTITY_IN_100KG,2016,24564846.02
ESTAT:DS-045409(1.0),18/11/2024 11:00,A,EU,EU_EXTRA,2814,1,QUANTITY_IN_100KG,2017,24764109.23
ESTAT:DS-045409(1.0),18/11/2024 11:00,A,EU,EU_EXTRA,2814,1,QUANTITY_IN_100KG,2018,25114953.62
ESTAT:DS-045409(1.0),18/11/2024 11:00,A,EU,EU_EXTRA,2814,1,QUANTITY_IN_100KG,2019,30743630.93
ESTAT:DS-045409(1.0),18/11/2024 11:00,A,EU,EU_EXTRA,2814,1,QUANTITY_IN_100KG,2020,25885726.7
ESTAT:DS-045409(1.0),18/11/2024 11:00,A,EU,EU_EXTRA,2814,1,QUANTITY_IN_100KG,2021,29869563.4
ESTAT:DS-045409(1.0),18/11/2024 11:00,A,EU,EU_EXTRA,2814,1,QUANTITY_IN_100KG,2022,26605921.79
ESTAT:DS-045409(1.0),18/11/2024 11:00,A,EU,EU_EXTRA,2814,1,QUANTITY_IN_100KG,2023,20536933.86
ESTAT:DS-045409(1.0),18/11/2024 11:00,A,EU,EU_EXTRA,2814,2,QUANTITY_IN_100KG,1988,2906912
ESTAT:DS-045409(1.0),18/11/2024 11:00,A,EU,EU_EXTRA,2814,2,QUANTITY_IN_100KG,1989,1587532
ESTAT:DS-045409(1.0),18/11/2024 11:00,A,EU,EU_EXTRA,2814,2,QUANTITY_IN_100KG,1990,2860229
ESTAT:DS-045409(1.0),18/11/2024 11:00,A,EU,EU_EXTRA,2814,2,QUANTITY_IN_100KG,1991,2810234
ESTAT:DS-045409(1.0),18/11/2024 11:00,A,EU,EU_EXTRA,2814,2,QUANTITY_IN_100KG,1992,2125270
ESTAT:DS-045409(1.0),18/11/2024 11:00,A,EU,EU_EXTRA,2814,2,QUANTITY_IN_100KG,1993,1218938
ESTAT:DS-045409(1.0),18/11/2024 11:00,A,EU,EU_EXTRA,2814,2,QUANTITY_IN_100KG,1994,858006
ESTAT:DS-045409(1.0),18/11/2024 11:00,A,EU,EU_EXTRA,2814,2,QUANTITY_IN_100KG,1995,1164220
ESTAT:DS-045409(1.0),18/11/2024 11:00,A,EU,EU_EXTRA,2814,2,QUANTITY_IN_100KG,1996,1175336
ESTAT:DS-045409(1.0),18/11/2024 11:00,A,EU,EU_EXTRA,2814,2,QUANTITY_IN_100KG,1997,923390
ESTAT:DS-045409(1.0),18/11/2024 11:00,A,EU,EU_EXTRA,2814,2,QUANTITY_IN_100KG,1998,2051647
ESTAT:DS-045409(1.0),18/11/2024 11:00,A,EU,EU_EXTRA,2814,2,QUANTITY_IN_100KG,1999,1984489
ESTAT:DS-045409(1.0),18/11/2024 11:00,A,EU,EU_EXTRA,2814,2,QUANTITY_IN_100KG,2000,1471563
ESTAT:DS-045409(1.0),18/11/2024 11:00,A,EU,EU_EXTRA,2814,2,QUANTITY_IN_100KG,2001,2325603
ESTAT:DS-045409(1.0),18/11/2024 11:00,A,EU,EU_EXTRA,2814,2,QUANTITY_IN_100KG,2002,2773947
ESTAT:DS-045409(1.0),18/11/2024 11:00,A,EU,EU_EXTRA,2814,2,QUANTITY_IN_100KG,2003,2024289
ESTAT:DS-045409(1.0),18/11/2024 11:00,A,EU,EU_EXTRA,2814,2,QUANTITY_IN_100KG,2004,1808844
ESTAT:DS-045409(1.0),18/11/2024 11:00,A,EU,EU_EXTRA,2814,2,QUANTITY_IN_100KG,2005,3020197
ESTAT:DS-045409(1.0),18/11/2024 11:00,A,EU,EU_EXTRA,2814,2,QUANTITY_IN_100KG,2006,2345532
ESTAT:DS-045409(1.0),18/11/2024 11:00,A,EU,EU_EXTRA,2814,2,QUANTITY_IN_100KG,2007,2242726
ESTAT:DS-045409(1.0),18/11/2024 11:00,A,EU,EU_EXTRA,2814,2,QUANTITY_IN_100KG,2008,2141345
ESTAT:DS-045409(1.0),18/11/2024 11:00,A,EU,EU_EXTRA,2814,2,QUANTITY_IN_100KG,2009,2008009
ESTAT:DS-045409(1.0),18/11/2024 11:00,A,EU,EU_EXTRA,2814,2,QUANTITY_IN_100KG,2010,972551.61
ESTAT:DS-045409(1.0),18/11/2024 11:00,A,EU,EU_EXTRA,2814,2,QUANTITY_IN_100KG,2011,1639775.58
ESTAT:DS-045409(1.0),18/11/2024 11:00,A,EU,EU_EXTRA,2814,2,QUANTITY_IN_100KG,2012,1496756.87
ESTAT:DS-045409(1.0),18/11/2024 11:00,A,EU,EU_EXTRA,2814,2,QUANTITY_IN_100KG,2013,1750782.45
ESTAT:DS-045409(1.0),18/11/2024 11:00,A,EU,EU_EXTRA,2814,2,QUANTITY_IN_100KG,2014,1923111.39
ESTAT:DS-045409(1.0),18/11/2024 11:00,A,EU,EU_EXTRA,2814,2,QUANTITY_IN_100KG,2015,1675625.47
ESTAT:DS-045409(1.0),18/11/2024 11:00,A,EU,EU_EXTRA,2814,2,QUANTITY_IN_100KG,2016,1613613.88
ESTAT:DS-045409(1.0),18/11/2024 11:00,A,EU,EU_EXTRA,2814,2,QUANTITY_IN_100KG,2017,2134174.49
ESTAT:DS-045409(1.0),18/11/2024 11:00,A,EU,EU_EXTRA,2814,2,QUANTITY_IN_100KG,2018,1608801.7
ESTAT:DS-045409(1.0),18/11/2024 11:00,A,EU,EU_EXTRA,2814,2,QUANTITY_IN_100KG,2019,1557203.03
ESTAT:DS-045409(1.0),18/11/2024 11:00,A,EU,EU_EXTRA,2814,2,QUANTITY_IN_100KG,2020,1796597.02
ESTAT:DS-045409(1.0),18/11/2024 11:00,A,EU,EU_EXTRA,2814,2,QUANTITY_IN_100KG,2021,1370118.39
ESTAT:DS-045409(1.0),18/11/2024 11:00,A,EU,EU_EXTRA,2814,2,QUANTITY_IN_100KG,2022,1523791.57
ESTAT:DS-045409(1.0),18/11/2024 11:00,A,EU,EU_EXTRA,2814,2,QUANTITY_IN_100KG,2023,1152596.64
ESTAT:DS-045409(1.0),18/11/2024 11:00,A,EU,EU_EXTRA,281410,1,QUANTITY_IN_100KG,1988,11292394
ESTAT:DS-045409(1.0),18/11/2024 11:00,A,EU,EU_EXTRA,281410,1,QUANTITY_IN_100KG,1989,13747496
ESTAT:DS-045409(1.0),18/11/2024 11:00,A,EU,EU_EXTRA,281410,1,QUANTITY_IN_100KG,1990,11908175
ESTAT:DS-045409(1.0),18/11/2024 11:00,A,EU,EU_EXTRA,281410,1,QUANTITY_IN_100KG,1991,12200786
ESTAT:DS-045409(1.0),18/11/2024 11:00,A,EU,EU_EXTRA,281410,1,QUANTITY_IN_100KG,1992,14218868
ESTAT:DS-045409(1.0),18/11/2024 11:00,A,EU,EU_EXTRA,281410,1,QUANTITY_IN_100KG,1993,15867017
ESTAT:DS-045409(1.0),18/11/2024 11:00,A,EU,EU_EXTRA,281410,1,QUANTITY_IN_100KG,1994,16537382
ESTAT:DS-045409(1.0),18/11/2024 11:00,A,EU,EU_EXTRA,281410,1,QUANTITY_IN_100KG,1995,23639543
ESTAT:DS-045409(1.0),18/11/2024 11:00,A,EU,EU_EXTRA,281410,1,QUANTITY_IN_100KG,1996,19787869
ESTAT:DS-045409(1.0),18/11/2024 11:00,A,EU,EU_EXTRA,281410,1,QUANTITY_IN_100KG,1997,21175100
ESTAT:DS-045409(1.0),18/11/2024 11:00,A,EU,EU_EXTRA,281410,1,QUANTITY_IN_100KG,1998,19427173
ESTAT:DS-045409(1.0),18/11/2024 11:00,A,EU,EU_EXTRA,281410,1,QUANTITY_IN_100KG,1999,19082991
ESTAT:DS-045409(1.0),18/11/2024 11:00,A,EU,EU_EXTRA,281410,1,QUANTITY_IN_100KG,2000,15950529
ESTAT:DS-045409(1.0),18/11/2024 11:00,A,EU,EU_EXTRA,281410,1,QUANTITY_IN_100KG,2001,15687976
ESTAT:DS-045409(1.0),18/11/2024 11:00,A,EU,EU_EXTRA,281410,1,QUANTITY_IN_100KG,2002,20280283
ESTAT:DS-045409(1.0),18/11/2024 11:00,A,EU,EU_EXTRA,281410,1,QUANTITY_IN_100KG,2003,21214887
ESTAT:DS-045409(1.0),18/11/2024 11:00,A,EU,EU_EXTRA,281410,1,QUANTITY_IN_100KG,2004,19198245
ESTAT:DS-045409(1.0),18/11/2024 11:00,A,EU,EU_EXTRA,281410,1,QUANTITY_IN_100KG,2005,21240800
ESTAT:DS-045409(1.0),18/11/2024 11:00,A,EU,EU_EXTRA,281410,1,QUANTITY_IN_100KG,2006,27337657
ESTAT:DS-045409(1.0),18/11/2024 11:00,A,EU,EU_EXTRA,281410,1,QUANTITY_IN_100KG,2007,22600395
ESTAT:DS-045409(1.0),18/11/2024 11:00,A,EU,EU_EXTRA,281410,1,QUANTITY_IN_100KG,2008,21879472
ESTAT:DS-045409(1.0),18/11/2024 11:00,A,EU,EU_EXTRA,281410,1,QUANTITY_IN_100KG,2009,28521561
ESTAT:DS-045409(1.0),18/11/2024 11:00,A,EU,EU_EXTRA,281410,1,QUANTITY_IN_100KG,2010,25044191.39
ESTAT:DS-045409(1.0),18/11/2024 11:00,A,EU,EU_EXTRA,281410,1,QUANTITY_IN_100KG,2011,23379826.78
ESTAT:DS-045409(1.0),18/11/2024 11:00,A,EU,EU_EXTRA,281410,1,QUANTITY_IN_100KG,2012,21785786.09
ESTAT:DS-045409(1.0),18/11/2024 11:00,A,EU,EU_EXTRA,281410,1,QUANTITY_IN_100KG,2013,20636456.64
ESTAT:DS-045409(1.0),18/11/2024 11:00,A,EU,EU_EXTRA,281410,1,QUANTITY_IN_100KG,2014,26018207.67
ESTAT:DS-045409(1.0),18/11/2024 11:00,A,EU,EU_EXTRA,281410,1,QUANTITY_IN_100KG,2015,25106426.01
ESTAT:DS-045409(1.0),18/11/2024 11:00,A,EU,EU_EXTRA,281410,1,QUANTITY_IN_100KG,2016,24431188.51
ESTAT:DS-045409(1.0),18/11/2024 11:00,A,EU,EU_EXTRA,281410,1,QUANTITY_IN_100KG,2017,24689773.79
ESTAT:DS-045409(1.0),18/11/2024 11:00,A,EU,EU_EXTRA,281410,1,QUANTITY_IN_100KG,2018,25007013.04
ESTAT:DS-045409(1.0),18/11/2024 11:00,A,EU,EU_EXTRA,281410,1,QUANTITY_IN_100KG,2019,30529695.91
ESTAT:DS-045409(1.0),18/11/2024 11:00,A,EU,EU_EXTRA,281410,1,QUANTITY_IN_100KG,2020,25638339.39
ESTAT:DS-045409(1.0),18/11/2024 11:00,A,EU,EU_EXTRA,281410,1,QUANTITY_IN_100KG,2021,29655949.44
ESTAT:DS-045409(1.0),18/11/2024 11:00,A,EU,EU_EXTRA,281410,1,QUANTITY_IN_100KG,2022,26454526.11
ESTAT:DS-045409(1.0),18/11/2024 11:00,A,EU,EU_EXTRA,281410,1,QUANTITY_IN_100KG,2023,20437056.38
ESTAT:DS-045409(1.0),18/11/2024 11:00,A,EU,EU_EXTRA,281410,2,QUANTITY_IN_100KG,1988,2857464
ESTAT:DS-045409(1.0),18/11/2024 11:00,A,EU,EU_EXTRA,281410,2,QUANTITY_IN_100KG,1989,1550911
ESTAT:DS-045409(1.0),18/11/2024 11:00,A,EU,EU_EXTRA,281410,2,QUANTITY_IN_100KG,1990,2818408
ESTAT:DS-045409(1.0),18/11/2024 11:00,A,EU,EU_EXTRA,281410,2,QUANTITY_IN_100KG,1991,2749668
ESTAT:DS-045409(1.0),18/11/2024 11:00,A,EU,EU_EXTRA,281410,2,QUANTITY_IN_100KG,1992,2042614
ESTAT:DS-045409(1.0),18/11/2024 11:00,A,EU,EU_EXTRA,281410,2,QUANTITY_IN_100KG,1993,1128405
ESTAT:DS-045409(1.0),18/11/2024 11:00,A,EU,EU_EXTRA,281410,2,QUANTITY_IN_100KG,1994,757777
ESTAT:DS-045409(1.0),18/11/2024 11:00,A,EU,EU_EXTRA,281410,2,QUANTITY_IN_100KG,1995,1077999
ESTAT:DS-045409(1.0),18/11/2024 11:00,A,EU,EU_EXTRA,281410,2,QUANTITY_IN_100KG,1996,1088391
ESTAT:DS-045409(1.0),18/11/2024 11:00,A,EU,EU_EXTRA,281410,2,QUANTITY_IN_100KG,1997,817760
ESTAT:DS-045409(1.0),18/11/2024 11:00,A,EU,EU_EXTRA,281410,2,QUANTITY_IN_100KG,1998,1923263
ESTAT:DS-045409(1.0),18/11/2024 11:00,A,EU,EU_EXTRA,281410,2,QUANTITY_IN_100KG,1999,1839846
ESTAT:DS-045409(1.0),18/11/2024 11:00,A,EU,EU_EXTRA,281410,2,QUANTITY_IN_100KG,2000,1182483
ESTAT:DS-045409(1.0),18/11/2024 11:00,A,EU,EU_EXTRA,281410,2,QUANTITY_IN_100KG,2001,2160574
ESTAT:DS-045409(1.0),18/11/2024 11:00,A,EU,EU_EXTRA,281410,2,QUANTITY_IN_100KG,2002,2599793
ESTAT:DS-045409(1.0),18/11/2024 11:00,A,EU,EU_EXTRA,281410,2,QUANTITY_IN_100KG,2003,1870335
ESTAT:DS-045409(1.0),18/11/2024 11:00,A,EU,EU_EXTRA,281410,2,QUANTITY_IN_100KG,2004,1659533
ESTAT:DS-045409(1.0),18/11/2024 11:00,A,EU,EU_EXTRA,281410,2,QUANTITY_IN_100KG,2005,2819233
ESTAT:DS-045409(1.0),18/11/2024 11:00,A,EU,EU_EXTRA,281410,2,QUANTITY_IN_100KG,2006,2104184
ESTAT:DS-045409(1.0),18/11/2024 11:00,A,EU,EU_EXTRA,281410,2,QUANTITY_IN_100KG,2007,2036025
ESTAT:DS-045409(1.0),18/11/2024 11:00,A,EU,EU_EXTRA,281410,2,QUANTITY_IN_100KG,2008,1888507
ESTAT:DS-045409(1.0),18/11/2024 11:00,A,EU,EU_EXTRA,281410,2,QUANTITY_IN_100KG,2009,1739681
ESTAT:DS-045409(1.0),18/11/2024 11:00,A,EU,EU_EXTRA,281410,2,QUANTITY_IN_100KG,2010,678473.87
ESTAT:DS-045409(1.0),18/11/2024 11:00,A,EU,EU_EXTRA,281410,2,QUANTITY_IN_100KG,2011,1345042.33
ESTAT:DS-045409(1.0),18/11/2024 11:00,A,EU,EU_EXTRA,281410,2,QUANTITY_IN_100KG,2012,1198366.54
ESTAT:DS-045409(1.0),18/11/2024 11:00,A,EU,EU_EXTRA,281410,2,QUANTITY_IN_100KG,2013,1483642.47
ESTAT:DS-045409(1.0),18/11/2024 11:00,A,EU,EU_EXTRA,281410,2,QUANTITY_IN_100KG,2014,1643779.17
ESTAT:DS-045409(1.0),18/11/2024 11:00,A,EU,EU_EXTRA,281410,2,QUANTITY_IN_100KG,2015,1401999.18
ESTAT:DS-045409(1.0),18/11/2024 11:00,A,EU,EU_EXTRA,281410,2,QUANTITY_IN_100KG,2016,1332174.61
ESTAT:DS-045409(1.0),18/11/2024 11:00,A,EU,EU_EXTRA,281410,2,QUANTITY_IN_100KG,2017,1837144.81
ESTAT:DS-045409(1.0),18/11/2024 11:00,A,EU,EU_EXTRA,281410,2,QUANTITY_IN_100KG,2018,1321695
ESTAT:DS-045409(1.0),18/11/2024 11:00,A,EU,EU_EXTRA,281410,2,QUANTITY_IN_100KG,2019,1239025.94
ESTAT:DS-045409(1.0),18/11/2024 11:00,A,EU,EU_EXTRA,281410,2,QUANTITY_IN_100KG,2020,1453535.6
ESTAT:DS-045409(1.0),18/11/2024 11:00,A,EU,EU_EXTRA,281410,2,QUANTITY_IN_100KG,2021,1033794.21
ESTAT:DS-045409(1.0),18/11/2024 11:00,A,EU,EU_EXTRA,281410,2,QUANTITY_IN_100KG,2022,1199675.17
ESTAT:DS-045409(1.0),18/11/2024 11:00,A,EU,EU_EXTRA,281410,2,QUANTITY_IN_100KG,2023,873548.88
ESTAT:DS-045409(1.0),18/11/2024 11:00,A,EU,EU_EXTRA,28141000,1,QUANTITY_IN_100KG,1988,11292394
ESTAT:DS-045409(1.0),18/11/2024 11:00,A,EU,EU_EXTRA,28141000,1,QUANTITY_IN_100KG,1989,13747496
ESTAT:DS-045409(1.0),18/11/2024 11:00,A,EU,EU_EXTRA,28141000,1,QUANTITY_IN_100KG,1990,11908175
ESTAT:DS-045409(1.0),18/11/2024 11:00,A,EU,EU_EXTRA,28141000,1,QUANTITY_IN_100KG,1991,12200786
ESTAT:DS-045409(1.0),18/11/2024 11:00,A,EU,EU_EXTRA,28141000,1,QUANTITY_IN_100KG,1992,14218868
ESTAT:DS-045409(1.0),18/11/2024 11:00,A,EU,EU_EXTRA,28141000,1,QUANTITY_IN_100KG,1993,15867017
ESTAT:DS-045409(1.0),18/11/2024 11:00,A,EU,EU_EXTRA,28141000,1,QUANTITY_IN_100KG,1994,16537382
ESTAT:DS-045409(1.0),18/11/2024 11:00,A,EU,EU_EXTRA,28141000,1,QUANTITY_IN_100KG,1995,23639543
ESTAT:DS-045409(1.0),18/11/2024 11:00,A,EU,EU_EXTRA,28141000,1,QUANTITY_IN_100KG,1996,19787869
ESTAT:DS-045409(1.0),18/11/2024 11:00,A,EU,EU_EXTRA,28141000,1,QUANTITY_IN_100KG,1997,21175100
ESTAT:DS-045409(1.0),18/11/2024 11:00,A,EU,EU_EXTRA,28141000,1,QUANTITY_IN_100KG,1998,19427173
ESTAT:DS-045409(1.0),18/11/2024 11:00,A,EU,EU_EXTRA,28141000,1,QUANTITY_IN_100KG,1999,19082991
ESTAT:DS-045409(1.0),18/11/2024 11:00,A,EU,EU_EXTRA,28141000,1,QUANTITY_IN_100KG,2000,15950529
ESTAT:DS-045409(1.0),18/11/2024 11:00,A,EU,EU_EXTRA,28141000,1,QUANTITY_IN_100KG,2001,15687976
ESTAT:DS-045409(1.0),18/11/2024 11:00,A,EU,EU_EXTRA,28141000,1,QUANTITY_IN_100KG,2002,20280283
ESTAT:DS-045409(1.0),18/11/2024 11:00,A,EU,EU_EXTRA,28141000,1,QUANTITY_IN_100KG,2003,21214887
ESTAT:DS-045409(1.0),18/11/2024 11:00,A,EU,EU_EXTRA,28141000,1,QUANTITY_IN_100KG,2004,19198245
ESTAT:DS-045409(1.0),18/11/2024 11:00,A,EU,EU_EXTRA,28141000,1,QUANTITY_IN_100KG,2005,21240800
ESTAT:DS-045409(1.0),18/11/2024 11:00,A,EU,EU_EXTRA,28141000,1,QUANTITY_IN_100KG,2006,27337657
ESTAT:DS-045409(1.0),18/11/2024 11:00,A,EU,EU_EXTRA,28141000,1,QUANTITY_IN_100KG,2007,22600395
ESTAT:DS-045409(1.0),18/11/2024 11:00,A,EU,EU_EXTRA,28141000,1,QUANTITY_IN_100KG,2008,21879472
ESTAT:DS-045409(1.0),18/11/2024 11:00,A,EU,EU_EXTRA,28141000,1,QUANTITY_IN_100KG,2009,28521561
ESTAT:DS-045409(1.0),18/11/2024 11:00,A,EU,EU_EXTRA,28141000,1,QUANTITY_IN_100KG,2010,25044191.39
ESTAT:DS-045409(1.0),18/11/2024 11:00,A,EU,EU_EXTRA,28141000,1,QUANTITY_IN_100KG,2011,23379826.78
ESTAT:DS-045409(1.0),18/11/2024 11:00,A,EU,EU_EXTRA,28141000,1,QUANTITY_IN_100KG,2012,21785786.09
ESTAT:DS-045409(1.0),18/11/2024 11:00,A,EU,EU_EXTRA,28141000,1,QUANTITY_IN_100KG,2013,20636456.64
ESTAT:DS-045409(1.0),18/11/2024 11:00,A,EU,EU_EXTRA,28141000,1,QUANTITY_IN_100KG,2014,26018207.67
ESTAT:DS-045409(1.0),18/11/2024 11:00,A,EU,EU_EXTRA,28141000,1,QUANTITY_IN_100KG,2015,25106426.01
ESTAT:DS-045409(1.0),18/11/2024 11:00,A,EU,EU_EXTRA,28141000,1,QUANTITY_IN_100KG,2016,24431188.51
ESTAT:DS-045409(1.0),18/11/2024 11:00,A,EU,EU_EXTRA,28141000,1,QUANTITY_IN_100KG,2017,24689773.79
ESTAT:DS-045409(1.0),18/11/2024 11:00,A,EU,EU_EXTRA,28141000,1,QUANTITY_IN_100KG,2018,25007013.04
ESTAT:DS-045409(1.0),18/11/2024 11:00,A,EU,EU_EXTRA,28141000,1,QUANTITY_IN_100KG,2019,30529695.91
ESTAT:DS-045409(1.0),18/11/2024 11:00,A,EU,EU_EXTRA,28141000,1,QUANTITY_IN_100KG,2020,25638339.39
ESTAT:DS-045409(1.0),18/11/2024 11:00,A,EU,EU_EXTRA,28141000,1,QUANTITY_IN_100KG,2021,29655949.44
ESTAT:DS-045409(1.0),18/11/2024 11:00,A,EU,EU_EXTRA,28141000,1,QUANTITY_IN_100KG,2022,26454526.11
ESTAT:DS-045409(1.0),18/11/2024 11:00,A,EU,EU_EXTRA,28141000,1,QUANTITY_IN_100KG,2023,20437056.38
ESTAT:DS-045409(1.0),18/11/2024 11:00,A,EU,EU_EXTRA,28141000,2,QUANTITY_IN_100KG,1988,2857464
ESTAT:DS-045409(1.0),18/11/2024 11:00,A,EU,EU_EXTRA,28141000,2,QUANTITY_IN_100KG,1989,1550911
ESTAT:DS-045409(1.0),18/11/2024 11:00,A,EU,EU_EXTRA,28141000,2,QUANTITY_IN_100KG,1990,2818408
ESTAT:DS-045409(1.0),18/11/2024 11:00,A,EU,EU_EXTRA,28141000,2,QUANTITY_IN_100KG,1991,2749668
ESTAT:DS-045409(1.0),18/11/2024 11:00,A,EU,EU_EXTRA,28141000,2,QUANTITY_IN_100KG,1992,2042614
ESTAT:DS-045409(1.0),18/11/2024 11:00,A,EU,EU_EXTRA,28141000,2,QUANTITY_IN_100KG,1993,1128405
ESTAT:DS-045409(1.0),18/11/2024 11:00,A,EU,EU_EXTRA,28141000,2,QUANTITY_IN_100KG,1994,757777
ESTAT:DS-045409(1.0),18/11/2024 11:00,A,EU,EU_EXTRA,28141000,2,QUANTITY_IN_100KG,1995,1077999
ESTAT:DS-045409(1.0),18/11/2024 11:00,A,EU,EU_EXTRA,28141000,2,QUANTITY_IN_100KG,1996,1088391
ESTAT:DS-045409(1.0),18/11/2024 11:00,A,EU,EU_EXTRA,28141000,2,QUANTITY_IN_100KG,1997,817760
ESTAT:DS-045409(1.0),18/11/2024 11:00,A,EU,EU_EXTRA,28141000,2,QUANTITY_IN_100KG,1998,1923263
ESTAT:DS-045409(1.0),18/11/2024 11:00,A,EU,EU_EXTRA,28141000,2,QUANTITY_IN_100KG,1999,1839846
ESTAT:DS-045409(1.0),18/11/2024 11:00,A,EU,EU_EXTRA,28141000,2,QUANTITY_IN_100KG,2000,1182483
ESTAT:DS-045409(1.0),18/11/2024 11:00,A,EU,EU_EXTRA,28141000,2,QUANTITY_IN_100KG,2001,2160574
ESTAT:DS-045409(1.0),18/11/2024 11:00,A,EU,EU_EXTRA,28141000,2,QUANTITY_IN_100KG,2002,2599793
ESTAT:DS-045409(1.0),18/11/2024 11:00,A,EU,EU_EXTRA,28141000,2,QUANTITY_IN_100KG,2003,1870335
ESTAT:DS-045409(1.0),18/11/2024 11:00,A,EU,EU_EXTRA,28141000,2,QUANTITY_IN_100KG,2004,1659533
ESTAT:DS-045409(1.0),18/11/2024 11:00,A,EU,EU_EXTRA,28141000,2,QUANTITY_IN_100KG,2005,2819233
ESTAT:DS-045409(1.0),18/11/2024 11:00,A,EU,EU_EXTRA,28141000,2,QUANTITY_IN_100KG,2006,2104184
ESTAT:DS-045409(1.0),18/11/2024 11:00,A,EU,EU_EXTRA,28141000,2,QUANTITY_IN_100KG,2007,2036025
ESTAT:DS-045409(1.0),18/11/2024 11:00,A,EU,EU_EXTRA,28141000,2,QUANTITY_IN_100KG,2008,1888507
ESTAT:DS-045409(1.0),18/11/2024 11:00,A,EU,EU_EXTRA,28141000,2,QUANTITY_IN_100KG,2009,1739681
ESTAT:DS-045409(1.0),18/11/2024 11:00,A,EU,EU_EXTRA,28141000,2,QUANTITY_IN_100KG,2010,678473.87
ESTAT:DS-045409(1.0),18/11/2024 11:00,A,EU,EU_EXTRA,28141000,2,QUANTITY_IN_100KG,2011,1345042.33
ESTAT:DS-045409(1.0),18/11/2024 11:00,A,EU,EU_EXTRA,28141000,2,QUANTITY_IN_100KG,2012,1198366.54
ESTAT:DS-045409(1.0),18/11/2024 11:00,A,EU,EU_EXTRA,28141000,2,QUANTITY_IN_100KG,2013,1483642.47
ESTAT:DS-045409(1.0),18/11/2024 11:00,A,EU,EU_EXTRA,28141000,2,QUANTITY_IN_100KG,2014,1643779.17
ESTAT:DS-045409(1.0),18/11/2024 11:00,A,EU,EU_EXTRA,28141000,2,QUANTITY_IN_100KG,2015,1401999.18
ESTAT:DS-045409(1.0),18/11/2024 11:00,A,EU,EU_EXTRA,28141000,2,QUANTITY_IN_100KG,2016,1332174.61
ESTAT:DS-045409(1.0),18/11/2024 11:00,A,EU,EU_EXTRA,28141000,2,QUANTITY_IN_100KG,2017,1837144.81
ESTAT:DS-045409(1.0),18/11/2024 11:00,A,EU,EU_EXTRA,28141000,2,QUANTITY_IN_100KG,2018,1321695
ESTAT:DS-045409(1.0),18/11/2024 11:00,A,EU,EU_EXTRA,28141000,2,QUANTITY_IN_100KG,2019,1239025.94
ESTAT:DS-045409(1.0),18/11/2024 11:00,A,EU,EU_EXTRA,28141000,2,QUANTITY_IN_100KG,2020,1453535.6
ESTAT:DS-045409(1.0),18/11/2024 11:00,A,EU,EU_EXTRA,28141000,2,QUANTITY_IN_100KG,2021,1033794.21
ESTAT:DS-045409(1.0),18/11/2024 11:00,A,EU,EU_EXTRA,28141000,2,QUANTITY_IN_100KG,2022,1199675.17
ESTAT:DS-045409(1.0),18/11/2024 11:00,A,EU,EU_EXTRA,28141000,2,QUANTITY_IN_100KG,2023,873548.88
ESTAT:DS-045409(1.0),18/11/2024 11:00,A,EU,EU_EXTRA,281420,1,QUANTITY_IN_100KG,1988,77312
ESTAT:DS-045409(1.0),18/11/2024 11:00,A,EU,EU_EXTRA,281420,1,QUANTITY_IN_100KG,1989,44014
ESTAT:DS-045409(1.0),18/11/2024 11:00,A,EU,EU_EXTRA,281420,1,QUANTITY_IN_100KG,1990,23931
ESTAT:DS-045409(1.0),18/11/2024 11:00,A,EU,EU_EXTRA,281420,1,QUANTITY_IN_100KG,1991,36542
ESTAT:DS-045409(1.0),18/11/2024 11:00,A,EU,EU_EXTRA,281420,1,QUANTITY_IN_100KG,1992,40338
ESTAT:DS-045409(1.0),18/11/2024 11:00,A,EU,EU_EXTRA,281420,1,QUANTITY_IN_100KG,1993,116068
ESTAT:DS-045409(1.0),18/11/2024 11:00,A,EU,EU_EXTRA,281420,1,QUANTITY_IN_100KG,1994,53015
ESTAT:DS-045409(1.0),18/11/2024 11:00,A,EU,EU_EXTRA,281420,1,QUANTITY_IN_100KG,1995,107665
ESTAT:DS-045409(1.0),18/11/2024 11:00,A,EU,EU_EXTRA,281420,1,QUANTITY_IN_100KG,1996,169443
ESTAT:DS-045409(1.0),18/11/2024 11:00,A,EU,EU_EXTRA,281420,1,QUANTITY_IN_100KG,1997,284429
ESTAT:DS-045409(1.0),18/11/2024 11:00,A,EU,EU_EXTRA,281420,1,QUANTITY_IN_100KG,1998,154744
ESTAT:DS-045409(1.0),18/11/2024 11:00,A,EU,EU_EXTRA,281420,1,QUANTITY_IN_100KG,1999,78471
ESTAT:DS-045409(1.0),18/11/2024 11:00,A,EU,EU_EXTRA,281420,1,QUANTITY_IN_100KG,2000,131414
ESTAT:DS-045409(1.0),18/11/2024 11:00,A,EU,EU_EXTRA,281420,1,QUANTITY_IN_100KG,2001,253927
ESTAT:DS-045409(1.0),18/11/2024 11:00,A,EU,EU_EXTRA,281420,1,QUANTITY_IN_100KG,2002,221964
ESTAT:DS-045409(1.0),18/11/2024 11:00,A,EU,EU_EXTRA,281420,1,QUANTITY_IN_100KG,2003,325517
ESTAT:DS-045409(1.0),18/11/2024 11:00,A,EU,EU_EXTRA,281420,1,QUANTITY_IN_100KG,2004,153591
ESTAT:DS-045409(1.0),18/11/2024 11:00,A,EU,EU_EXTRA,281420,1,QUANTITY_IN_100KG,2005,86358
ESTAT:DS-045409(1.0),18/11/2024 11:00,A,EU,EU_EXTRA,281420,1,QUANTITY_IN_100KG,2006,123526
ESTAT:DS-045409(1.0),18/11/2024 11:00,A,EU,EU_EXTRA,281420,1,QUANTITY_IN_100KG,2007,105704
ESTAT:DS-045409(1.0),18/11/2024 11:00,A,EU,EU_EXTRA,281420,1,QUANTITY_IN_100KG,2008,129309
ESTAT:DS-045409(1.0),18/11/2024 11:00,A,EU,EU_EXTRA,281420,1,QUANTITY_IN_100KG,2009,99797
ESTAT:DS-045409(1.0),18/11/2024 11:00,A,EU,EU_EXTRA,281420,1,QUANTITY_IN_100KG,2010,55293.88
ESTAT:DS-045409(1.0),18/11/2024 11:00,A,EU,EU_EXTRA,281420,1,QUANTITY_IN_100KG,2011,110654.74
ESTAT:DS-045409(1.0),18/11/2024 11:00,A,EU,EU_EXTRA,281420,1,QUANTITY_IN_100KG,2012,74569.47
ESTAT:DS-045409(1.0),18/11/2024 11:00,A,EU,EU_EXTRA,281420,1,QUANTITY_IN_100KG,2013,63086.52
ESTAT:DS-045409(1.0),18/11/2024 11:00,A,EU,EU_EXTRA,281420,1,QUANTITY_IN_100KG,2014,43559.21
ESTAT:DS-045409(1.0),18/11/2024 11:00,A,EU,EU_EXTRA,281420,1,QUANTITY_IN_100KG,2015,77114.31
ESTAT:DS-045409(1.0),18/11/2024 11:00,A,EU,EU_EXTRA,281420,1,QUANTITY_IN_100KG,2016,133657.51
ESTAT:DS-045409(1.0),18/11/2024 11:00,A,EU,EU_EXTRA,281420,1,QUANTITY_IN_100KG,2017,74335.44
ESTAT:DS-045409(1.0),18/11/2024 11:00,A,EU,EU_EXTRA,281420,1,QUANTITY_IN_100KG,2018,107940.58
ESTAT:DS-045409(1.0),18/11/2024 11:00,A,EU,EU_EXTRA,281420,1,QUANTITY_IN_100KG,2019,213935.02
ESTAT:DS-045409(1.0),18/11/2024 11:00,A,EU,EU_EXTRA,281420,1,QUANTITY_IN_100KG,2020,247387.31
ESTAT:DS-045409(1.0),18/11/2024 11:00,A,EU,EU_EXTRA,281420,1,QUANTITY_IN_100KG,2021,213613.96
ESTAT:DS-045409(1.0),18/11/2024 11:00,A,EU,EU_EXTRA,281420,1,QUANTITY_IN_100KG,2022,151395.68
ESTAT:DS-045409(1.0),18/11/2024 11:00,A,EU,EU_EXTRA,281420,1,QUANTITY_IN_100KG,2023,99877.48
ESTAT:DS-045409(1.0),18/11/2024 11:00,A,EU,EU_EXTRA,281420,2,QUANTITY_IN_100KG,1988,49448
ESTAT:DS-045409(1.0),18/11/2024 11:00,A,EU,EU_EXTRA,281420,2,QUANTITY_IN_100KG,1989,36621
ESTAT:DS-045409(1.0),18/11/2024 11:00,A,EU,EU_EXTRA,281420,2,QUANTITY_IN_100KG,1990,41821
ESTAT:DS-045409(1.0),18/11/2024 11:00,A,EU,EU_EXTRA,281420,2,QUANTITY_IN_100KG,1991,60566
ESTAT:DS-045409(1.0),18/11/2024 11:00,A,EU,EU_EXTRA,281420,2,QUANTITY_IN_100KG,1992,82656
ESTAT:DS-045409(1.0),18/11/2024 11:00,A,EU,EU_EXTRA,281420,2,QUANTITY_IN_100KG,1993,90533
ESTAT:DS-045409(1.0),18/11/2024 11:00,A,EU,EU_EXTRA,281420,2,QUANTITY_IN_100KG,1994,100229
ESTAT:DS-045409(1.0),18/11/2024 11:00,A,EU,EU_EXTRA,281420,2,QUANTITY_IN_100KG,1995,86221
ESTAT:DS-045409(1.0),18/11/2024 11:00,A,EU,EU_EXTRA,281420,2,QUANTITY_IN_100KG,1996,86945
ESTAT:DS-045409(1.0),18/11/2024 11:00,A,EU,EU_EXTRA,281420,2,QUANTITY_IN_100KG,1997,105630
ESTAT:DS-045409(1.0),18/11/2024 11:00,A,EU,EU_EXTRA,281420,2,QUANTITY_IN_100KG,1998,128384
ESTAT:DS-045409(1.0),18/11/2024 11:00,A,EU,EU_EXTRA,281420,2,QUANTITY_IN_100KG,1999,144643
ESTAT:DS-045409(1.0),18/11/2024 11:00,A,EU,EU_EXTRA,281420,2,QUANTITY_IN_100KG,2000,289080
ESTAT:DS-045409(1.0),18/11/2024 11:00,A,EU,EU_EXTRA,281420,2,QUANTITY_IN_100KG,2001,165029
ESTAT:DS-045409(1.0),18/11/2024 11:00,A,EU,EU_EXTRA,281420,2,QUANTITY_IN_100KG,2002,174154
ESTAT:DS-045409(1.0),18/11/2024 11:00,A,EU,EU_EXTRA,281420,2,QUANTITY_IN_100KG,2003,153954
ESTAT:DS-045409(1.0),18/11/2024 11:00,A,EU,EU_EXTRA,281420,2,QUANTITY_IN_100KG,2004,149311
ESTAT:DS-045409(1.0),18/11/2024 11:00,A,EU,EU_EXTRA,281420,2,QUANTITY_IN_100KG,2005,200957
ESTAT:DS-045409(1.0),18/11/2024 11:00,A,EU,EU_EXTRA,281420,2,QUANTITY_IN_100KG,2006,241348
ESTAT:DS-045409(1.0),18/11/2024 11:00,A,EU,EU_EXTRA,281420,2,QUANTITY_IN_100KG,2007,206701
ESTAT:DS-045409(1.0),18/11/2024 11:00,A,EU,EU_EXTRA,281420,2,QUANTITY_IN_100KG,2008,252838
ESTAT:DS-045409(1.0),18/11/2024 11:00,A,EU,EU_EXTRA,281420,2,QUANTITY_IN_100KG,2009,268328
ESTAT:DS-045409(1.0),18/11/2024 11:00,A,EU,EU_EXTRA,281420,2,QUANTITY_IN_100KG,2010,294077.74
ESTAT:DS-045409(1.0),18/11/2024 11:00,A,EU,EU_EXTRA,281420,2,QUANTITY_IN_100KG,2011,294733.25
ESTAT:DS-045409(1.0),18/11/2024 11:00,A,EU,EU_EXTRA,281420,2,QUANTITY_IN_100KG,2012,298390.33
ESTAT:DS-045409(1.0),18/11/2024 11:00,A,EU,EU_EXTRA,281420,2,QUANTITY_IN_100KG,2013,267139.98
ESTAT:DS-045409(1.0),18/11/2024 11:00,A,EU,EU_EXTRA,281420,2,QUANTITY_IN_100KG,2014,279332.22
ESTAT:DS-045409(1.0),18/11/2024 11:00,A,EU,EU_EXTRA,281420,2,QUANTITY_IN_100KG,2015,273626.29
ESTAT:DS-045409(1.0),18/11/2024 11:00,A,EU,EU_EXTRA,281420,2,QUANTITY_IN_100KG,2016,281439.27
ESTAT:DS-045409(1.0),18/11/2024 11:00,A,EU,EU_EXTRA,281420,2,QUANTITY_IN_100KG,2017,297029.68
ESTAT:DS-045409(1.0),18/11/2024 11:00,A,EU,EU_EXTRA,281420,2,QUANTITY_IN_100KG,2018,287106.7
ESTAT:DS-045409(1.0),18/11/2024 11:00,A,EU,EU_EXTRA,281420,2,QUANTITY_IN_100KG,2019,318177.09
ESTAT:DS-045409(1.0),18/11/2024 11:00,A,EU,EU_EXTRA,281420,2,QUANTITY_IN_100KG,2020,343061.42
ESTAT:DS-045409(1.0),18/11/2024 11:00,A,EU,EU_EXTRA,281420,2,QUANTITY_IN_100KG,2021,336324.18
ESTAT:DS-045409(1.0),18/11/2024 11:00,A,EU,EU_EXTRA,281420,2,QUANTITY_IN_100KG,2022,324116.4
ESTAT:DS-045409(1.0),18/11/2024 11:00,A,EU,EU_EXTRA,281420,2,QUANTITY_IN_100KG,2023,279047.76
ESTAT:DS-045409(1.0),18/11/2024 11:00,A,EU,EU_EXTRA,28142000,1,QUANTITY_IN_100KG,1988,77312
ESTAT:DS-045409(1.0),18/11/2024 11:00,A,EU,EU_EXTRA,28142000,1,QUANTITY_IN_100KG,1989,44014
ESTAT:DS-045409(1.0),18/11/2024 11:00,A,EU,EU_EXTRA,28142000,1,QUANTITY_IN_100KG,1990,23931
ESTAT:DS-045409(1.0),18/11/2024 11:00,A,EU,EU_EXTRA,28142000,1,QUANTITY_IN_100KG,1991,36542
ESTAT:DS-045409(1.0),18/11/2024 11:00,A,EU,EU_EXTRA,28142000,1,QUANTITY_IN_100KG,1992,40338
ESTAT:DS-045409(1.0),18/11/2024 11:00,A,EU,EU_EXTRA,28142000,1,QUANTITY_IN_100KG,1993,116068
ESTAT:DS-045409(1.0),18/11/2024 11:00,A,EU,EU_EXTRA,28142000,1,QUANTITY_IN_100KG,1994,53015
ESTAT:DS-045409(1.0),18/11/2024 11:00,A,EU,EU_EXTRA,28142000,1,QUANTITY_IN_100KG,1995,107665
ESTAT:DS-045409(1.0),18/11/2024 11:00,A,EU,EU_EXTRA,28142000,1,QUANTITY_IN_100KG,1996,169443
ESTAT:DS-045409(1.0),18/11/2024 11:00,A,EU,EU_EXTRA,28142000,1,QUANTITY_IN_100KG,1997,284429
ESTAT:DS-045409(1.0),18/11/2024 11:00,A,EU,EU_EXTRA,28142000,1,QUANTITY_IN_100KG,1998,154744
ESTAT:DS-045409(1.0),18/11/2024 11:00,A,EU,EU_EXTRA,28142000,1,QUANTITY_IN_100KG,1999,78471
ESTAT:DS-045409(1.0),18/11/2024 11:00,A,EU,EU_EXTRA,28142000,1,QUANTITY_IN_100KG,2000,131414
ESTAT:DS-045409(1.0),18/11/2024 11:00,A,EU,EU_EXTRA,28142000,1,QUANTITY_IN_100KG,2001,253927
ESTAT:DS-045409(1.0),18/11/2024 11:00,A,EU,EU_EXTRA,28142000,1,QUANTITY_IN_100KG,2002,221964
ESTAT:DS-045409(1.0),18/11/2024 11:00,A,EU,EU_EXTRA,28142000,1,QUANTITY_IN_100KG,2003,325517
ESTAT:DS-045409(1.0),18/11/2024 11:00,A,EU,EU_EXTRA,28142000,1,QUANTITY_IN_100KG,2004,153591
ESTAT:DS-045409(1.0),18/11/2024 11:00,A,EU,EU_EXTRA,28142000,1,QUANTITY_IN_100KG,2005,86358
ESTAT:DS-045409(1.0),18/11/2024 11:00,A,EU,EU_EXTRA,28142000,1,QUANTITY_IN_100KG,2006,123526
ESTAT:DS-045409(1.0),18/11/2024 11:00,A,EU,EU_EXTRA,28142000,1,QUANTITY_IN_100KG,2007,105704
ESTAT:DS-045409(1.0),18/11/2024 11:00,A,EU,EU_EXTRA,28142000,1,QUANTITY_IN_100KG,2008,129309
ESTAT:DS-045409(1.0),18/11/2024 11:00,A,EU,EU_EXTRA,28142000,1,QUANTITY_IN_100KG,2009,99797
ESTAT:DS-045409(1.0),18/11/2024 11:00,A,EU,EU_EXTRA,28142000,1,QUANTITY_IN_100KG,2010,55293.88
ESTAT:DS-045409(1.0),18/11/2024 11:00,A,EU,EU_EXTRA,28142000,1,QUANTITY_IN_100KG,2011,110654.74
ESTAT:DS-045409(1.0),18/11/2024 11:00,A,EU,EU_EXTRA,28142000,1,QUANTITY_IN_100KG,2012,74569.47
ESTAT:DS-045409(1.0),18/11/2024 11:00,A,EU,EU_EXTRA,28142000,1,QUANTITY_IN_100KG,2013,63086.52
ESTAT:DS-045409(1.0),18/11/2024 11:00,A,EU,EU_EXTRA,28142000,1,QUANTITY_IN_100KG,2014,43559.21
ESTAT:DS-045409(1.0),18/11/2024 11:00,A,EU,EU_EXTRA,28142000,1,QUANTITY_IN_100KG,2015,77114.31
ESTAT:DS-045409(1.0),18/11/2024 11:00,A,EU,EU_EXTRA,28142000,1,QUANTITY_IN_100KG,2016,133657.51
ESTAT:DS-045409(1.0),18/11/2024 11:00,A,EU,EU_EXTRA,28142000,1,QUANTITY_IN_100KG,2017,74335.44
ESTAT:DS-045409(1.0),18/11/2024 11:00,A,EU,EU_EXTRA,28142000,1,QUANTITY_IN_100KG,2018,107940.58
ESTAT:DS-045409(1.0),18/11/2024 11:00,A,EU,EU_EXTRA,28142000,1,QUANTITY_IN_100KG,2019,213935.02
ESTAT:DS-045409(1.0),18/11/2024 11:00,A,EU,EU_EXTRA,28142000,1,QUANTITY_IN_100KG,2020,247387.31
ESTAT:DS-045409(1.0),18/11/2024 11:00,A,EU,EU_EXTRA,28142000,1,QUANTITY_IN_100KG,2021,213613.96
ESTAT:DS-045409(1.0),18/11/2024 11:00,A,EU,EU_EXTRA,28142000,1,QUANTITY_IN_100KG,2022,151395.66
ESTAT:DS-045409(1.0),18/11/2024 11:00,A,EU,EU_EXTRA,28142000,1,QUANTITY_IN_100KG,2023,99877.47
ESTAT:DS-045409(1.0),18/11/2024 11:00,A,EU,EU_EXTRA,28142000,2,QUANTITY_IN_100KG,1988,49448
ESTAT:DS-045409(1.0),18/11/2024 11:00,A,EU,EU_EXTRA,28142000,2,QUANTITY_IN_100KG,1989,36621
ESTAT:DS-045409(1.0),18/11/2024 11:00,A,EU,EU_EXTRA,28142000,2,QUANTITY_IN_100KG,1990,41821
ESTAT:DS-045409(1.0),18/11/2024 11:00,A,EU,EU_EXTRA,28142000,2,QUANTITY_IN_100KG,1991,60566
ESTAT:DS-045409(1.0),18/11/2024 11:00,A,EU,EU_EXTRA,28142000,2,QUANTITY_IN_100KG,1992,82656
ESTAT:DS-045409(1.0),18/11/2024 11:00,A,EU,EU_EXTRA,28142000,2,QUANTITY_IN_100KG,1993,90533
ESTAT:DS-045409(1.0),18/11/2024 11:00,A,EU,EU_EXTRA,28142000,2,QUANTITY_IN_100KG,1994,100229
ESTAT:DS-045409(1.0),18/11/2024 11:00,A,EU,EU_EXTRA,28142000,2,QUANTITY_IN_100KG,1995,86221
ESTAT:DS-045409(1.0),18/11/2024 11:00,A,EU,EU_EXTRA,28142000,2,QUANTITY_IN_100KG,1996,86945
ESTAT:DS-045409(1.0),18/11/2024 11:00,A,EU,EU_EXTRA,28142000,2,QUANTITY_IN_100KG,1997,105630
ESTAT:DS-045409(1.0),18/11/2024 11:00,A,EU,EU_EXTRA,28142000,2,QUANTITY_IN_100KG,1998,128384
ESTAT:DS-045409(1.0),18/11/2024 11:00,A,EU,EU_EXTRA,28142000,2,QUANTITY_IN_100KG,1999,144643
ESTAT:DS-045409(1.0),18/11/2024 11:00,A,EU,EU_EXTRA,28142000,2,QUANTITY_IN_100KG,2000,289080
ESTAT:DS-045409(1.0),18/11/2024 11:00,A,EU,EU_EXTRA,28142000,2,QUANTITY_IN_100KG,2001,165029
ESTAT:DS-045409(1.0),18/11/2024 11:00,A,EU,EU_EXTRA,28142000,2,QUANTITY_IN_100KG,2002,174154
ESTAT:DS-045409(1.0),18/11/2024 11:00,A,EU,EU_EXTRA,28142000,2,QUANTITY_IN_100KG,2003,153954
ESTAT:DS-045409(1.0),18/11/2024 11:00,A,EU,EU_EXTRA,28142000,2,QUANTITY_IN_100KG,2004,149311
ESTAT:DS-045409(1.0),18/11/2024 11:00,A,EU,EU_EXTRA,28142000,2,QUANTITY_IN_100KG,2005,200957
ESTAT:DS-045409(1.0),18/11/2024 11:00,A,EU,EU_EXTRA,28142000,2,QUANTITY_IN_100KG,2006,241348
ESTAT:DS-045409(1.0),18/11/2024 11:00,A,EU,EU_EXTRA,28142000,2,QUANTITY_IN_100KG,2007,206701
ESTAT:DS-045409(1.0),18/11/2024 11:00,A,EU,EU_EXTRA,28142000,2,QUANTITY_IN_100KG,2008,252838
ESTAT:DS-045409(1.0),18/11/2024 11:00,A,EU,EU_EXTRA,28142000,2,QUANTITY_IN_100KG,2009,268328
ESTAT:DS-045409(1.0),18/11/2024 11:00,A,EU,EU_EXTRA,28142000,2,QUANTITY_IN_100KG,2010,294077.74
ESTAT:DS-045409(1.0),18/11/2024 11:00,A,EU,EU_EXTRA,28142000,2,QUANTITY_IN_100KG,2011,294733.25
ESTAT:DS-045409(1.0),18/11/2024 11:00,A,EU,EU_EXTRA,28142000,2,QUANTITY_IN_100KG,2012,298390.33
ESTAT:DS-045409(1.0),18/11/2024 11:00,A,EU,EU_EXTRA,28142000,2,QUANTITY_IN_100KG,2013,267139.98
ESTAT:DS-045409(1.0),18/11/2024 11:00,A,EU,EU_EXTRA,28142000,2,QUANTITY_IN_100KG,2014,279332.22
ESTAT:DS-045409(1.0),18/11/2024 11:00,A,EU,EU_EXTRA,28142000,2,QUANTITY_IN_100KG,2015,273626.29
ESTAT:DS-045409(1.0),18/11/2024 11:00,A,EU,EU_EXTRA,28142000,2,QUANTITY_IN_100KG,2016,281439.27
ESTAT:DS-045409(1.0),18/11/2024 11:00,A,EU,EU_EXTRA,28142000,2,QUANTITY_IN_100KG,2017,297029.68
ESTAT:DS-045409(1.0),18/11/2024 11:00,A,EU,EU_EXTRA,28142000,2,QUANTITY_IN_100KG,2018,287106.7
ESTAT:DS-045409(1.0),18/11/2024 11:00,A,EU,EU_EXTRA,28142000,2,QUANTITY_IN_100KG,2019,318177.09
ESTAT:DS-045409(1.0),18/11/2024 11:00,A,EU,EU_EXTRA,28142000,2,QUANTITY_IN_100KG,2020,343061.42
ESTAT:DS-045409(1.0),18/11/2024 11:00,A,EU,EU_EXTRA,28142000,2,QUANTITY_IN_100KG,2021,336324.18
ESTAT:DS-045409(1.0),18/11/2024 11:00,A,EU,EU_EXTRA,28142000,2,QUANTITY_IN_100KG,2022,324116.4
ESTAT:DS-045409(1.0),18/11/2024 11:00,A,EU,EU_EXTRA,28142000,2,QUANTITY_IN_100KG,2023,279047.76
ESTAT:DS-045409(1.0),18/11/2024 11:00,A,EU,EU_EXTRA,310280,1,QUANTITY_IN_100KG,1988,6996765
ESTAT:DS-045409(1.0),18/11/2024 11:00,A,EU,EU_EXTRA,310280,1,QUANTITY_IN_100KG,1989,8279312
ESTAT:DS-045409(1.0),18/11/2024 11:00,A,EU,EU_EXTRA,310280,1,QUANTITY_IN_100KG,1990,11583142
ESTAT:DS-045409(1.0),18/11/2024 11:00,A,EU,EU_EXTRA,310280,1,QUANTITY_IN_100KG,1991,9163510
ESTAT:DS-045409(1.0),18/11/2024 11:00,A,EU,EU_EXTRA,310280,1,QUANTITY_IN_100KG,1992,10744850
ESTAT:DS-045409(1.0),18/11/2024 11:00,A,EU,EU_EXTRA,310280,1,QUANTITY_IN_100KG,1993,8838320
ESTAT:DS-045409(1.0),18/11/2024 11:00,A,EU,EU_EXTRA,310280,1,QUANTITY_IN_100KG,1994,12164823
ESTAT:DS-045409(1.0),18/11/2024 11:00,A,EU,EU_EXTRA,310280,1,QUANTITY_IN_100KG,1995,16045026
ESTAT:DS-045409(1.0),18/11/2024 11:00,A,EU,EU_EXTRA,310280,1,QUANTITY_IN_100KG,1996,13862762
ESTAT:DS-045409(1.0),18/11/2024 11:00,A,EU,EU_EXTRA,310280,1,QUANTITY_IN_100KG,1997,9862607
ESTAT:DS-045409(1.0),18/11/2024 11:00,A,EU,EU_EXTRA,310280,1,QUANTITY_IN_100KG,1998,13453583
ESTAT:DS-045409(1.0),18/11/2024 11:00,A,EU,EU_EXTRA,310280,1,QUANTITY_IN_100KG,1999,14939774
ESTAT:DS-045409(1.0),18/11/2024 11:00,A,EU,EU_EXTRA,310280,1,QUANTITY_IN_100KG,2000,16668427
ESTAT:DS-045409(1.0),18/11/2024 11:00,A,EU,EU_EXTRA,310280,1,QUANTITY_IN_100KG,2001,12850628
ESTAT:DS-045409(1.0),18/11/2024 11:00,A,EU,EU_EXTRA,310280,1,QUANTITY_IN_100KG,2002,11944768
ESTAT:DS-045409(1.0),18/11/2024 11:00,A,EU,EU_EXTRA,310280,1,QUANTITY_IN_100KG,2003,14987315
ESTAT:DS-045409(1.0),18/11/2024 11:00,A,EU,EU_EXTRA,310280,1,QUANTITY_IN_100KG,2004,8742668
ESTAT:DS-045409(1.0),18/11/2024 11:00,A,EU,EU_EXTRA,310280,1,QUANTITY_IN_100KG,2005,2939550
ESTAT:DS-045409(1.0),18/11/2024 11:00,A,EU,EU_EXTRA,310280,1,QUANTITY_IN_100KG,2006,2757672
ESTAT:DS-045409(1.0),18/11/2024 11:00,A,EU,EU_EXTRA,310280,1,QUANTITY_IN_100KG,2007,728114
ESTAT:DS-045409(1.0),18/11/2024 11:00,A,EU,EU_EXTRA,310280,1,QUANTITY_IN_100KG,2008,1654205
ESTAT:DS-045409(1.0),18/11/2024 11:00,A,EU,EU_EXTRA,310280,1,QUANTITY_IN_100KG,2009,8862586
ESTAT:DS-045409(1.0),18/11/2024 11:00,A,EU,EU_EXTRA,310280,1,QUANTITY_IN_100KG,2010,7400902.14
ESTAT:DS-045409(1.0),18/11/2024 11:00,A,EU,EU_EXTRA,310280,1,QUANTITY_IN_100KG,2011,7483417.58
ESTAT:DS-045409(1.0),18/11/2024 11:00,A,EU,EU_EXTRA,310280,1,QUANTITY_IN_100KG,2012,10139500.07
ESTAT:DS-045409(1.0),18/11/2024 11:00,A,EU,EU_EXTRA,310280,1,QUANTITY_IN_100KG,2013,11654500.57
ESTAT:DS-045409(1.0),18/11/2024 11:00,A,EU,EU_EXTRA,310280,1,QUANTITY_IN_100KG,2014,12873497.54
ESTAT:DS-045409(1.0),18/11/2024 11:00,A,EU,EU_EXTRA,310280,1,QUANTITY_IN_100KG,2015,14555357.47
ESTAT:DS-045409(1.0),18/11/2024 11:00,A,EU,EU_EXTRA,310280,1,QUANTITY_IN_100KG,2016,18622064.5
ESTAT:DS-045409(1.0),18/11/2024 11:00,A,EU,EU_EXTRA,310280,1,QUANTITY_IN_100KG,2017,18490329.76
ESTAT:DS-045409(1.0),18/11/2024 11:00,A,EU,EU_EXTRA,310280,1,QUANTITY_IN_100KG,2018,21656570.8
ESTAT:DS-045409(1.0),18/11/2024 11:00,A,EU,EU_EXTRA,310280,1,QUANTITY_IN_100KG,2019,13996420.7
ESTAT:DS-045409(1.0),18/11/2024 11:00,A,EU,EU_EXTRA,310280,1,QUANTITY_IN_100KG,2020,10505322.81
ESTAT:DS-045409(1.0),18/11/2024 11:00,A,EU,EU_EXTRA,310280,1,QUANTITY_IN_100KG,2021,7925429.99
ESTAT:DS-045409(1.0),18/11/2024 11:00,A,EU,EU_EXTRA,310280,1,QUANTITY_IN_100KG,2022,20671134.61
ESTAT:DS-045409(1.0),18/11/2024 11:00,A,EU,EU_EXTRA,310280,1,QUANTITY_IN_100KG,2023,13767390.63
ESTAT:DS-045409(1.0),18/11/2024 11:00,A,EU,EU_EXTRA,310280,2,QUANTITY_IN_100KG,1988,1487763
ESTAT:DS-045409(1.0),18/11/2024 11:00,A,EU,EU_EXTRA,310280,2,QUANTITY_IN_100KG,1989,1050205
ESTAT:DS-045409(1.0),18/11/2024 11:00,A,EU,EU_EXTRA,310280,2,QUANTITY_IN_100KG,1990,945791
ESTAT:DS-045409(1.0),18/11/2024 11:00,A,EU,EU_EXTRA,310280,2,QUANTITY_IN_100KG,1991,277327
ESTAT:DS-045409(1.0),18/11/2024 11:00,A,EU,EU_EXTRA,310280,2,QUANTITY_IN_100KG,1992,58094
ESTAT:DS-045409(1.0),18/11/2024 11:00,A,EU,EU_EXTRA,310280,2,QUANTITY_IN_100KG,1993,959572
ESTAT:DS-045409(1.0),18/11/2024 11:00,A,EU,EU_EXTRA,310280,2,QUANTITY_IN_100KG,1994,320930
ESTAT:DS-045409(1.0),18/11/2024 11:00,A,EU,EU_EXTRA,310280,2,QUANTITY_IN_100KG,1995,9348
ESTAT:DS-045409(1.0),18/11/2024 11:00,A,EU,EU_EXTRA,310280,2,QUANTITY_IN_100KG,1996,181483
ESTAT:DS-045409(1.0),18/11/2024 11:00,A,EU,EU_EXTRA,310280,2,QUANTITY_IN_100KG,1997,393729
ESTAT:DS-045409(1.0),18/11/2024 11:00,A,EU,EU_EXTRA,310280,2,QUANTITY_IN_100KG,1998,175598
ESTAT:DS-045409(1.0),18/11/2024 11:00,A,EU,EU_EXTRA,310280,2,QUANTITY_IN_100KG,1999,155270
ESTAT:DS-045409(1.0),18/11/2024 11:00,A,EU,EU_EXTRA,310280,2,QUANTITY_IN_100KG,2000,209940
ESTAT:DS-045409(1.0),18/11/2024 11:00,A,EU,EU_EXTRA,310280,2,QUANTITY_IN_100KG,2001,1317877
ESTAT:DS-045409(1.0),18/11/2024 11:00,A,EU,EU_EXTRA,310280,2,QUANTITY_IN_100KG,2002,1121888
ESTAT:DS-045409(1.0),18/11/2024 11:00,A,EU,EU_EXTRA,310280,2,QUANTITY_IN_100KG,2003,727309
ESTAT:DS-045409(1.0),18/11/2024 11:00,A,EU,EU_EXTRA,310280,2,QUANTITY_IN_100KG,2004,3561529
ESTAT:DS-045409(1.0),18/11/2024 11:00,A,EU,EU_EXTRA,310280,2,QUANTITY_IN_100KG,2005,6431611
ESTAT:DS-045409(1.0),18/11/2024 11:00,A,EU,EU_EXTRA,310280,2,QUANTITY_IN_100KG,2006,2246343
ESTAT:DS-045409(1.0),18/11/2024 11:00,A,EU,EU_EXTRA,310280,2,QUANTITY_IN_100KG,2007,12826326
ESTAT:DS-045409(1.0),18/11/2024 11:00,A,EU,EU_EXTRA,310280,2,QUANTITY_IN_100KG,2008,7788243
ESTAT:DS-045409(1.0),18/11/2024 11:00,A,EU,EU_EXTRA,310280,2,QUANTITY_IN_100KG,2009,2111539
ESTAT:DS-045409(1.0),18/11/2024 11:00,A,EU,EU_EXTRA,310280,2,QUANTITY_IN_100KG,2010,5253762.3
ESTAT:DS-045409(1.0),18/11/2024 11:00,A,EU,EU_EXTRA,310280,2,QUANTITY_IN_100KG,2011,13307573.84
ESTAT:DS-045409(1.0),18/11/2024 11:00,A,EU,EU_EXTRA,310280,2,QUANTITY_IN_100KG,2012,12413125.26
ESTAT:DS-045409(1.0),18/11/2024 11:00,A,EU,EU_EXTRA,310280,2,QUANTITY_IN_100KG,2013,8205332.19
ESTAT:DS-045409(1.0),18/11/2024 11:00,A,EU,EU_EXTRA,310280,2,QUANTITY_IN_100KG,2014,6287150.53
ESTAT:DS-045409(1.0),18/11/2024 11:00,A,EU,EU_EXTRA,310280,2,QUANTITY_IN_100KG,2015,3980836.42
ESTAT:DS-045409(1.0),18/11/2024 11:00,A,EU,EU_EXTRA,310280,2,QUANTITY_IN_100KG,2016,3020254.54
ESTAT:DS-045409(1.0),18/11/2024 11:00,A,EU,EU_EXTRA,310280,2,QUANTITY_IN_100KG,2017,4883723.19
ESTAT:DS-045409(1.0),18/11/2024 11:00,A,EU,EU_EXTRA,310280,2,QUANTITY_IN_100KG,2018,3370499.06
ESTAT:DS-045409(1.0),18/11/2024 11:00,A,EU,EU_EXTRA,310280,2,QUANTITY_IN_100KG,2019,1658339.12
ESTAT:DS-045409(1.0),18/11/2024 11:00,A,EU,EU_EXTRA,310280,2,QUANTITY_IN_100KG,2020,3523106.97
ESTAT:DS-045409(1.0),18/11/2024 11:00,A,EU,EU_EXTRA,310280,2,QUANTITY_IN_100KG,2021,5729472.85
ESTAT:DS-045409(1.0),18/11/2024 11:00,A,EU,EU_EXTRA,310280,2,QUANTITY_IN_100KG,2022,4217217.46
ESTAT:DS-045409(1.0),18/11/2024 11:00,A,EU,EU_EXTRA,310280,2,QUANTITY_IN_100KG,2023,2927414.99
ESTAT:DS-045409(1.0),18/11/2024 11:00,A,EU,EU_EXTRA,31028000,1,QUANTITY_IN_100KG,1988,6996765
ESTAT:DS-045409(1.0),18/11/2024 11:00,A,EU,EU_EXTRA,31028000,1,QUANTITY_IN_100KG,1989,8279312
ESTAT:DS-045409(1.0),18/11/2024 11:00,A,EU,EU_EXTRA,31028000,1,QUANTITY_IN_100KG,1990,11583142
ESTAT:DS-045409(1.0),18/11/2024 11:00,A,EU,EU_EXTRA,31028000,1,QUANTITY_IN_100KG,1991,9163510
ESTAT:DS-045409(1.0),18/11/2024 11:00,A,EU,EU_EXTRA,31028000,1,QUANTITY_IN_100KG,1992,10744850
ESTAT:DS-045409(1.0),18/11/2024 11:00,A,EU,EU_EXTRA,31028000,1,QUANTITY_IN_100KG,1993,8838320
ESTAT:DS-045409(1.0),18/11/2024 11:00,A,EU,EU_EXTRA,31028000,1,QUANTITY_IN_100KG,1994,12164823
ESTAT:DS-045409(1.0),18/11/2024 11:00,A,EU,EU_EXTRA,31028000,1,QUANTITY_IN_100KG,1995,16045026
ESTAT:DS-045409(1.0),18/11/2024 11:00,A,EU,EU_EXTRA,31028000,1,QUANTITY_IN_100KG,1996,13862762
ESTAT:DS-045409(1.0),18/11/2024 11:00,A,EU,EU_EXTRA,31028000,1,QUANTITY_IN_100KG,1997,9862607
ESTAT:DS-045409(1.0),18/11/2024 11:00,A,EU,EU_EXTRA,31028000,1,QUANTITY_IN_100KG,1998,13453583
ESTAT:DS-045409(1.0),18/11/2024 11:00,A,EU,EU_EXTRA,31028000,1,QUANTITY_IN_100KG,1999,14939774
ESTAT:DS-045409(1.0),18/11/2024 11:00,A,EU,EU_EXTRA,31028000,1,QUANTITY_IN_100KG,2000,16668427
ESTAT:DS-045409(1.0),18/11/2024 11:00,A,EU,EU_EXTRA,31028000,1,QUANTITY_IN_100KG,2001,12850628
ESTAT:DS-045409(1.0),18/11/2024 11:00,A,EU,EU_EXTRA,31028000,1,QUANTITY_IN_100KG,2002,11944768
ESTAT:DS-045409(1.0),18/11/2024 11:00,A,EU,EU_EXTRA,31028000,1,QUANTITY_IN_100KG,2003,14987315
ESTAT:DS-045409(1.0),18/11/2024 11:00,A,EU,EU_EXTRA,31028000,1,QUANTITY_IN_100KG,2004,8742668
ESTAT:DS-045409(1.0),18/11/2024 11:00,A,EU,EU_EXTRA,31028000,1,QUANTITY_IN_100KG,2005,2939550
ESTAT:DS-045409(1.0),18/11/2024 11:00,A,EU,EU_EXTRA,31028000,1,QUANTITY_IN_100KG,2006,2757672
ESTAT:DS-045409(1.0),18/11/2024 11:00,A,EU,EU_EXTRA,31028000,1,QUANTITY_IN_100KG,2007,728114
ESTAT:DS-045409(1.0),18/11/2024 11:00,A,EU,EU_EXTRA,31028000,1,QUANTITY_IN_100KG,2008,1654205
ESTAT:DS-045409(1.0),18/11/2024 11:00,A,EU,EU_EXTRA,31028000,1,QUANTITY_IN_100KG,2009,8862586
ESTAT:DS-045409(1.0),18/11/2024 11:00,A,EU,EU_EXTRA,31028000,1,QUANTITY_IN_100KG,2010,7400902.14
ESTAT:DS-045409(1.0),18/11/2024 11:00,A,EU,EU_EXTRA,31028000,1,QUANTITY_IN_100KG,2011,7483417.58
ESTAT:DS-045409(1.0),18/11/2024 11:00,A,EU,EU_EXTRA,31028000,1,QUANTITY_IN_100KG,2012,10139500.07
ESTAT:DS-045409(1.0),18/11/2024 11:00,A,EU,EU_EXTRA,31028000,1,QUANTITY_IN_100KG,2013,11654500.57
ESTAT:DS-045409(1.0),18/11/2024 11:00,A,EU,EU_EXTRA,31028000,1,QUANTITY_IN_100KG,2014,12873497.54
ESTAT:DS-045409(1.0),18/11/2024 11:00,A,EU,EU_EXTRA,31028000,1,QUANTITY_IN_100KG,2015,14555357.47
ESTAT:DS-045409(1.0),18/11/2024 11:00,A,EU,EU_EXTRA,31028000,1,QUANTITY_IN_100KG,2016,18622064.5
ESTAT:DS-045409(1.0),18/11/2024 11:00,A,EU,EU_EXTRA,31028000,1,QUANTITY_IN_100KG,2017,18490329.76
ESTAT:DS-045409(1.0),18/11/2024 11:00,A,EU,EU_EXTRA,31028000,1,QUANTITY_IN_100KG,2018,21656570.8
ESTAT:DS-045409(1.0),18/11/2024 11:00,A,EU,EU_EXTRA,31028000,1,QUANTITY_IN_100KG,2019,13996420.7
ESTAT:DS-045409(1.0),18/11/2024 11:00,A,EU,EU_EXTRA,31028000,1,QUANTITY_IN_100KG,2020,10505322.81
ESTAT:DS-045409(1.0),18/11/2024 11:00,A,EU,EU_EXTRA,31028000,1,QUANTITY_IN_100KG,2021,7925429.99
ESTAT:DS-045409(1.0),18/11/2024 11:00,A,EU,EU_EXTRA,31028000,1,QUANTITY_IN_100KG,2022,20671134.61
ESTAT:DS-045409(1.0),18/11/2024 11:00,A,EU,EU_EXTRA,31028000,1,QUANTITY_IN_100KG,2023,13767390.63
ESTAT:DS-045409(1.0),18/11/2024 11:00,A,EU,EU_EXTRA,31028000,2,QUANTITY_IN_100KG,1988,1487763
ESTAT:DS-045409(1.0),18/11/2024 11:00,A,EU,EU_EXTRA,31028000,2,QUANTITY_IN_100KG,1989,1050205
ESTAT:DS-045409(1.0),18/11/2024 11:00,A,EU,EU_EXTRA,31028000,2,QUANTITY_IN_100KG,1990,945791
ESTAT:DS-045409(1.0),18/11/2024 11:00,A,EU,EU_EXTRA,31028000,2,QUANTITY_IN_100KG,1991,277327
ESTAT:DS-045409(1.0),18/11/2024 11:00,A,EU,EU_EXTRA,31028000,2,QUANTITY_IN_100KG,1992,58094
ESTAT:DS-045409(1.0),18/11/2024 11:00,A,EU,EU_EXTRA,31028000,2,QUANTITY_IN_100KG,1993,959572
ESTAT:DS-045409(1.0),18/11/2024 11:00,A,EU,EU_EXTRA,31028000,2,QUANTITY_IN_100KG,1994,320930
ESTAT:DS-045409(1.0),18/11/2024 11:00,A,EU,EU_EXTRA,31028000,2,QUANTITY_IN_100KG,1995,9348
ESTAT:DS-045409(1.0),18/11/2024 11:00,A,EU,EU_EXTRA,31028000,2,QUANTITY_IN_100KG,1996,181483
ESTAT:DS-045409(1.0),18/11/2024 11:00,A,EU,EU_EXTRA,31028000,2,QUANTITY_IN_100KG,1997,393729
ESTAT:DS-045409(1.0),18/11/2024 11:00,A,EU,EU_EXTRA,31028000,2,QUANTITY_IN_100KG,1998,175598
ESTAT:DS-045409(1.0),18/11/2024 11:00,A,EU,EU_EXTRA,31028000,2,QUANTITY_IN_100KG,1999,155270
ESTAT:DS-045409(1.0),18/11/2024 11:00,A,EU,EU_EXTRA,31028000,2,QUANTITY_IN_100KG,2000,209940
ESTAT:DS-045409(1.0),18/11/2024 11:00,A,EU,EU_EXTRA,31028000,2,QUANTITY_IN_100KG,2001,1317877
ESTAT:DS-045409(1.0),18/11/2024 11:00,A,EU,EU_EXTRA,31028000,2,QUANTITY_IN_100KG,2002,1121888
ESTAT:DS-045409(1.0),18/11/2024 11:00,A,EU,EU_EXTRA,31028000,2,QUANTITY_IN_100KG,2003,727309
ESTAT:DS-045409(1.0),18/11/2024 11:00,A,EU,EU_EXTRA,31028000,2,QUANTITY_IN_100KG,2004,3561529
ESTAT:DS-045409(1.0),18/11/2024 11:00,A,EU,EU_EXTRA,31028000,2,QUANTITY_IN_100KG,2005,6431611
ESTAT:DS-045409(1.0),18/11/2024 11:00,A,EU,EU_EXTRA,31028000,2,QUANTITY_IN_100KG,2006,2246343
ESTAT:DS-045409(1.0),18/11/2024 11:00,A,EU,EU_EXTRA,31028000,2,QUANTITY_IN_100KG,2007,12826326
ESTAT:DS-045409(1.0),18/11/2024 11:00,A,EU,EU_EXTRA,31028000,2,QUANTITY_IN_100KG,2008,7788243
ESTAT:DS-045409(1.0),18/11/2024 11:00,A,EU,EU_EXTRA,31028000,2,QUANTITY_IN_100KG,2009,2111539
ESTAT:DS-045409(1.0),18/11/2024 11:00,A,EU,EU_EXTRA,31028000,2,QUANTITY_IN_100KG,2010,5253762.3
ESTAT:DS-045409(1.0),18/11/2024 11:00,A,EU,EU_EXTRA,31028000,2,QUANTITY_IN_100KG,2011,13307573.84
ESTAT:DS-045409(1.0),18/11/2024 11:00,A,EU,EU_EXTRA,31028000,2,QUANTITY_IN_100KG,2012,12413125.26
ESTAT:DS-045409(1.0),18/11/2024 11:00,A,EU,EU_EXTRA,31028000,2,QUANTITY_IN_100KG,2013,8205332.19
ESTAT:DS-045409(1.0),18/11/2024 11:00,A,EU,EU_EXTRA,31028000,2,QUANTITY_IN_100KG,2014,6287150.53
ESTAT:DS-045409(1.0),18/11/2024 11:00,A,EU,EU_EXTRA,31028000,2,QUANTITY_IN_100KG,2015,3980836.42
ESTAT:DS-045409(1.0),18/11/2024 11:00,A,EU,EU_EXTRA,31028000,2,QUANTITY_IN_100KG,2016,3020254.54
ESTAT:DS-045409(1.0),18/11/2024 11:00,A,EU,EU_EXTRA,31028000,2,QUANTITY_IN_100KG,2017,4883723.19
ESTAT:DS-045409(1.0),18/11/2024 11:00,A,EU,EU_EXTRA,31028000,2,QUANTITY_IN_100KG,2018,3370499.06
ESTAT:DS-045409(1.0),18/11/2024 11:00,A,EU,EU_EXTRA,31028000,2,QUANTITY_IN_100KG,2019,1658339.12
ESTAT:DS-045409(1.0),18/11/2024 11:00,A,EU,EU_EXTRA,31028000,2,QUANTITY_IN_100KG,2020,3523106.97
ESTAT:DS-045409(1.0),18/11/2024 11:00,A,EU,EU_EXTRA,31028000,2,QUANTITY_IN_100KG,2021,5729472.85
ESTAT:DS-045409(1.0),18/11/2024 11:00,A,EU,EU_EXTRA,31028000,2,QUANTITY_IN_100KG,2022,4217217.46
ESTAT:DS-045409(1.0),18/11/2024 11:00,A,EU,EU_EXTRA,31028000,2,QUANTITY_IN_100KG,2023,2927414.99
ESTAT:DS-045409(1.0),18/11/2024 11:00,A,EU,EU_EXTRA,310290,1,QUANTITY_IN_100KG,1988,171086
ESTAT:DS-045409(1.0),18/11/2024 11:00,A,EU,EU_EXTRA,310290,1,QUANTITY_IN_100KG,1989,395721
ESTAT:DS-045409(1.0),18/11/2024 11:00,A,EU,EU_EXTRA,310290,1,QUANTITY_IN_100KG,1990,269707
ESTAT:DS-045409(1.0),18/11/2024 11:00,A,EU,EU_EXTRA,310290,1,QUANTITY_IN_100KG,1991,258212
ESTAT:DS-045409(1.0),18/11/2024 11:00,A,EU,EU_EXTRA,310290,1,QUANTITY_IN_100KG,1992,399546
ESTAT:DS-045409(1.0),18/11/2024 11:00,A,EU,EU_EXTRA,310290,1,QUANTITY_IN_100KG,1993,365684
ESTAT:DS-045409(1.0),18/11/2024 11:00,A,EU,EU_EXTRA,310290,1,QUANTITY_IN_100KG,1994,649109
ESTAT:DS-045409(1.0),18/11/2024 11:00,A,EU,EU_EXTRA,310290,1,QUANTITY_IN_100KG,1995,1543997
ESTAT:DS-045409(1.0),18/11/2024 11:00,A,EU,EU_EXTRA,310290,1,QUANTITY_IN_100KG,1996,274463
ESTAT:DS-045409(1.0),18/11/2024 11:00,A,EU,EU_EXTRA,310290,1,QUANTITY_IN_100KG,1997,430969
ESTAT:DS-045409(1.0),18/11/2024 11:00,A,EU,EU_EXTRA,310290,1,QUANTITY_IN_100KG,1998,356357
ESTAT:DS-045409(1.0),18/11/2024 11:00,A,EU,EU_EXTRA,310290,1,QUANTITY_IN_100KG,1999,202714
ESTAT:DS-045409(1.0),18/11/2024 11:00,A,EU,EU_EXTRA,310290,1,QUANTITY_IN_100KG,2000,44308
ESTAT:DS-045409(1.0),18/11/2024 11:00,A,EU,EU_EXTRA,310290,1,QUANTITY_IN_100KG,2001,190747
ESTAT:DS-045409(1.0),18/11/2024 11:00,A,EU,EU_EXTRA,310290,1,QUANTITY_IN_100KG,2002,170753
ESTAT:DS-045409(1.0),18/11/2024 11:00,A,EU,EU_EXTRA,310290,1,QUANTITY_IN_100KG,2003,239989
ESTAT:DS-045409(1.0),18/11/2024 11:00,A,EU,EU_EXTRA,310290,1,QUANTITY_IN_100KG,2004,159717
ESTAT:DS-045409(1.0),18/11/2024 11:00,A,EU,EU_EXTRA,310290,1,QUANTITY_IN_100KG,2005,112279
ESTAT:DS-045409(1.0),18/11/2024 11:00,A,EU,EU_EXTRA,310290,1,QUANTITY_IN_100KG,2006,96482
ESTAT:DS-045409(1.0),18/11/2024 11:00,A,EU,EU_EXTRA,310290,1,QUANTITY_IN_100KG,2007,84796
ESTAT:DS-045409(1.0),18/11/2024 11:00,A,EU,EU_EXTRA,310290,1,QUANTITY_IN_100KG,2008,135891
ESTAT:DS-045409(1.0),18/11/2024 11:00,A,EU,EU_EXTRA,310290,1,QUANTITY_IN_100KG,2009,50693
ESTAT:DS-045409(1.0),18/11/2024 11:00,A,EU,EU_EXTRA,310290,1,QUANTITY_IN_100KG,2010,118290.5
ESTAT:DS-045409(1.0),18/11/2024 11:00,A,EU,EU_EXTRA,310290,1,QUANTITY_IN_100KG,2011,71654.81
ESTAT:DS-045409(1.0),18/11/2024 11:00,A,EU,EU_EXTRA,310290,1,QUANTITY_IN_100KG,2012,66037.92
ESTAT:DS-045409(1.0),18/11/2024 11:00,A,EU,EU_EXTRA,310290,1,QUANTITY_IN_100KG,2013,111281.34
ESTAT:DS-045409(1.0),18/11/2024 11:00,A,EU,EU_EXTRA,310290,1,QUANTITY_IN_100KG,2014,152937.87
ESTAT:DS-045409(1.0),18/11/2024 11:00,A,EU,EU_EXTRA,310290,1,QUANTITY_IN_100KG,2015,132519.63
ESTAT:DS-045409(1.0),18/11/2024 11:00,A,EU,EU_EXTRA,310290,1,QUANTITY_IN_100KG,2016,74966.19
ESTAT:DS-045409(1.0),18/11/2024 11:00,A,EU,EU_EXTRA,310290,1,QUANTITY_IN_100KG,2017,126703.58
ESTAT:DS-045409(1.0),18/11/2024 11:00,A,EU,EU_EXTRA,310290,1,QUANTITY_IN_100KG,2018,77604.1
ESTAT:DS-045409(1.0),18/11/2024 11:00,A,EU,EU_EXTRA,310290,1,QUANTITY_IN_100KG,2019,442241.96
ESTAT:DS-045409(1.0),18/11/2024 11:00,A,EU,EU_EXTRA,310290,1,QUANTITY_IN_100KG,2020,540456.46
ESTAT:DS-045409(1.0),18/11/2024 11:00,A,EU,EU_EXTRA,310290,1,QUANTITY_IN_100KG,2021,668529.44
ESTAT:DS-045409(1.0),18/11/2024 11:00,A,EU,EU_EXTRA,310290,1,QUANTITY_IN_100KG,2022,639458.59
ESTAT:DS-045409(1.0),18/11/2024 11:00,A,EU,EU_EXTRA,310290,1,QUANTITY_IN_100KG,2023,440914.02
ESTAT:DS-045409(1.0),18/11/2024 11:00,A,EU,EU_EXTRA,310290,2,QUANTITY_IN_100KG,1988,275902
ESTAT:DS-045409(1.0),18/11/2024 11:00,A,EU,EU_EXTRA,310290,2,QUANTITY_IN_100KG,1989,290055
ESTAT:DS-045409(1.0),18/11/2024 11:00,A,EU,EU_EXTRA,310290,2,QUANTITY_IN_100KG,1990,449901
ESTAT:DS-045409(1.0),18/11/2024 11:00,A,EU,EU_EXTRA,310290,2,QUANTITY_IN_100KG,1991,192782
ESTAT:DS-045409(1.0),18/11/2024 11:00,A,EU,EU_EXTRA,310290,2,QUANTITY_IN_100KG,1992,301525
ESTAT:DS-045409(1.0),18/11/2024 11:00,A,EU,EU_EXTRA,310290,2,QUANTITY_IN_100KG,1993,325528
ESTAT:DS-045409(1.0),18/11/2024 11:00,A,EU,EU_EXTRA,310290,2,QUANTITY_IN_100KG,1994,465574
ESTAT:DS-045409(1.0),18/11/2024 11:00,A,EU,EU_EXTRA,310290,2,QUANTITY_IN_100KG,1995,552993
ESTAT:DS-045409(1.0),18/11/2024 11:00,A,EU,EU_EXTRA,310290,2,QUANTITY_IN_100KG,1996,355312
ESTAT:DS-045409(1.0),18/11/2024 11:00,A,EU,EU_EXTRA,310290,2,QUANTITY_IN_100KG,1997,250036
ESTAT:DS-045409(1.0),18/11/2024 11:00,A,EU,EU_EXTRA,310290,2,QUANTITY_IN_100KG,1998,662183
ESTAT:DS-045409(1.0),18/11/2024 11:00,A,EU,EU_EXTRA,310290,2,QUANTITY_IN_100KG,1999,330690
ESTAT:DS-045409(1.0),18/11/2024 11:00,A,EU,EU_EXTRA,310290,2,QUANTITY_IN_100KG,2000,914050
ESTAT:DS-045409(1.0),18/11/2024 11:00,A,EU,EU_EXTRA,310290,2,QUANTITY_IN_100KG,2001,838559
ESTAT:DS-045409(1.0),18/11/2024 11:00,A,EU,EU_EXTRA,310290,2,QUANTITY_IN_100KG,2002,544674
ESTAT:DS-045409(1.0),18/11/2024 11:00,A,EU,EU_EXTRA,310290,2,QUANTITY_IN_100KG,2003,568384
ESTAT:DS-045409(1.0),18/11/2024 11:00,A,EU,EU_EXTRA,310290,2,QUANTITY_IN_100KG,2004,305756
ESTAT:DS-045409(1.0),18/11/2024 11:00,A,EU,EU_EXTRA,310290,2,QUANTITY_IN_100KG,2005,611696
ESTAT:DS-045409(1.0),18/11/2024 11:00,A,EU,EU_EXTRA,310290,2,QUANTITY_IN_100KG,2006,568876
ESTAT:DS-045409(1.0),18/11/2024 11:00,A,EU,EU_EXTRA,310290,2,QUANTITY_IN_100KG,2007,1016903
ESTAT:DS-045409(1.0),18/11/2024 11:00,A,EU,EU_EXTRA,310290,2,QUANTITY_IN_100KG,2008,1375876
ESTAT:DS-045409(1.0),18/11/2024 11:00,A,EU,EU_EXTRA,310290,2,QUANTITY_IN_100KG,2009,696430
ESTAT:DS-045409(1.0),18/11/2024 11:00,A,EU,EU_EXTRA,310290,2,QUANTITY_IN_100KG,2010,765819.5
ESTAT:DS-045409(1.0),18/11/2024 11:00,A,EU,EU_EXTRA,310290,2,QUANTITY_IN_100KG,2011,977921.21
ESTAT:DS-045409(1.0),18/11/2024 11:00,A,EU,EU_EXTRA,310290,2,QUANTITY_IN_100KG,2012,1038026.34
ESTAT:DS-045409(1.0),18/11/2024 11:00,A,EU,EU_EXTRA,310290,2,QUANTITY_IN_100KG,2013,1233662.41
ESTAT:DS-045409(1.0),18/11/2024 11:00,A,EU,EU_EXTRA,310290,2,QUANTITY_IN_100KG,2014,1016578.88
ESTAT:DS-045409(1.0),18/11/2024 11:00,A,EU,EU_EXTRA,310290,2,QUANTITY_IN_100KG,2015,1079393.93
ESTAT:DS-045409(1.0),18/11/2024 11:00,A,EU,EU_EXTRA,310290,2,QUANTITY_IN_100KG,2016,1334721.25
ESTAT:DS-045409(1.0),18/11/2024 11:00,A,EU,EU_EXTRA,310290,2,QUANTITY_IN_100KG,2017,1037766.63
ESTAT:DS-045409(1.0),18/11/2024 11:00,A,EU,EU_EXTRA,310290,2,QUANTITY_IN_100KG,2018,1049968.06
ESTAT:DS-045409(1.0),18/11/2024 11:00,A,EU,EU_EXTRA,310290,2,QUANTITY_IN_100KG,2019,1093501.86
ESTAT:DS-045409(1.0),18/11/2024 11:00,A,EU,EU_EXTRA,310290,2,QUANTITY_IN_100KG,2020,1407661.77
ESTAT:DS-045409(1.0),18/11/2024 11:00,A,EU,EU_EXTRA,310290,2,QUANTITY_IN_100KG,2021,2264395.92
ESTAT:DS-045409(1.0),18/11/2024 11:00,A,EU,EU_EXTRA,310290,2,QUANTITY_IN_100KG,2022,1940475.65
ESTAT:DS-045409(1.0),18/11/2024 11:00,A,EU,EU_EXTRA,310290,2,QUANTITY_IN_100KG,2023,1634460.65
ESTAT:DS-045409(1.0),18/11/2024 11:00,A,EU,EU_EXTRA,31029000,1,QUANTITY_IN_100KG,1988,171086
ESTAT:DS-045409(1.0),18/11/2024 11:00,A,EU,EU_EXTRA,31029000,1,QUANTITY_IN_100KG,1989,395721
ESTAT:DS-045409(1.0),18/11/2024 11:00,A,EU,EU_EXTRA,31029000,1,QUANTITY_IN_100KG,1990,269707
ESTAT:DS-045409(1.0),18/11/2024 11:00,A,EU,EU_EXTRA,31029000,1,QUANTITY_IN_100KG,1991,258212
ESTAT:DS-045409(1.0),18/11/2024 11:00,A,EU,EU_EXTRA,31029000,1,QUANTITY_IN_100KG,1992,399546
ESTAT:DS-045409(1.0),18/11/2024 11:00,A,EU,EU_EXTRA,31029000,1,QUANTITY_IN_100KG,1993,365684
ESTAT:DS-045409(1.0),18/11/2024 11:00,A,EU,EU_EXTRA,31029000,1,QUANTITY_IN_100KG,1994,649109
ESTAT:DS-045409(1.0),18/11/2024 11:00,A,EU,EU_EXTRA,31029000,1,QUANTITY_IN_100KG,1995,1543997
ESTAT:DS-045409(1.0),18/11/2024 11:00,A,EU,EU_EXTRA,31029000,1,QUANTITY_IN_100KG,1996,274463
ESTAT:DS-045409(1.0),18/11/2024 11:00,A,EU,EU_EXTRA,31029000,1,QUANTITY_IN_100KG,1997,430969
ESTAT:DS-045409(1.0),18/11/2024 11:00,A,EU,EU_EXTRA,31029000,1,QUANTITY_IN_100KG,1998,356357
ESTAT:DS-045409(1.0),18/11/2024 11:00,A,EU,EU_EXTRA,31029000,1,QUANTITY_IN_100KG,1999,202714
ESTAT:DS-045409(1.0),18/11/2024 11:00,A,EU,EU_EXTRA,31029000,1,QUANTITY_IN_100KG,2000,44308
ESTAT:DS-045409(1.0),18/11/2024 11:00,A,EU,EU_EXTRA,31029000,1,QUANTITY_IN_100KG,2001,190747
ESTAT:DS-045409(1.0),18/11/2024 11:00,A,EU,EU_EXTRA,31029000,1,QUANTITY_IN_100KG,2002,170753
ESTAT:DS-045409(1.0),18/11/2024 11:00,A,EU,EU_EXTRA,31029000,1,QUANTITY_IN_100KG,2003,239989
ESTAT:DS-045409(1.0),18/11/2024 11:00,A,EU,EU_EXTRA,31029000,1,QUANTITY_IN_100KG,2004,159717
ESTAT:DS-045409(1.0),18/11/2024 11:00,A,EU,EU_EXTRA,31029000,1,QUANTITY_IN_100KG,2005,112279
ESTAT:DS-045409(1.0),18/11/2024 11:00,A,EU,EU_EXTRA,31029000,1,QUANTITY_IN_100KG,2006,96482
ESTAT:DS-045409(1.0),18/11/2024 11:00,A,EU,EU_EXTRA,31029000,1,QUANTITY_IN_100KG,2007,84796
ESTAT:DS-045409(1.0),18/11/2024 11:00,A,EU,EU_EXTRA,31029000,1,QUANTITY_IN_100KG,2008,135891
ESTAT:DS-045409(1.0),18/11/2024 11:00,A,EU,EU_EXTRA,31029000,1,QUANTITY_IN_100KG,2009,50693
ESTAT:DS-045409(1.0),18/11/2024 11:00,A,EU,EU_EXTRA,31029000,1,QUANTITY_IN_100KG,2010,118290.5
ESTAT:DS-045409(1.0),18/11/2024 11:00,A,EU,EU_EXTRA,31029000,1,QUANTITY_IN_100KG,2011,71654.81
ESTAT:DS-045409(1.0),18/11/2024 11:00,A,EU,EU_EXTRA,31029000,1,QUANTITY_IN_100KG,2012,66037.92
ESTAT:DS-045409(1.0),18/11/2024 11:00,A,EU,EU_EXTRA,31029000,1,QUANTITY_IN_100KG,2013,111281.34
ESTAT:DS-045409(1.0),18/11/2024 11:00,A,EU,EU_EXTRA,31029000,1,QUANTITY_IN_100KG,2014,152937.87
ESTAT:DS-045409(1.0),18/11/2024 11:00,A,EU,EU_EXTRA,31029000,1,QUANTITY_IN_100KG,2015,132519.63
ESTAT:DS-045409(1.0),18/11/2024 11:00,A,EU,EU_EXTRA,31029000,1,QUANTITY_IN_100KG,2016,74966.19
ESTAT:DS-045409(1.0),18/11/2024 11:00,A,EU,EU_EXTRA,31029000,1,QUANTITY_IN_100KG,2017,126703.58
ESTAT:DS-045409(1.0),18/11/2024 11:00,A,EU,EU_EXTRA,31029000,1,QUANTITY_IN_100KG,2018,77604.1
ESTAT:DS-045409(1.0),18/11/2024 11:00,A,EU,EU_EXTRA,31029000,1,QUANTITY_IN_100KG,2019,442241.96
ESTAT:DS-045409(1.0),18/11/2024 11:00,A,EU,EU_EXTRA,31029000,1,QUANTITY_IN_100KG,2020,540456.46
ESTAT:DS-045409(1.0),18/11/2024 11:00,A,EU,EU_EXTRA,31029000,1,QUANTITY_IN_100KG,2021,668529.44
ESTAT:DS-045409(1.0),18/11/2024 11:00,A,EU,EU_EXTRA,31029000,1,QUANTITY_IN_100KG,2022,639458.58
ESTAT:DS-045409(1.0),18/11/2024 11:00,A,EU,EU_EXTRA,31029000,1,QUANTITY_IN_100KG,2023,440913.99
ESTAT:DS-045409(1.0),18/11/2024 11:00,A,EU,EU_EXTRA,31029000,2,QUANTITY_IN_100KG,1988,275902
ESTAT:DS-045409(1.0),18/11/2024 11:00,A,EU,EU_EXTRA,31029000,2,QUANTITY_IN_100KG,1989,290055
ESTAT:DS-045409(1.0),18/11/2024 11:00,A,EU,EU_EXTRA,31029000,2,QUANTITY_IN_100KG,1990,449901
ESTAT:DS-045409(1.0),18/11/2024 11:00,A,EU,EU_EXTRA,31029000,2,QUANTITY_IN_100KG,1991,192782
ESTAT:DS-045409(1.0),18/11/2024 11:00,A,EU,EU_EXTRA,31029000,2,QUANTITY_IN_100KG,1992,301525
ESTAT:DS-045409(1.0),18/11/2024 11:00,A,EU,EU_EXTRA,31029000,2,QUANTITY_IN_100KG,1993,325528
ESTAT:DS-045409(1.0),18/11/2024 11:00,A,EU,EU_EXTRA,31029000,2,QUANTITY_IN_100KG,1994,465574
ESTAT:DS-045409(1.0),18/11/2024 11:00,A,EU,EU_EXTRA,31029000,2,QUANTITY_IN_100KG,1995,552993
ESTAT:DS-045409(1.0),18/11/2024 11:00,A,EU,EU_EXTRA,31029000,2,QUANTITY_IN_100KG,1996,355312
ESTAT:DS-045409(1.0),18/11/2024 11:00,A,EU,EU_EXTRA,31029000,2,QUANTITY_IN_100KG,1997,250036
ESTAT:DS-045409(1.0),18/11/2024 11:00,A,EU,EU_EXTRA,31029000,2,QUANTITY_IN_100KG,1998,662183
ESTAT:DS-045409(1.0),18/11/2024 11:00,A,EU,EU_EXTRA,31029000,2,QUANTITY_IN_100KG,1999,330690
ESTAT:DS-045409(1.0),18/11/2024 11:00,A,EU,EU_EXTRA,31029000,2,QUANTITY_IN_100KG,2000,914050
ESTAT:DS-045409(1.0),18/11/2024 11:00,A,EU,EU_EXTRA,31029000,2,QUANTITY_IN_100KG,2001,838559
ESTAT:DS-045409(1.0),18/11/2024 11:00,A,EU,EU_EXTRA,31029000,2,QUANTITY_IN_100KG,2002,544674
ESTAT:DS-045409(1.0),18/11/2024 11:00,A,EU,EU_EXTRA,31029000,2,QUANTITY_IN_100KG,2003,568384
ESTAT:DS-045409(1.0),18/11/2024 11:00,A,EU,EU_EXTRA,31029000,2,QUANTITY_IN_100KG,2004,305756
ESTAT:DS-045409(1.0),18/11/2024 11:00,A,EU,EU_EXTRA,31029000,2,QUANTITY_IN_100KG,2005,611696
ESTAT:DS-045409(1.0),18/11/2024 11:00,A,EU,EU_EXTRA,31029000,2,QUANTITY_IN_100KG,2006,568876
ESTAT:DS-045409(1.0),18/11/2024 11:00,A,EU,EU_EXTRA,31029000,2,QUANTITY_IN_100KG,2007,1016903
ESTAT:DS-045409(1.0),18/11/2024 11:00,A,EU,EU_EXTRA,31029000,2,QUANTITY_IN_100KG,2008,1375876
ESTAT:DS-045409(1.0),18/11/2024 11:00,A,EU,EU_EXTRA,31029000,2,QUANTITY_IN_100KG,2009,696430
ESTAT:DS-045409(1.0),18/11/2024 11:00,A,EU,EU_EXTRA,31029000,2,QUANTITY_IN_100KG,2010,765819.5
ESTAT:DS-045409(1.0),18/11/2024 11:00,A,EU,EU_EXTRA,31029000,2,QUANTITY_IN_100KG,2011,977921.21
ESTAT:DS-045409(1.0),18/11/2024 11:00,A,EU,EU_EXTRA,31029000,2,QUANTITY_IN_100KG,2012,1038026.34
ESTAT:DS-045409(1.0),18/11/2024 11:00,A,EU,EU_EXTRA,31029000,2,QUANTITY_IN_100KG,2013,1233662.41
ESTAT:DS-045409(1.0),18/11/2024 11:00,A,EU,EU_EXTRA,31029000,2,QUANTITY_IN_100KG,2014,1016578.88
ESTAT:DS-045409(1.0),18/11/2024 11:00,A,EU,EU_EXTRA,31029000,2,QUANTITY_IN_100KG,2015,1079393.93
ESTAT:DS-045409(1.0),18/11/2024 11:00,A,EU,EU_EXTRA,31029000,2,QUANTITY_IN_100KG,2016,1334721.25
ESTAT:DS-045409(1.0),18/11/2024 11:00,A,EU,EU_EXTRA,31029000,2,QUANTITY_IN_100KG,2017,1037766.63
ESTAT:DS-045409(1.0),18/11/2024 11:00,A,EU,EU_EXTRA,31029000,2,QUANTITY_IN_100KG,2018,1049968.06
ESTAT:DS-045409(1.0),18/11/2024 11:00,A,EU,EU_EXTRA,31029000,2,QUANTITY_IN_100KG,2019,1093501.86
ESTAT:DS-045409(1.0),18/11/2024 11:00,A,EU,EU_EXTRA,31029000,2,QUANTITY_IN_100KG,2020,1407661.77
ESTAT:DS-045409(1.0),18/11/2024 11:00,A,EU,EU_EXTRA,31029000,2,QUANTITY_IN_100KG,2021,2264395.92
ESTAT:DS-045409(1.0),18/11/2024 11:00,A,EU,EU_EXTRA,31029000,2,QUANTITY_IN_100KG,2022,1940475.65
ESTAT:DS-045409(1.0),18/11/2024 11:00,A,EU,EU_EXTRA,31029000,2,QUANTITY_IN_100KG,2023,1634460.65
ESTAT:DS-045409(1.0),18/11/2024 11:00,A,EU,EU_EXTRA,TOTAL,1,QUANTITY_IN_100KG,1988,10164730762
ESTAT:DS-045409(1.0),18/11/2024 11:00,A,EU,EU_EXTRA,TOTAL,1,QUANTITY_IN_100KG,1989,10539465597
ESTAT:DS-045409(1.0),18/11/2024 11:00,A,EU,EU_EXTRA,TOTAL,1,QUANTITY_IN_100KG,1990,10965144572
ESTAT:DS-045409(1.0),18/11/2024 11:00,A,EU,EU_EXTRA,TOTAL,1,QUANTITY_IN_100KG,1991,11644414294
ESTAT:DS-045409(1.0),18/11/2024 11:00,A,EU,EU_EXTRA,TOTAL,1,QUANTITY_IN_100KG,1992,11966033530
ESTAT:DS-045409(1.0),18/11/2024 11:00,A,EU,EU_EXTRA,TOTAL,1,QUANTITY_IN_100KG,1993,11165513686
ESTAT:DS-045409(1.0),18/11/2024 11:00,A,EU,EU_EXTRA,TOTAL,1,QUANTITY_IN_100KG,1994,12258907552
ESTAT:DS-045409(1.0),18/11/2024 11:00,A,EU,EU_EXTRA,TOTAL,1,QUANTITY_IN_100KG,1995,12657697377
ESTAT:DS-045409(1.0),18/11/2024 11:00,A,EU,EU_EXTRA,TOTAL,1,QUANTITY_IN_100KG,1996,12392541314
ESTAT:DS-045409(1.0),18/11/2024 11:00,A,EU,EU_EXTRA,TOTAL,1,QUANTITY_IN_100KG,1997,12820338823
ESTAT:DS-045409(1.0),18/11/2024 11:00,A,EU,EU_EXTRA,TOTAL,1,QUANTITY_IN_100KG,1998,12807504946
ESTAT:DS-045409(1.0),18/11/2024 11:00,A,EU,EU_EXTRA,TOTAL,1,QUANTITY_IN_100KG,1999,13403174096
ESTAT:DS-045409(1.0),18/11/2024 11:00,A,EU,EU_EXTRA,TOTAL,1,QUANTITY_IN_100KG,2000,14374774724
ESTAT:DS-045409(1.0),18/11/2024 11:00,A,EU,EU_EXTRA,TOTAL,1,QUANTITY_IN_100KG,2001,14683569639
ESTAT:DS-045409(1.0),18/11/2024 11:00,A,EU,EU_EXTRA,TOTAL,1,QUANTITY_IN_100KG,2002,14793066003
ESTAT:DS-045409(1.0),18/11/2024 11:00,A,EU,EU_EXTRA,TOTAL,1,QUANTITY_IN_100KG,2003,15478556031
ESTAT:DS-045409(1.0),18/11/2024 11:00,A,EU,EU_EXTRA,TOTAL,1,QUANTITY_IN_100KG,2004,16470926137
ESTAT:DS-045409(1.0),18/11/2024 11:00,A,EU,EU_EXTRA,TOTAL,1,QUANTITY_IN_100KG,2005,17066169840
ESTAT:DS-045409(1.0),18/11/2024 11:00,A,EU,EU_EXTRA,TOTAL,1,QUANTITY_IN_100KG,2006,17541792081
ESTAT:DS-045409(1.0),18/11/2024 11:00,A,EU,EU_EXTRA,TOTAL,1,QUANTITY_IN_100KG,2007,18151033402
ESTAT:DS-045409(1.0),18/11/2024 11:00,A,EU,EU_EXTRA,TOTAL,1,QUANTITY_IN_100KG,2008,18029453992
ESTAT:DS-045409(1.0),18/11/2024 11:00,A,EU,EU_EXTRA,TOTAL,1,QUANTITY_IN_100KG,2009,15392432329
ESTAT:DS-045409(1.0),18/11/2024 11:00,A,EU,EU_EXTRA,TOTAL,1,QUANTITY_IN_100KG,2010,16392505284
ESTAT:DS-045409(1.0),18/11/2024 11:00,A,EU,EU_EXTRA,TOTAL,1,QUANTITY_IN_100KG,2011,16732935493
ESTAT:DS-045409(1.0),18/11/2024 11:00,A,EU,EU_EXTRA,TOTAL,1,QUANTITY_IN_100KG,2012,16368837171
ESTAT:DS-045409(1.0),18/11/2024 11:00,A,EU,EU_EXTRA,TOTAL,1,QUANTITY_IN_100KG,2013,16227468606
ESTAT:DS-045409(1.0),18/11/2024 11:00,A,EU,EU_EXTRA,TOTAL,1,QUANTITY_IN_100KG,2014,16365085888
ESTAT:DS-045409(1.0),18/11/2024 11:00,A,EU,EU_EXTRA,TOTAL,1,QUANTITY_IN_100KG,2015,16852350811
ESTAT:DS-045409(1.0),18/11/2024 11:00,A,EU,EU_EXTRA,TOTAL,1,QUANTITY_IN_100KG,2016,16941322692
ESTAT:DS-045409(1.0),18/11/2024 11:00,A,EU,EU_EXTRA,TOTAL,1,QUANTITY_IN_100KG,2017,17417639251
ESTAT:DS-045409(1.0),18/11/2024 11:00,A,EU,EU_EXTRA,TOTAL,1,QUANTITY_IN_100KG,2018,17787851470
ESTAT:DS-045409(1.0),18/11/2024 11:00,A,EU,EU_EXTRA,TOTAL,1,QUANTITY_IN_100KG,2019,17486425684
ESTAT:DS-045409(1.0),18/11/2024 11:00,A,EU,EU_EXTRA,TOTAL,1,QUANTITY_IN_100KG,2020,15298182707
ESTAT:DS-045409(1.0),18/11/2024 11:00,A,EU,EU_EXTRA,TOTAL,1,QUANTITY_IN_100KG,2021,16060423412
ESTAT:DS-045409(1.0),18/11/2024 11:00,A,EU,EU_EXTRA,TOTAL,1,QUANTITY_IN_100KG,2022,16616634508
ESTAT:DS-045409(1.0),18/11/2024 11:00,A,EU,EU_EXTRA,TOTAL,1,QUANTITY_IN_100KG,2023,14941992721
ESTAT:DS-045409(1.0),18/11/2024 11:00,A,EU,EU_EXTRA,TOTAL,2,QUANTITY_IN_100KG,1988,2975805529
ESTAT:DS-045409(1.0),18/11/2024 11:00,A,EU,EU_EXTRA,TOTAL,2,QUANTITY_IN_100KG,1989,3045341068
ESTAT:DS-045409(1.0),18/11/2024 11:00,A,EU,EU_EXTRA,TOTAL,2,QUANTITY_IN_100KG,1990,3065857374
ESTAT:DS-045409(1.0),18/11/2024 11:00,A,EU,EU_EXTRA,TOTAL,2,QUANTITY_IN_100KG,1991,3123066629
ESTAT:DS-045409(1.0),18/11/2024 11:00,A,EU,EU_EXTRA,TOTAL,2,QUANTITY_IN_100KG,1992,3276176209
ESTAT:DS-045409(1.0),18/11/2024 11:00,A,EU,EU_EXTRA,TOTAL,2,QUANTITY_IN_100KG,1993,3697996895
ESTAT:DS-045409(1.0),18/11/2024 11:00,A,EU,EU_EXTRA,TOTAL,2,QUANTITY_IN_100KG,1994,3891276926
ESTAT:DS-045409(1.0),18/11/2024 11:00,A,EU,EU_EXTRA,TOTAL,2,QUANTITY_IN_100KG,1995,3576087468
ESTAT:DS-045409(1.0),18/11/2024 11:00,A,EU,EU_EXTRA,TOTAL,2,QUANTITY_IN_100KG,1996,3667432959
ESTAT:DS-045409(1.0),18/11/2024 11:00,A,EU,EU_EXTRA,TOTAL,2,QUANTITY_IN_100KG,1997,3894026257
ESTAT:DS-045409(1.0),18/11/2024 11:00,A,EU,EU_EXTRA,TOTAL,2,QUANTITY_IN_100KG,1998,3888836488
ESTAT:DS-045409(1.0),18/11/2024 11:00,A,EU,EU_EXTRA,TOTAL,2,QUANTITY_IN_100KG,1999,3969190102
ESTAT:DS-045409(1.0),18/11/2024 11:00,A,EU,EU_EXTRA,TOTAL,2,QUANTITY_IN_100KG,2000,4268335158
ESTAT:DS-045409(1.0),18/11/2024 11:00,A,EU,EU_EXTRA,TOTAL,2,QUANTITY_IN_100KG,2001,4097993502
ESTAT:DS-045409(1.0),18/11/2024 11:00,A,EU,EU_EXTRA,TOTAL,2,QUANTITY_IN_100KG,2002,4349946436
ESTAT:DS-045409(1.0),18/11/2024 11:00,A,EU,EU_EXTRA,TOTAL,2,QUANTITY_IN_100KG,2003,4506873296
ESTAT:DS-045409(1.0),18/11/2024 11:00,A,EU,EU_EXTRA,TOTAL,2,QUANTITY_IN_100KG,2004,4571720729
ESTAT:DS-045409(1.0),18/11/2024 11:00,A,EU,EU_EXTRA,TOTAL,2,QUANTITY_IN_100KG,2005,4753215873
ESTAT:DS-045409(1.0),18/11/2024 11:00,A,EU,EU_EXTRA,TOTAL,2,QUANTITY_IN_100KG,2006,4977611951
ESTAT:DS-045409(1.0),18/11/2024 11:00,A,EU,EU_EXTRA,TOTAL,2,QUANTITY_IN_100KG,2007,5165591608
ESTAT:DS-045409(1.0),18/11/2024 11:00,A,EU,EU_EXTRA,TOTAL,2,QUANTITY_IN_100KG,2008,5399391351
ESTAT:DS-045409(1.0),18/11/2024 11:00,A,EU,EU_EXTRA,TOTAL,2,QUANTITY_IN_100KG,2009,5113063253
ESTAT:DS-045409(1.0),18/11/2024 11:00,A,EU,EU_EXTRA,TOTAL,2,QUANTITY_IN_100KG,2010,5592272574
ESTAT:DS-045409(1.0),18/11/2024 11:00,A,EU,EU_EXTRA,TOTAL,2,QUANTITY_IN_100KG,2011,5728420140
ESTAT:DS-045409(1.0),18/11/2024 11:00,A,EU,EU_EXTRA,TOTAL,2,QUANTITY_IN_100KG,2012,6180037597
ESTAT:DS-045409(1.0),18/11/2024 11:00,A,EU,EU_EXTRA,TOTAL,2,QUANTITY_IN_100KG,2013,6435461561
ESTAT:DS-045409(1.0),18/11/2024 11:00,A,EU,EU_EXTRA,TOTAL,2,QUANTITY_IN_100KG,2014,6451833460
ESTAT:DS-045409(1.0),18/11/2024 11:00,A,EU,EU_EXTRA,TOTAL,2,QUANTITY_IN_100KG,2015,6506991219
ESTAT:DS-045409(1.0),18/11/2024 11:00,A,EU,EU_EXTRA,TOTAL,2,QUANTITY_IN_100KG,2016,6710153612
ESTAT:DS-045409(1.0),18/11/2024 11:00,A,EU,EU_EXTRA,TOTAL,2,QUANTITY_IN_100KG,2017,6984281342
ESTAT:DS-045409(1.0),18/11/2024 11:00,A,EU,EU_EXTRA,TOTAL,2,QUANTITY_IN_100KG,2018,6811556269
ESTAT:DS-045409(1.0),18/11/2024 11:00,A,EU,EU_EXTRA,TOTAL,2,QUANTITY_IN_100KG,2019,6817249610
ESTAT:DS-045409(1.0),18/11/2024 11:00,A,EU,EU_EXTRA,TOTAL,2,QUANTITY_IN_100KG,2020,7151790003
ESTAT:DS-045409(1.0),18/11/2024 11:00,A,EU,EU_EXTRA,TOTAL,2,QUANTITY_IN_100KG,2021,7460960372
ESTAT:DS-045409(1.0),18/11/2024 11:00,A,EU,EU_EXTRA,TOTAL,2,QUANTITY_IN_100KG,2022,6949462365
ESTAT:DS-045409(1.0),18/11/2024 11:00,A,EU,EU_EXTRA,TOTAL,2,QUANTITY_IN_100KG,2023,6690454327
ESTAT:DS-045409(1.0),18/11/2024 11:00,A,EU,EU_INTRA,2814,1,QUANTITY_IN_100KG,1988,9355180
ESTAT:DS-045409(1.0),18/11/2024 11:00,A,EU,EU_INTRA,2814,1,QUANTITY_IN_100KG,1989,8656703
ESTAT:DS-045409(1.0),18/11/2024 11:00,A,EU,EU_INTRA,2814,1,QUANTITY_IN_100KG,1990,10033770
ESTAT:DS-045409(1.0),18/11/2024 11:00,A,EU,EU_INTRA,2814,1,QUANTITY_IN_100KG,1991,9022741
ESTAT:DS-045409(1.0),18/11/2024 11:00,A,EU,EU_INTRA,2814,1,QUANTITY_IN_100KG,1992,7253398
ESTAT:DS-045409(1.0),18/11/2024 11:00,A,EU,EU_INTRA,2814,1,QUANTITY_IN_100KG,1993,7205726
ESTAT:DS-045409(1.0),18/11/2024 11:00,A,EU,EU_INTRA,2814,1,QUANTITY_IN_100KG,1994,8604873
ESTAT:DS-045409(1.0),18/11/2024 11:00,A,EU,EU_INTRA,2814,1,QUANTITY_IN_100KG,1995,9080585
ESTAT:DS-045409(1.0),18/11/2024 11:00,A,EU,EU_INTRA,2814,1,QUANTITY_IN_100KG,1996,7049625
ESTAT:DS-045409(1.0),18/11/2024 11:00,A,EU,EU_INTRA,2814,1,QUANTITY_IN_100KG,1997,8526848
ESTAT:DS-045409(1.0),18/11/2024 11:00,A,EU,EU_INTRA,2814,1,QUANTITY_IN_100KG,1998,9017978
ESTAT:DS-045409(1.0),18/11/2024 11:00,A,EU,EU_INTRA,2814,1,QUANTITY_IN_100KG,1999,8498336
ESTAT:DS-045409(1.0),18/11/2024 11:00,A,EU,EU_INTRA,2814,1,QUANTITY_IN_100KG,2000,12153950
ESTAT:DS-045409(1.0),18/11/2024 11:00,A,EU,EU_INTRA,2814,1,QUANTITY_IN_100KG,2001,10739632
ESTAT:DS-045409(1.0),18/11/2024 11:00,A,EU,EU_INTRA,2814,1,QUANTITY_IN_100KG,2002,13756471
ESTAT:DS-045409(1.0),18/11/2024 11:00,A,EU,EU_INTRA,2814,1,QUANTITY_IN_100KG,2003,15124232
ESTAT:DS-045409(1.0),18/11/2024 11:00,A,EU,EU_INTRA,2814,1,QUANTITY_IN_100KG,2004,18384303
ESTAT:DS-045409(1.0),18/11/2024 11:00,A,EU,EU_INTRA,2814,1,QUANTITY_IN_100KG,2005,20741903
ESTAT:DS-045409(1.0),18/11/2024 11:00,A,EU,EU_INTRA,2814,1,QUANTITY_IN_100KG,2006,19401564
ESTAT:DS-045409(1.0),18/11/2024 11:00,A,EU,EU_INTRA,2814,1,QUANTITY_IN_100KG,2007,20590369
ESTAT:DS-045409(1.0),18/11/2024 11:00,A,EU,EU_INTRA,2814,1,QUANTITY_IN_100KG,2008,20187715
ESTAT:DS-045409(1.0),18/11/2024 11:00,A,EU,EU_INTRA,2814,1,QUANTITY_IN_100KG,2009,15294992
ESTAT:DS-045409(1.0),18/11/2024 11:00,A,EU,EU_INTRA,2814,1,QUANTITY_IN_100KG,2010,16926354.65
ESTAT:DS-045409(1.0),18/11/2024 11:00,A,EU,EU_INTRA,2814,1,QUANTITY_IN_100KG,2011,16651246.8
ESTAT:DS-045409(1.0),18/11/2024 11:00,A,EU,EU_INTRA,2814,1,QUANTITY_IN_100KG,2012,14626869.03
ESTAT:DS-045409(1.0),18/11/2024 11:00,A,EU,EU_INTRA,2814,1,QUANTITY_IN_100KG,2013,15911862.82
ESTAT:DS-045409(1.0),18/11/2024 11:00,A,EU,EU_INTRA,2814,1,QUANTITY_IN_100KG,2014,16273028.5
ESTAT:DS-045409(1.0),18/11/2024 11:00,A,EU,EU_INTRA,2814,1,QUANTITY_IN_100KG,2015,16691300.78
ESTAT:DS-045409(1.0),18/11/2024 11:00,A,EU,EU_INTRA,2814,1,QUANTITY_IN_100KG,2016,15751133.4
ESTAT:DS-045409(1.0),18/11/2024 11:00,A,EU,EU_INTRA,2814,1,QUANTITY_IN_100KG,2017,16735879.16
ESTAT:DS-045409(1.0),18/11/2024 11:00,A,EU,EU_INTRA,2814,1,QUANTITY_IN_100KG,2018,15560525.57
ESTAT:DS-045409(1.0),18/11/2024 11:00,A,EU,EU_INTRA,2814,1,QUANTITY_IN_100KG,2019,16248898.49
ESTAT:DS-045409(1.0),18/11/2024 11:00,A,EU,EU_INTRA,2814,1,QUANTITY_IN_100KG,2020,12863883.87
ESTAT:DS-045409(1.0),18/11/2024 11:00,A,EU,EU_INTRA,2814,1,QUANTITY_IN_100KG,2021,12877466.87
ESTAT:DS-045409(1.0),18/11/2024 11:00,A,EU,EU_INTRA,2814,1,QUANTITY_IN_100KG,2022,13967300.13
ESTAT:DS-045409(1.0),18/11/2024 11:00,A,EU,EU_INTRA,2814,1,QUANTITY_IN_100KG,2023,12754970.63
ESTAT:DS-045409(1.0),18/11/2024 11:00,A,EU,EU_INTRA,2814,2,QUANTITY_IN_100KG,1988,17237261
ESTAT:DS-045409(1.0),18/11/2024 11:00,A,EU,EU_INTRA,2814,2,QUANTITY_IN_100KG,1989,16284640
ESTAT:DS-045409(1.0),18/11/2024 11:00,A,EU,EU_INTRA,2814,2,QUANTITY_IN_100KG,1990,18792979
ESTAT:DS-045409(1.0),18/11/2024 11:00,A,EU,EU_INTRA,2814,2,QUANTITY_IN_100KG,1991,18195430
ESTAT:DS-045409(1.0),18/11/2024 11:00,A,EU,EU_INTRA,2814,2,QUANTITY_IN_100KG,1992,13577604
ESTAT:DS-045409(1.0),18/11/2024 11:00,A,EU,EU_INTRA,2814,2,QUANTITY_IN_100KG,1993,10364660
ESTAT:DS-045409(1.0),18/11/2024 11:00,A,EU,EU_INTRA,2814,2,QUANTITY_IN_100KG,1994,11883233
ESTAT:DS-045409(1.0),18/11/2024 11:00,A,EU,EU_INTRA,2814,2,QUANTITY_IN_100KG,1995,14936068
ESTAT:DS-045409(1.0),18/11/2024 11:00,A,EU,EU_INTRA,2814,2,QUANTITY_IN_100KG,1996,15994208
ESTAT:DS-045409(1.0),18/11/2024 11:00,A,EU,EU_INTRA,2814,2,QUANTITY_IN_100KG,1997,18458716
ESTAT:DS-045409(1.0),18/11/2024 11:00,A,EU,EU_INTRA,2814,2,QUANTITY_IN_100KG,1998,15119617
ESTAT:DS-045409(1.0),18/11/2024 11:00,A,EU,EU_INTRA,2814,2,QUANTITY_IN_100KG,1999,15515784
ESTAT:DS-045409(1.0),18/11/2024 11:00,A,EU,EU_INTRA,2814,2,QUANTITY_IN_100KG,2000,16693713
ESTAT:DS-045409(1.0),18/11/2024 11:00,A,EU,EU_INTRA,2814,2,QUANTITY_IN_100KG,2001,13585779
ESTAT:DS-045409(1.0),18/11/2024 11:00,A,EU,EU_INTRA,2814,2,QUANTITY_IN_100KG,2002,13500867
ESTAT:DS-045409(1.0),18/11/2024 11:00,A,EU,EU_INTRA,2814,2,QUANTITY_IN_100KG,2003,13214961
ESTAT:DS-045409(1.0),18/11/2024 11:00,A,EU,EU_INTRA,2814,2,QUANTITY_IN_100KG,2004,16715267
ESTAT:DS-045409(1.0),18/11/2024 11:00,A,EU,EU_INTRA,2814,2,QUANTITY_IN_100KG,2005,21108476
ESTAT:DS-045409(1.0),18/11/2024 11:00,A,EU,EU_INTRA,2814,2,QUANTITY_IN_100KG,2006,19761326
ESTAT:DS-045409(1.0),18/11/2024 11:00,A,EU,EU_INTRA,2814,2,QUANTITY_IN_100KG,2007,19248617
ESTAT:DS-045409(1.0),18/11/2024 11:00,A,EU,EU_INTRA,2814,2,QUANTITY_IN_100KG,2008,19860501
ESTAT:DS-045409(1.0),18/11/2024 11:00,A,EU,EU_INTRA,2814,2,QUANTITY_IN_100KG,2009,14998908
ESTAT:DS-045409(1.0),18/11/2024 11:00,A,EU,EU_INTRA,2814,2,QUANTITY_IN_100KG,2010,15305015.3
ESTAT:DS-045409(1.0),18/11/2024 11:00,A,EU,EU_INTRA,2814,2,QUANTITY_IN_100KG,2011,15247586.99
ESTAT:DS-045409(1.0),18/11/2024 11:00,A,EU,EU_INTRA,2814,2,QUANTITY_IN_100KG,2012,15021682.61
ESTAT:DS-045409(1.0),18/11/2024 11:00,A,EU,EU_INTRA,2814,2,QUANTITY_IN_100KG,2013,14971087.95
ESTAT:DS-045409(1.0),18/11/2024 11:00,A,EU,EU_INTRA,2814,2,QUANTITY_IN_100KG,2014,17776412.71
ESTAT:DS-045409(1.0),18/11/2024 11:00,A,EU,EU_INTRA,2814,2,QUANTITY_IN_100KG,2015,17245447.25
ESTAT:DS-045409(1.0),18/11/2024 11:00,A,EU,EU_INTRA,2814,2,QUANTITY_IN_100KG,2016,15822869.07
ESTAT:DS-045409(1.0),18/11/2024 11:00,A,EU,EU_INTRA,2814,2,QUANTITY_IN_100KG,2017,16434357.81
ESTAT:DS-045409(1.0),18/11/2024 11:00,A,EU,EU_INTRA,2814,2,QUANTITY_IN_100KG,2018,16177885.94
ESTAT:DS-045409(1.0),18/11/2024 11:00,A,EU,EU_INTRA,2814,2,QUANTITY_IN_100KG,2019,16433658.79
ESTAT:DS-045409(1.0),18/11/2024 11:00,A,EU,EU_INTRA,2814,2,QUANTITY_IN_100KG,2020,13164391.86
ESTAT:DS-045409(1.0),18/11/2024 11:00,A,EU,EU_INTRA,2814,2,QUANTITY_IN_100KG,2021,12805366.58
ESTAT:DS-045409(1.0),18/11/2024 11:00,A,EU,EU_INTRA,2814,2,QUANTITY_IN_100KG,2022,14003718.98
ESTAT:DS-045409(1.0),18/11/2024 11:00,A,EU,EU_INTRA,2814,2,QUANTITY_IN_100KG,2023,13555527.73
ESTAT:DS-045409(1.0),18/11/2024 11:00,A,EU,EU_INTRA,281410,1,QUANTITY_IN_100KG,1988,9092711
ESTAT:DS-045409(1.0),18/11/2024 11:00,A,EU,EU_INTRA,281410,1,QUANTITY_IN_100KG,1989,8352629
ESTAT:DS-045409(1.0),18/11/2024 11:00,A,EU,EU_INTRA,281410,1,QUANTITY_IN_100KG,1990,9550018
ESTAT:DS-045409(1.0),18/11/2024 11:00,A,EU,EU_INTRA,281410,1,QUANTITY_IN_100KG,1991,8748730
ESTAT:DS-045409(1.0),18/11/2024 11:00,A,EU,EU_INTRA,281410,1,QUANTITY_IN_100KG,1992,6845679
ESTAT:DS-045409(1.0),18/11/2024 11:00,A,EU,EU_INTRA,281410,1,QUANTITY_IN_100KG,1993,6545578
ESTAT:DS-045409(1.0),18/11/2024 11:00,A,EU,EU_INTRA,281410,1,QUANTITY_IN_100KG,1994,8089410
ESTAT:DS-045409(1.0),18/11/2024 11:00,A,EU,EU_INTRA,281410,1,QUANTITY_IN_100KG,1995,8064659
ESTAT:DS-045409(1.0),18/11/2024 11:00,A,EU,EU_INTRA,281410,1,QUANTITY_IN_100KG,1996,6265409
ESTAT:DS-045409(1.0),18/11/2024 11:00,A,EU,EU_INTRA,281410,1,QUANTITY_IN_100KG,1997,7741835
ESTAT:DS-045409(1.0),18/11/2024 11:00,A,EU,EU_INTRA,281410,1,QUANTITY_IN_100KG,1998,8274376
ESTAT:DS-045409(1.0),18/11/2024 11:00,A,EU,EU_INTRA,281410,1,QUANTITY_IN_100KG,1999,7937920
ESTAT:DS-045409(1.0),18/11/2024 11:00,A,EU,EU_INTRA,281410,1,QUANTITY_IN_100KG,2000,11478205
ESTAT:DS-045409(1.0),18/11/2024 11:00,A,EU,EU_INTRA,281410,1,QUANTITY_IN_100KG,2001,10004641
ESTAT:DS-045409(1.0),18/11/2024 11:00,A,EU,EU_INTRA,281410,1,QUANTITY_IN_100KG,2002,12916659
ESTAT:DS-045409(1.0),18/11/2024 11:00,A,EU,EU_INTRA,281410,1,QUANTITY_IN_100KG,2003,14175881
ESTAT:DS-045409(1.0),18/11/2024 11:00,A,EU,EU_INTRA,281410,1,QUANTITY_IN_100KG,2004,17142115
ESTAT:DS-045409(1.0),18/11/2024 11:00,A,EU,EU_INTRA,281410,1,QUANTITY_IN_100KG,2005,19424651
ESTAT:DS-045409(1.0),18/11/2024 11:00,A,EU,EU_INTRA,281410,1,QUANTITY_IN_100KG,2006,17753436
ESTAT:DS-045409(1.0),18/11/2024 11:00,A,EU,EU_INTRA,281410,1,QUANTITY_IN_100KG,2007,19014893
ESTAT:DS-045409(1.0),18/11/2024 11:00,A,EU,EU_INTRA,281410,1,QUANTITY_IN_100KG,2008,18297096
ESTAT:DS-045409(1.0),18/11/2024 11:00,A,EU,EU_INTRA,281410,1,QUANTITY_IN_100KG,2009,12957365
ESTAT:DS-045409(1.0),18/11/2024 11:00,A,EU,EU_INTRA,281410,1,QUANTITY_IN_100KG,2010,15063812.64
ESTAT:DS-045409(1.0),18/11/2024 11:00,A,EU,EU_INTRA,281410,1,QUANTITY_IN_100KG,2011,14277386.44
ESTAT:DS-045409(1.0),18/11/2024 11:00,A,EU,EU_INTRA,281410,1,QUANTITY_IN_100KG,2012,12368486.66
ESTAT:DS-045409(1.0),18/11/2024 11:00,A,EU,EU_INTRA,281410,1,QUANTITY_IN_100KG,2013,13662334.71
ESTAT:DS-045409(1.0),18/11/2024 11:00,A,EU,EU_INTRA,281410,1,QUANTITY_IN_100KG,2014,13483525.33
ESTAT:DS-045409(1.0),18/11/2024 11:00,A,EU,EU_INTRA,281410,1,QUANTITY_IN_100KG,2015,14402363.79
ESTAT:DS-045409(1.0),18/11/2024 11:00,A,EU,EU_INTRA,281410,1,QUANTITY_IN_100KG,2016,12949466.42
ESTAT:DS-045409(1.0),18/11/2024 11:00,A,EU,EU_INTRA,281410,1,QUANTITY_IN_100KG,2017,14070015.61
ESTAT:DS-045409(1.0),18/11/2024 11:00,A,EU,EU_INTRA,281410,1,QUANTITY_IN_100KG,2018,12981428.12
ESTAT:DS-045409(1.0),18/11/2024 11:00,A,EU,EU_INTRA,281410,1,QUANTITY_IN_100KG,2019,13525489.66
ESTAT:DS-045409(1.0),18/11/2024 11:00,A,EU,EU_INTRA,281410,1,QUANTITY_IN_100KG,2020,10686809.44
ESTAT:DS-045409(1.0),18/11/2024 11:00,A,EU,EU_INTRA,281410,1,QUANTITY_IN_100KG,2021,9975283.49
ESTAT:DS-045409(1.0),18/11/2024 11:00,A,EU,EU_INTRA,281410,1,QUANTITY_IN_100KG,2022,10726366.38
ESTAT:DS-045409(1.0),18/11/2024 11:00,A,EU,EU_INTRA,281410,1,QUANTITY_IN_100KG,2023,10374670.93
ESTAT:DS-045409(1.0),18/11/2024 11:00,A,EU,EU_INTRA,281410,2,QUANTITY_IN_100KG,1988,16989524
ESTAT:DS-045409(1.0),18/11/2024 11:00,A,EU,EU_INTRA,281410,2,QUANTITY_IN_100KG,1989,15942459
ESTAT:DS-045409(1.0),18/11/2024 11:00,A,EU,EU_INTRA,281410,2,QUANTITY_IN_100KG,1990,18132681
ESTAT:DS-045409(1.0),18/11/2024 11:00,A,EU,EU_INTRA,281410,2,QUANTITY_IN_100KG,1991,17551039
ESTAT:DS-045409(1.0),18/11/2024 11:00,A,EU,EU_INTRA,281410,2,QUANTITY_IN_100KG,1992,12560839
ESTAT:DS-045409(1.0),18/11/2024 11:00,A,EU,EU_INTRA,281410,2,QUANTITY_IN_100KG,1993,8490006
ESTAT:DS-045409(1.0),18/11/2024 11:00,A,EU,EU_INTRA,281410,2,QUANTITY_IN_100KG,1994,10515053
ESTAT:DS-045409(1.0),18/11/2024 11:00,A,EU,EU_INTRA,281410,2,QUANTITY_IN_100KG,1995,12290536
ESTAT:DS-045409(1.0),18/11/2024 11:00,A,EU,EU_INTRA,281410,2,QUANTITY_IN_100KG,1996,13643179
ESTAT:DS-045409(1.0),18/11/2024 11:00,A,EU,EU_INTRA,281410,2,QUANTITY_IN_100KG,1997,15165065
ESTAT:DS-045409(1.0),18/11/2024 11:00,A,EU,EU_INTRA,281410,2,QUANTITY_IN_100KG,1998,10980299
ESTAT:DS-045409(1.0),18/11/2024 11:00,A,EU,EU_INTRA,281410,2,QUANTITY_IN_100KG,1999,11852471
ESTAT:DS-045409(1.0),18/11/2024 11:00,A,EU,EU_INTRA,281410,2,QUANTITY_IN_100KG,2000,15099395
ESTAT:DS-045409(1.0),18/11/2024 11:00,A,EU,EU_INTRA,281410,2,QUANTITY_IN_100KG,2001,12405276
ESTAT:DS-045409(1.0),18/11/2024 11:00,A,EU,EU_INTRA,281410,2,QUANTITY_IN_100KG,2002,12107249
ESTAT:DS-045409(1.0),18/11/2024 11:00,A,EU,EU_INTRA,281410,2,QUANTITY_IN_100KG,2003,11953309
ESTAT:DS-045409(1.0),18/11/2024 11:00,A,EU,EU_INTRA,281410,2,QUANTITY_IN_100KG,2004,15507438
ESTAT:DS-045409(1.0),18/11/2024 11:00,A,EU,EU_INTRA,281410,2,QUANTITY_IN_100KG,2005,19585082
ESTAT:DS-045409(1.0),18/11/2024 11:00,A,EU,EU_INTRA,281410,2,QUANTITY_IN_100KG,2006,18574378
ESTAT:DS-045409(1.0),18/11/2024 11:00,A,EU,EU_INTRA,281410,2,QUANTITY_IN_100KG,2007,18021381
ESTAT:DS-045409(1.0),18/11/2024 11:00,A,EU,EU_INTRA,281410,2,QUANTITY_IN_100KG,2008,18254492
ESTAT:DS-045409(1.0),18/11/2024 11:00,A,EU,EU_INTRA,281410,2,QUANTITY_IN_100KG,2009,13237835
ESTAT:DS-045409(1.0),18/11/2024 11:00,A,EU,EU_INTRA,281410,2,QUANTITY_IN_100KG,2010,13805835.44
ESTAT:DS-045409(1.0),18/11/2024 11:00,A,EU,EU_INTRA,281410,2,QUANTITY_IN_100KG,2011,13592997.78
ESTAT:DS-045409(1.0),18/11/2024 11:00,A,EU,EU_INTRA,281410,2,QUANTITY_IN_100KG,2012,13390970.8
ESTAT:DS-045409(1.0),18/11/2024 11:00,A,EU,EU_INTRA,281410,2,QUANTITY_IN_100KG,2013,13150107.02
ESTAT:DS-045409(1.0),18/11/2024 11:00,A,EU,EU_INTRA,281410,2,QUANTITY_IN_100KG,2014,15339487.89
ESTAT:DS-045409(1.0),18/11/2024 11:00,A,EU,EU_INTRA,281410,2,QUANTITY_IN_100KG,2015,15069926.52
ESTAT:DS-045409(1.0),18/11/2024 11:00,A,EU,EU_INTRA,281410,2,QUANTITY_IN_100KG,2016,13698735.41
ESTAT:DS-045409(1.0),18/11/2024 11:00,A,EU,EU_INTRA,281410,2,QUANTITY_IN_100KG,2017,14124035.49
ESTAT:DS-045409(1.0),18/11/2024 11:00,A,EU,EU_INTRA,281410,2,QUANTITY_IN_100KG,2018,13883932.82
ESTAT:DS-045409(1.0),18/11/2024 11:00,A,EU,EU_INTRA,281410,2,QUANTITY_IN_100KG,2019,14080842.75
ESTAT:DS-045409(1.0),18/11/2024 11:00,A,EU,EU_INTRA,281410,2,QUANTITY_IN_100KG,2020,11201605.91
ESTAT:DS-045409(1.0),18/11/2024 11:00,A,EU,EU_INTRA,281410,2,QUANTITY_IN_100KG,2021,10451596.89
ESTAT:DS-045409(1.0),18/11/2024 11:00,A,EU,EU_INTRA,281410,2,QUANTITY_IN_100KG,2022,11445363.56
ESTAT:DS-045409(1.0),18/11/2024 11:00,A,EU,EU_INTRA,281410,2,QUANTITY_IN_100KG,2023,11742223.91
ESTAT:DS-045409(1.0),18/11/2024 11:00,A,EU,EU_INTRA,28141000,1,QUANTITY_IN_100KG,1988,9092711
ESTAT:DS-045409(1.0),18/11/2024 11:00,A,EU,EU_INTRA,28141000,1,QUANTITY_IN_100KG,1989,8352629
ESTAT:DS-045409(1.0),18/11/2024 11:00,A,EU,EU_INTRA,28141000,1,QUANTITY_IN_100KG,1990,9550018
ESTAT:DS-045409(1.0),18/11/2024 11:00,A,EU,EU_INTRA,28141000,1,QUANTITY_IN_100KG,1991,8748730
ESTAT:DS-045409(1.0),18/11/2024 11:00,A,EU,EU_INTRA,28141000,1,QUANTITY_IN_100KG,1992,6845679
ESTAT:DS-045409(1.0),18/11/2024 11:00,A,EU,EU_INTRA,28141000,1,QUANTITY_IN_100KG,1993,6545578
ESTAT:DS-045409(1.0),18/11/2024 11:00,A,EU,EU_INTRA,28141000,1,QUANTITY_IN_100KG,1994,8089410
ESTAT:DS-045409(1.0),18/11/2024 11:00,A,EU,EU_INTRA,28141000,1,QUANTITY_IN_100KG,1995,8064659
ESTAT:DS-045409(1.0),18/11/2024 11:00,A,EU,EU_INTRA,28141000,1,QUANTITY_IN_100KG,1996,6265409
ESTAT:DS-045409(1.0),18/11/2024 11:00,A,EU,EU_INTRA,28141000,1,QUANTITY_IN_100KG,1997,7741835
ESTAT:DS-045409(1.0),18/11/2024 11:00,A,EU,EU_INTRA,28141000,1,QUANTITY_IN_100KG,1998,8274376
ESTAT:DS-045409(1.0),18/11/2024 11:00,A,EU,EU_INTRA,28141000,1,QUANTITY_IN_100KG,1999,7937920
ESTAT:DS-045409(1.0),18/11/2024 11:00,A,EU,EU_INTRA,28141000,1,QUANTITY_IN_100KG,2000,11478205
ESTAT:DS-045409(1.0),18/11/2024 11:00,A,EU,EU_INTRA,28141000,1,QUANTITY_IN_100KG,2001,10004641
ESTAT:DS-045409(1.0),18/11/2024 11:00,A,EU,EU_INTRA,28141000,1,QUANTITY_IN_100KG,2002,12916659
ESTAT:DS-045409(1.0),18/11/2024 11:00,A,EU,EU_INTRA,28141000,1,QUANTITY_IN_100KG,2003,14175881
ESTAT:DS-045409(1.0),18/11/2024 11:00,A,EU,EU_INTRA,28141000,1,QUANTITY_IN_100KG,2004,17142115
ESTAT:DS-045409(1.0),18/11/2024 11:00,A,EU,EU_INTRA,28141000,1,QUANTITY_IN_100KG,2005,19424651
ESTAT:DS-045409(1.0),18/11/2024 11:00,A,EU,EU_INTRA,28141000,1,QUANTITY_IN_100KG,2006,17753436
ESTAT:DS-045409(1.0),18/11/2024 11:00,A,EU,EU_INTRA,28141000,1,QUANTITY_IN_100KG,2007,19014893
ESTAT:DS-045409(1.0),18/11/2024 11:00,A,EU,EU_INTRA,28141000,1,QUANTITY_IN_100KG,2008,18297096
ESTAT:DS-045409(1.0),18/11/2024 11:00,A,EU,EU_INTRA,28141000,1,QUANTITY_IN_100KG,2009,12957365
ESTAT:DS-045409(1.0),18/11/2024 11:00,A,EU,EU_INTRA,28141000,1,QUANTITY_IN_100KG,2010,15063812.64
ESTAT:DS-045409(1.0),18/11/2024 11:00,A,EU,EU_INTRA,28141000,1,QUANTITY_IN_100KG,2011,14277386.44
ESTAT:DS-045409(1.0),18/11/2024 11:00,A,EU,EU_INTRA,28141000,1,QUANTITY_IN_100KG,2012,12368486.66
ESTAT:DS-045409(1.0),18/11/2024 11:00,A,EU,EU_INTRA,28141000,1,QUANTITY_IN_100KG,2013,13662334.71
ESTAT:DS-045409(1.0),18/11/2024 11:00,A,EU,EU_INTRA,28141000,1,QUANTITY_IN_100KG,2014,13483525.33
ESTAT:DS-045409(1.0),18/11/2024 11:00,A,EU,EU_INTRA,28141000,1,QUANTITY_IN_100KG,2015,14402363.79
ESTAT:DS-045409(1.0),18/11/2024 11:00,A,EU,EU_INTRA,28141000,1,QUANTITY_IN_100KG,2016,12949466.42
ESTAT:DS-045409(1.0),18/11/2024 11:00,A,EU,EU_INTRA,28141000,1,QUANTITY_IN_100KG,2017,14070015.61
ESTAT:DS-045409(1.0),18/11/2024 11:00,A,EU,EU_INTRA,28141000,1,QUANTITY_IN_100KG,2018,12981428.12
ESTAT:DS-045409(1.0),18/11/2024 11:00,A,EU,EU_INTRA,28141000,1,QUANTITY_IN_100KG,2019,13525489.66
ESTAT:DS-045409(1.0),18/11/2024 11:00,A,EU,EU_INTRA,28141000,1,QUANTITY_IN_100KG,2020,10686809.44
ESTAT:DS-045409(1.0),18/11/2024 11:00,A,EU,EU_INTRA,28141000,1,QUANTITY_IN_100KG,2021,9975283.49
ESTAT:DS-045409(1.0),18/11/2024 11:00,A,EU,EU_INTRA,28141000,1,QUANTITY_IN_100KG,2022,10726366.38
ESTAT:DS-045409(1.0),18/11/2024 11:00,A,EU,EU_INTRA,28141000,1,QUANTITY_IN_100KG,2023,10374670.93
ESTAT:DS-045409(1.0),18/11/2024 11:00,A,EU,EU_INTRA,28141000,2,QUANTITY_IN_100KG,1988,16989524
ESTAT:DS-045409(1.0),18/11/2024 11:00,A,EU,EU_INTRA,28141000,2,QUANTITY_IN_100KG,1989,15942459
ESTAT:DS-045409(1.0),18/11/2024 11:00,A,EU,EU_INTRA,28141000,2,QUANTITY_IN_100KG,1990,18132681
ESTAT:DS-045409(1.0),18/11/2024 11:00,A,EU,EU_INTRA,28141000,2,QUANTITY_IN_100KG,1991,17551039
ESTAT:DS-045409(1.0),18/11/2024 11:00,A,EU,EU_INTRA,28141000,2,QUANTITY_IN_100KG,1992,12560839
ESTAT:DS-045409(1.0),18/11/2024 11:00,A,EU,EU_INTRA,28141000,2,QUANTITY_IN_100KG,1993,8490006
ESTAT:DS-045409(1.0),18/11/2024 11:00,A,EU,EU_INTRA,28141000,2,QUANTITY_IN_100KG,1994,10515053
ESTAT:DS-045409(1.0),18/11/2024 11:00,A,EU,EU_INTRA,28141000,2,QUANTITY_IN_100KG,1995,12290536
ESTAT:DS-045409(1.0),18/11/2024 11:00,A,EU,EU_INTRA,28141000,2,QUANTITY_IN_100KG,1996,13643179
ESTAT:DS-045409(1.0),18/11/2024 11:00,A,EU,EU_INTRA,28141000,2,QUANTITY_IN_100KG,1997,15165065
ESTAT:DS-045409(1.0),18/11/2024 11:00,A,EU,EU_INTRA,28141000,2,QUANTITY_IN_100KG,1998,10980299
ESTAT:DS-045409(1.0),18/11/2024 11:00,A,EU,EU_INTRA,28141000,2,QUANTITY_IN_100KG,1999,11852471
ESTAT:DS-045409(1.0),18/11/2024 11:00,A,EU,EU_INTRA,28141000,2,QUANTITY_IN_100KG,2000,15099395
ESTAT:DS-045409(1.0),18/11/2024 11:00,A,EU,EU_INTRA,28141000,2,QUANTITY_IN_100KG,2001,12405276
ESTAT:DS-045409(1.0),18/11/2024 11:00,A,EU,EU_INTRA,28141000,2,QUANTITY_IN_100KG,2002,12107249
ESTAT:DS-045409(1.0),18/11/2024 11:00,A,EU,EU_INTRA,28141000,2,QUANTITY_IN_100KG,2003,11953309
ESTAT:DS-045409(1.0),18/11/2024 11:00,A,EU,EU_INTRA,28141000,2,QUANTITY_IN_100KG,2004,15507438
ESTAT:DS-045409(1.0),18/11/2024 11:00,A,EU,EU_INTRA,28141000,2,QUANTITY_IN_100KG,2005,19585082
ESTAT:DS-045409(1.0),18/11/2024 11:00,A,EU,EU_INTRA,28141000,2,QUANTITY_IN_100KG,2006,18574378
ESTAT:DS-045409(1.0),18/11/2024 11:00,A,EU,EU_INTRA,28141000,2,QUANTITY_IN_100KG,2007,18021381
ESTAT:DS-045409(1.0),18/11/2024 11:00,A,EU,EU_INTRA,28141000,2,QUANTITY_IN_100KG,2008,18254492
ESTAT:DS-045409(1.0),18/11/2024 11:00,A,EU,EU_INTRA,28141000,2,QUANTITY_IN_100KG,2009,13237835
ESTAT:DS-045409(1.0),18/11/2024 11:00,A,EU,EU_INTRA,28141000,2,QUANTITY_IN_100KG,2010,13805835.44
ESTAT:DS-045409(1.0),18/11/2024 11:00,A,EU,EU_INTRA,28141000,2,QUANTITY_IN_100KG,2011,13592997.78
ESTAT:DS-045409(1.0),18/11/2024 11:00,A,EU,EU_INTRA,28141000,2,QUANTITY_IN_100KG,2012,13390970.8
ESTAT:DS-045409(1.0),18/11/2024 11:00,A,EU,EU_INTRA,28141000,2,QUANTITY_IN_100KG,2013,13150107.02
ESTAT:DS-045409(1.0),18/11/2024 11:00,A,EU,EU_INTRA,28141000,2,QUANTITY_IN_100KG,2014,15339487.89
ESTAT:DS-045409(1.0),18/11/2024 11:00,A,EU,EU_INTRA,28141000,2,QUANTITY_IN_100KG,2015,15069926.52
ESTAT:DS-045409(1.0),18/11/2024 11:00,A,EU,EU_INTRA,28141000,2,QUANTITY_IN_100KG,2016,13698735.41
ESTAT:DS-045409(1.0),18/11/2024 11:00,A,EU,EU_INTRA,28141000,2,QUANTITY_IN_100KG,2017,14124035.49
ESTAT:DS-045409(1.0),18/11/2024 11:00,A,EU,EU_INTRA,28141000,2,QUANTITY_IN_100KG,2018,13883932.82
ESTAT:DS-045409(1.0),18/11/2024 11:00,A,EU,EU_INTRA,28141000,2,QUANTITY_IN_100KG,2019,14080842.75
ESTAT:DS-045409(1.0),18/11/2024 11:00,A,EU,EU_INTRA,28141000,2,QUANTITY_IN_100KG,2020,11201605.91
ESTAT:DS-045409(1.0),18/11/2024 11:00,A,EU,EU_INTRA,28141000,2,QUANTITY_IN_100KG,2021,10451596.89
ESTAT:DS-045409(1.0),18/11/2024 11:00,A,EU,EU_INTRA,28141000,2,QUANTITY_IN_100KG,2022,11445363.56
ESTAT:DS-045409(1.0),18/11/2024 11:00,A,EU,EU_INTRA,28141000,2,QUANTITY_IN_100KG,2023,11742223.91
ESTAT:DS-045409(1.0),18/11/2024 11:00,A,EU,EU_INTRA,281420,1,QUANTITY_IN_100KG,1988,262469
ESTAT:DS-045409(1.0),18/11/2024 11:00,A,EU,EU_INTRA,281420,1,QUANTITY_IN_100KG,1989,304074
ESTAT:DS-045409(1.0),18/11/2024 11:00,A,EU,EU_INTRA,281420,1,QUANTITY_IN_100KG,1990,483752
ESTAT:DS-045409(1.0),18/11/2024 11:00,A,EU,EU_INTRA,281420,1,QUANTITY_IN_100KG,1991,274011
ESTAT:DS-045409(1.0),18/11/2024 11:00,A,EU,EU_INTRA,281420,1,QUANTITY_IN_100KG,1992,407719
ESTAT:DS-045409(1.0),18/11/2024 11:00,A,EU,EU_INTRA,281420,1,QUANTITY_IN_100KG,1993,660148
ESTAT:DS-045409(1.0),18/11/2024 11:00,A,EU,EU_INTRA,281420,1,QUANTITY_IN_100KG,1994,515463
ESTAT:DS-045409(1.0),18/11/2024 11:00,A,EU,EU_INTRA,281420,1,QUANTITY_IN_100KG,1995,1015926
ESTAT:DS-045409(1.0),18/11/2024 11:00,A,EU,EU_INTRA,281420,1,QUANTITY_IN_100KG,1996,784216
ESTAT:DS-045409(1.0),18/11/2024 11:00,A,EU,EU_INTRA,281420,1,QUANTITY_IN_100KG,1997,785011
ESTAT:DS-045409(1.0),18/11/2024 11:00,A,EU,EU_INTRA,281420,1,QUANTITY_IN_100KG,1998,743598
ESTAT:DS-045409(1.0),18/11/2024 11:00,A,EU,EU_INTRA,281420,1,QUANTITY_IN_100KG,1999,560418
ESTAT:DS-045409(1.0),18/11/2024 11:00,A,EU,EU_INTRA,281420,1,QUANTITY_IN_100KG,2000,675745
ESTAT:DS-045409(1.0),18/11/2024 11:00,A,EU,EU_INTRA,281420,1,QUANTITY_IN_100KG,2001,734994
ESTAT:DS-045409(1.0),18/11/2024 11:00,A,EU,EU_INTRA,281420,1,QUANTITY_IN_100KG,2002,839815
ESTAT:DS-045409(1.0),18/11/2024 11:00,A,EU,EU_INTRA,281420,1,QUANTITY_IN_100KG,2003,948350
ESTAT:DS-045409(1.0),18/11/2024 11:00,A,EU,EU_INTRA,281420,1,QUANTITY_IN_100KG,2004,1242188
ESTAT:DS-045409(1.0),18/11/2024 11:00,A,EU,EU_INTRA,281420,1,QUANTITY_IN_100KG,2005,1317252
ESTAT:DS-045409(1.0),18/11/2024 11:00,A,EU,EU_INTRA,281420,1,QUANTITY_IN_100KG,2006,1648128
ESTAT:DS-045409(1.0),18/11/2024 11:00,A,EU,EU_INTRA,281420,1,QUANTITY_IN_100KG,2007,1575476
ESTAT:DS-045409(1.0),18/11/2024 11:00,A,EU,EU_INTRA,281420,1,QUANTITY_IN_100KG,2008,1890619
ESTAT:DS-045409(1.0),18/11/2024 11:00,A,EU,EU_INTRA,281420,1,QUANTITY_IN_100KG,2009,2337627
ESTAT:DS-045409(1.0),18/11/2024 11:00,A,EU,EU_INTRA,281420,1,QUANTITY_IN_100KG,2010,1862542.01
ESTAT:DS-045409(1.0),18/11/2024 11:00,A,EU,EU_INTRA,281420,1,QUANTITY_IN_100KG,2011,2373860.36
ESTAT:DS-045409(1.0),18/11/2024 11:00,A,EU,EU_INTRA,281420,1,QUANTITY_IN_100KG,2012,2258382.37
ESTAT:DS-045409(1.0),18/11/2024 11:00,A,EU,EU_INTRA,281420,1,QUANTITY_IN_100KG,2013,2249528.11
ESTAT:DS-045409(1.0),18/11/2024 11:00,A,EU,EU_INTRA,281420,1,QUANTITY_IN_100KG,2014,2789503.17
ESTAT:DS-045409(1.0),18/11/2024 11:00,A,EU,EU_INTRA,281420,1,QUANTITY_IN_100KG,2015,2288936.99
ESTAT:DS-045409(1.0),18/11/2024 11:00,A,EU,EU_INTRA,281420,1,QUANTITY_IN_100KG,2016,2801666.98
ESTAT:DS-045409(1.0),18/11/2024 11:00,A,EU,EU_INTRA,281420,1,QUANTITY_IN_100KG,2017,2665863.55
ESTAT:DS-045409(1.0),18/11/2024 11:00,A,EU,EU_INTRA,281420,1,QUANTITY_IN_100KG,2018,2579097.45
ESTAT:DS-045409(1.0),18/11/2024 11:00,A,EU,EU_INTRA,281420,1,QUANTITY_IN_100KG,2019,2723408.83
ESTAT:DS-045409(1.0),18/11/2024 11:00,A,EU,EU_INTRA,281420,1,QUANTITY_IN_100KG,2020,2177074.43
ESTAT:DS-045409(1.0),18/11/2024 11:00,A,EU,EU_INTRA,281420,1,QUANTITY_IN_100KG,2021,2902183.38
ESTAT:DS-045409(1.0),18/11/2024 11:00,A,EU,EU_INTRA,281420,1,QUANTITY_IN_100KG,2022,3240933.75
ESTAT:DS-045409(1.0),18/11/2024 11:00,A,EU,EU_INTRA,281420,1,QUANTITY_IN_100KG,2023,2380299.7
ESTAT:DS-045409(1.0),18/11/2024 11:00,A,EU,EU_INTRA,281420,2,QUANTITY_IN_100KG,1988,247737
ESTAT:DS-045409(1.0),18/11/2024 11:00,A,EU,EU_INTRA,281420,2,QUANTITY_IN_100KG,1989,342181
ESTAT:DS-045409(1.0),18/11/2024 11:00,A,EU,EU_INTRA,281420,2,QUANTITY_IN_100KG,1990,660298
ESTAT:DS-045409(1.0),18/11/2024 11:00,A,EU,EU_INTRA,281420,2,QUANTITY_IN_100KG,1991,644391
ESTAT:DS-045409(1.0),18/11/2024 11:00,A,EU,EU_INTRA,281420,2,QUANTITY_IN_100KG,1992,1016765
ESTAT:DS-045409(1.0),18/11/2024 11:00,A,EU,EU_INTRA,281420,2,QUANTITY_IN_100KG,1993,1874654
ESTAT:DS-045409(1.0),18/11/2024 11:00,A,EU,EU_INTRA,281420,2,QUANTITY_IN_100KG,1994,1368180
ESTAT:DS-045409(1.0),18/11/2024 11:00,A,EU,EU_INTRA,281420,2,QUANTITY_IN_100KG,1995,2645532
ESTAT:DS-045409(1.0),18/11/2024 11:00,A,EU,EU_INTRA,281420,2,QUANTITY_IN_100KG,1996,2351029
ESTAT:DS-045409(1.0),18/11/2024 11:00,A,EU,EU_INTRA,281420,2,QUANTITY_IN_100KG,1997,3293651
ESTAT:DS-045409(1.0),18/11/2024 11:00,A,EU,EU_INTRA,281420,2,QUANTITY_IN_100KG,1998,4139316
ESTAT:DS-045409(1.0),18/11/2024 11:00,A,EU,EU_INTRA,281420,2,QUANTITY_IN_100KG,1999,3663313
ESTAT:DS-045409(1.0),18/11/2024 11:00,A,EU,EU_INTRA,281420,2,QUANTITY_IN_100KG,2000,1594318
ESTAT:DS-045409(1.0),18/11/2024 11:00,A,EU,EU_INTRA,281420,2,QUANTITY_IN_100KG,2001,1180503
ESTAT:DS-045409(1.0),18/11/2024 11:00,A,EU,EU_INTRA,281420,2,QUANTITY_IN_100KG,2002,1393618
ESTAT:DS-045409(1.0),18/11/2024 11:00,A,EU,EU_INTRA,281420,2,QUANTITY_IN_100KG,2003,1261652
ESTAT:DS-045409(1.0),18/11/2024 11:00,A,EU,EU_INTRA,281420,2,QUANTITY_IN_100KG,2004,1207829
ESTAT:DS-045409(1.0),18/11/2024 11:00,A,EU,EU_INTRA,281420,2,QUANTITY_IN_100KG,2005,1278421
ESTAT:DS-045409(1.0),18/11/2024 11:00,A,EU,EU_INTRA,281420,2,QUANTITY_IN_100KG,2006,1186948
ESTAT:DS-045409(1.0),18/11/2024 11:00,A,EU,EU_INTRA,281420,2,QUANTITY_IN_100KG,2007,1227236
ESTAT:DS-045409(1.0),18/11/2024 11:00,A,EU,EU_INTRA,281420,2,QUANTITY_IN_100KG,2008,1606009
ESTAT:DS-045409(1.0),18/11/2024 11:00,A,EU,EU_INTRA,281420,2,QUANTITY_IN_100KG,2009,1761073
ESTAT:DS-045409(1.0),18/11/2024 11:00,A,EU,EU_INTRA,281420,2,QUANTITY_IN_100KG,2010,1499179.86
ESTAT:DS-045409(1.0),18/11/2024 11:00,A,EU,EU_INTRA,281420,2,QUANTITY_IN_100KG,2011,1654589.21
ESTAT:DS-045409(1.0),18/11/2024 11:00,A,EU,EU_INTRA,281420,2,QUANTITY_IN_100KG,2012,1630711.81
ESTAT:DS-045409(1.0),18/11/2024 11:00,A,EU,EU_INTRA,281420,2,QUANTITY_IN_100KG,2013,1820980.93
ESTAT:DS-045409(1.0),18/11/2024 11:00,A,EU,EU_INTRA,281420,2,QUANTITY_IN_100KG,2014,2436924.82
ESTAT:DS-045409(1.0),18/11/2024 11:00,A,EU,EU_INTRA,281420,2,QUANTITY_IN_100KG,2015,2175520.73
ESTAT:DS-045409(1.0),18/11/2024 11:00,A,EU,EU_INTRA,281420,2,QUANTITY_IN_100KG,2016,2124133.66
ESTAT:DS-045409(1.0),18/11/2024 11:00,A,EU,EU_INTRA,281420,2,QUANTITY_IN_100KG,2017,2310322.32
ESTAT:DS-045409(1.0),18/11/2024 11:00,A,EU,EU_INTRA,281420,2,QUANTITY_IN_100KG,2018,2293953.12
ESTAT:DS-045409(1.0),18/11/2024 11:00,A,EU,EU_INTRA,281420,2,QUANTITY_IN_100KG,2019,2352816.04
ESTAT:DS-045409(1.0),18/11/2024 11:00,A,EU,EU_INTRA,281420,2,QUANTITY_IN_100KG,2020,1962785.95
ESTAT:DS-045409(1.0),18/11/2024 11:00,A,EU,EU_INTRA,281420,2,QUANTITY_IN_100KG,2021,2353769.69
ESTAT:DS-045409(1.0),18/11/2024 11:00,A,EU,EU_INTRA,281420,2,QUANTITY_IN_100KG,2022,2558355.42
ESTAT:DS-045409(1.0),18/11/2024 11:00,A,EU,EU_INTRA,281420,2,QUANTITY_IN_100KG,2023,1813303.82
ESTAT:DS-045409(1.0),18/11/2024 11:00,A,EU,EU_INTRA,28142000,1,QUANTITY_IN_100KG,1988,262469
ESTAT:DS-045409(1.0),18/11/2024 11:00,A,EU,EU_INTRA,28142000,1,QUANTITY_IN_100KG,1989,304074
ESTAT:DS-045409(1.0),18/11/2024 11:00,A,EU,EU_INTRA,28142000,1,QUANTITY_IN_100KG,1990,483752
ESTAT:DS-045409(1.0),18/11/2024 11:00,A,EU,EU_INTRA,28142000,1,QUANTITY_IN_100KG,1991,274011
ESTAT:DS-045409(1.0),18/11/2024 11:00,A,EU,EU_INTRA,28142000,1,QUANTITY_IN_100KG,1992,407719
ESTAT:DS-045409(1.0),18/11/2024 11:00,A,EU,EU_INTRA,28142000,1,QUANTITY_IN_100KG,1993,660148
ESTAT:DS-045409(1.0),18/11/2024 11:00,A,EU,EU_INTRA,28142000,1,QUANTITY_IN_100KG,1994,515463
ESTAT:DS-045409(1.0),18/11/2024 11:00,A,EU,EU_INTRA,28142000,1,QUANTITY_IN_100KG,1995,1015926
ESTAT:DS-045409(1.0),18/11/2024 11:00,A,EU,EU_INTRA,28142000,1,QUANTITY_IN_100KG,1996,784216
ESTAT:DS-045409(1.0),18/11/2024 11:00,A,EU,EU_INTRA,28142000,1,QUANTITY_IN_100KG,1997,785011
ESTAT:DS-045409(1.0),18/11/2024 11:00,A,EU,EU_INTRA,28142000,1,QUANTITY_IN_100KG,1998,743598
ESTAT:DS-045409(1.0),18/11/2024 11:00,A,EU,EU_INTRA,28142000,1,QUANTITY_IN_100KG,1999,560418
ESTAT:DS-045409(1.0),18/11/2024 11:00,A,EU,EU_INTRA,28142000,1,QUANTITY_IN_100KG,2000,675745
ESTAT:DS-045409(1.0),18/11/2024 11:00,A,EU,EU_INTRA,28142000,1,QUANTITY_IN_100KG,2001,734994
ESTAT:DS-045409(1.0),18/11/2024 11:00,A,EU,EU_INTRA,28142000,1,QUANTITY_IN_100KG,2002,839815
ESTAT:DS-045409(1.0),18/11/2024 11:00,A,EU,EU_INTRA,28142000,1,QUANTITY_IN_100KG,2003,948350
ESTAT:DS-045409(1.0),18/11/2024 11:00,A,EU,EU_INTRA,28142000,1,QUANTITY_IN_100KG,2004,1242188
ESTAT:DS-045409(1.0),18/11/2024 11:00,A,EU,EU_INTRA,28142000,1,QUANTITY_IN_100KG,2005,1317252
ESTAT:DS-045409(1.0),18/11/2024 11:00,A,EU,EU_INTRA,28142000,1,QUANTITY_IN_100KG,2006,1648128
ESTAT:DS-045409(1.0),18/11/2024 11:00,A,EU,EU_INTRA,28142000,1,QUANTITY_IN_100KG,2007,1575476
ESTAT:DS-045409(1.0),18/11/2024 11:00,A,EU,EU_INTRA,28142000,1,QUANTITY_IN_100KG,2008,1890619
ESTAT:DS-045409(1.0),18/11/2024 11:00,A,EU,EU_INTRA,28142000,1,QUANTITY_IN_100KG,2009,2337627
ESTAT:DS-045409(1.0),18/11/2024 11:00,A,EU,EU_INTRA,28142000,1,QUANTITY_IN_100KG,2010,1862542.01
ESTAT:DS-045409(1.0),18/11/2024 11:00,A,EU,EU_INTRA,28142000,1,QUANTITY_IN_100KG,2011,2373860.36
ESTAT:DS-045409(1.0),18/11/2024 11:00,A,EU,EU_INTRA,28142000,1,QUANTITY_IN_100KG,2012,2258382.37
ESTAT:DS-045409(1.0),18/11/2024 11:00,A,EU,EU_INTRA,28142000,1,QUANTITY_IN_100KG,2013,2249528.11
ESTAT:DS-045409(1.0),18/11/2024 11:00,A,EU,EU_INTRA,28142000,1,QUANTITY_IN_100KG,2014,2789503.17
ESTAT:DS-045409(1.0),18/11/2024 11:00,A,EU,EU_INTRA,28142000,1,QUANTITY_IN_100KG,2015,2288936.99
ESTAT:DS-045409(1.0),18/11/2024 11:00,A,EU,EU_INTRA,28142000,1,QUANTITY_IN_100KG,2016,2801666.98
ESTAT:DS-045409(1.0),18/11/2024 11:00,A,EU,EU_INTRA,28142000,1,QUANTITY_IN_100KG,2017,2665863.55
ESTAT:DS-045409(1.0),18/11/2024 11:00,A,EU,EU_INTRA,28142000,1,QUANTITY_IN_100KG,2018,2579097.45
ESTAT:DS-045409(1.0),18/11/2024 11:00,A,EU,EU_INTRA,28142000,1,QUANTITY_IN_100KG,2019,2723408.83
ESTAT:DS-045409(1.0),18/11/2024 11:00,A,EU,EU_INTRA,28142000,1,QUANTITY_IN_100KG,2020,2177074.43
ESTAT:DS-045409(1.0),18/11/2024 11:00,A,EU,EU_INTRA,28142000,1,QUANTITY_IN_100KG,2021,2902183.38
ESTAT:DS-045409(1.0),18/11/2024 11:00,A,EU,EU_INTRA,28142000,1,QUANTITY_IN_100KG,2022,3240933.75
ESTAT:DS-045409(1.0),18/11/2024 11:00,A,EU,EU_INTRA,28142000,1,QUANTITY_IN_100KG,2023,2380299.7
ESTAT:DS-045409(1.0),18/11/2024 11:00,A,EU,EU_INTRA,28142000,2,QUANTITY_IN_100KG,1988,247737
ESTAT:DS-045409(1.0),18/11/2024 11:00,A,EU,EU_INTRA,28142000,2,QUANTITY_IN_100KG,1989,342181
ESTAT:DS-045409(1.0),18/11/2024 11:00,A,EU,EU_INTRA,28142000,2,QUANTITY_IN_100KG,1990,660298
ESTAT:DS-045409(1.0),18/11/2024 11:00,A,EU,EU_INTRA,28142000,2,QUANTITY_IN_100KG,1991,644391
ESTAT:DS-045409(1.0),18/11/2024 11:00,A,EU,EU_INTRA,28142000,2,QUANTITY_IN_100KG,1992,1016765
ESTAT:DS-045409(1.0),18/11/2024 11:00,A,EU,EU_INTRA,28142000,2,QUANTITY_IN_100KG,1993,1874654
ESTAT:DS-045409(1.0),18/11/2024 11:00,A,EU,EU_INTRA,28142000,2,QUANTITY_IN_100KG,1994,1368180
ESTAT:DS-045409(1.0),18/11/2024 11:00,A,EU,EU_INTRA,28142000,2,QUANTITY_IN_100KG,1995,2645532
ESTAT:DS-045409(1.0),18/11/2024 11:00,A,EU,EU_INTRA,28142000,2,QUANTITY_IN_100KG,1996,2351029
ESTAT:DS-045409(1.0),18/11/2024 11:00,A,EU,EU_INTRA,28142000,2,QUANTITY_IN_100KG,1997,3293651
ESTAT:DS-045409(1.0),18/11/2024 11:00,A,EU,EU_INTRA,28142000,2,QUANTITY_IN_100KG,1998,4139316
ESTAT:DS-045409(1.0),18/11/2024 11:00,A,EU,EU_INTRA,28142000,2,QUANTITY_IN_100KG,1999,3663313
ESTAT:DS-045409(1.0),18/11/2024 11:00,A,EU,EU_INTRA,28142000,2,QUANTITY_IN_100KG,2000,1594318
ESTAT:DS-045409(1.0),18/11/2024 11:00,A,EU,EU_INTRA,28142000,2,QUANTITY_IN_100KG,2001,1180503
ESTAT:DS-045409(1.0),18/11/2024 11:00,A,EU,EU_INTRA,28142000,2,QUANTITY_IN_100KG,2002,1393618
ESTAT:DS-045409(1.0),18/11/2024 11:00,A,EU,EU_INTRA,28142000,2,QUANTITY_IN_100KG,2003,1261652
ESTAT:DS-045409(1.0),18/11/2024 11:00,A,EU,EU_INTRA,28142000,2,QUANTITY_IN_100KG,2004,1207829
ESTAT:DS-045409(1.0),18/11/2024 11:00,A,EU,EU_INTRA,28142000,2,QUANTITY_IN_100KG,2005,1278421
ESTAT:DS-045409(1.0),18/11/2024 11:00,A,EU,EU_INTRA,28142000,2,QUANTITY_IN_100KG,2006,1186948
ESTAT:DS-045409(1.0),18/11/2024 11:00,A,EU,EU_INTRA,28142000,2,QUANTITY_IN_100KG,2007,1227236
ESTAT:DS-045409(1.0),18/11/2024 11:00,A,EU,EU_INTRA,28142000,2,QUANTITY_IN_100KG,2008,1606009
ESTAT:DS-045409(1.0),18/11/2024 11:00,A,EU,EU_INTRA,28142000,2,QUANTITY_IN_100KG,2009,1761073
ESTAT:DS-045409(1.0),18/11/2024 11:00,A,EU,EU_INTRA,28142000,2,QUANTITY_IN_100KG,2010,1499179.86
ESTAT:DS-045409(1.0),18/11/2024 11:00,A,EU,EU_INTRA,28142000,2,QUANTITY_IN_100KG,2011,1654589.21
ESTAT:DS-045409(1.0),18/11/2024 11:00,A,EU,EU_INTRA,28142000,2,QUANTITY_IN_100KG,2012,1630711.81
ESTAT:DS-045409(1.0),18/11/2024 11:00,A,EU,EU_INTRA,28142000,2,QUANTITY_IN_100KG,2013,1820980.93
ESTAT:DS-045409(1.0),18/11/2024 11:00,A,EU,EU_INTRA,28142000,2,QUANTITY_IN_100KG,2014,2436924.82
ESTAT:DS-045409(1.0),18/11/2024 11:00,A,EU,EU_INTRA,28142000,2,QUANTITY_IN_100KG,2015,2175520.73
ESTAT:DS-045409(1.0),18/11/2024 11:00,A,EU,EU_INTRA,28142000,2,QUANTITY_IN_100KG,2016,2124133.66
ESTAT:DS-045409(1.0),18/11/2024 11:00,A,EU,EU_INTRA,28142000,2,QUANTITY_IN_100KG,2017,2310322.32
ESTAT:DS-045409(1.0),18/11/2024 11:00,A,EU,EU_INTRA,28142000,2,QUANTITY_IN_100KG,2018,2293953.12
ESTAT:DS-045409(1.0),18/11/2024 11:00,A,EU,EU_INTRA,28142000,2,QUANTITY_IN_100KG,2019,2352816.04
ESTAT:DS-045409(1.0),18/11/2024 11:00,A,EU,EU_INTRA,28142000,2,QUANTITY_IN_100KG,2020,1962785.95
ESTAT:DS-045409(1.0),18/11/2024 11:00,A,EU,EU_INTRA,28142000,2,QUANTITY_IN_100KG,2021,2353769.69
ESTAT:DS-045409(1.0),18/11/2024 11:00,A,EU,EU_INTRA,28142000,2,QUANTITY_IN_100KG,2022,2558355.42
ESTAT:DS-045409(1.0),18/11/2024 11:00,A,EU,EU_INTRA,28142000,2,QUANTITY_IN_100KG,2023,1813303.82
ESTAT:DS-045409(1.0),18/11/2024 11:00,A,EU,EU_INTRA,310280,1,QUANTITY_IN_100KG,1988,7762798
ESTAT:DS-045409(1.0),18/11/2024 11:00,A,EU,EU_INTRA,310280,1,QUANTITY_IN_100KG,1989,8579125
ESTAT:DS-045409(1.0),18/11/2024 11:00,A,EU,EU_INTRA,310280,1,QUANTITY_IN_100KG,1990,8170398
ESTAT:DS-045409(1.0),18/11/2024 11:00,A,EU,EU_INTRA,310280,1,QUANTITY_IN_100KG,1991,7369384
ESTAT:DS-045409(1.0),18/11/2024 11:00,A,EU,EU_INTRA,310280,1,QUANTITY_IN_100KG,1992,8017336
ESTAT:DS-045409(1.0),18/11/2024 11:00,A,EU,EU_INTRA,310280,1,QUANTITY_IN_100KG,1993,8738865
ESTAT:DS-045409(1.0),18/11/2024 11:00,A,EU,EU_INTRA,310280,1,QUANTITY_IN_100KG,1994,7840278
ESTAT:DS-045409(1.0),18/11/2024 11:00,A,EU,EU_INTRA,310280,1,QUANTITY_IN_100KG,1995,9226346
ESTAT:DS-045409(1.0),18/11/2024 11:00,A,EU,EU_INTRA,310280,1,QUANTITY_IN_100KG,1996,9665307
ESTAT:DS-045409(1.0),18/11/2024 11:00,A,EU,EU_INTRA,310280,1,QUANTITY_IN_100KG,1997,8076269
ESTAT:DS-045409(1.0),18/11/2024 11:00,A,EU,EU_INTRA,310280,1,QUANTITY_IN_100KG,1998,7808269
ESTAT:DS-045409(1.0),18/11/2024 11:00,A,EU,EU_INTRA,310280,1,QUANTITY_IN_100KG,1999,7334227
ESTAT:DS-045409(1.0),18/11/2024 11:00,A,EU,EU_INTRA,310280,1,QUANTITY_IN_100KG,2000,8788262
ESTAT:DS-045409(1.0),18/11/2024 11:00,A,EU,EU_INTRA,310280,1,QUANTITY_IN_100KG,2001,5971744
ESTAT:DS-045409(1.0),18/11/2024 11:00,A,EU,EU_INTRA,310280,1,QUANTITY_IN_100KG,2002,6596793
ESTAT:DS-045409(1.0),18/11/2024 11:00,A,EU,EU_INTRA,310280,1,QUANTITY_IN_100KG,2003,6984166
ESTAT:DS-045409(1.0),18/11/2024 11:00,A,EU,EU_INTRA,310280,1,QUANTITY_IN_100KG,2004,12961471
ESTAT:DS-045409(1.0),18/11/2024 11:00,A,EU,EU_INTRA,310280,1,QUANTITY_IN_100KG,2005,20817925
ESTAT:DS-045409(1.0),18/11/2024 11:00,A,EU,EU_INTRA,310280,1,QUANTITY_IN_100KG,2006,5715260
ESTAT:DS-045409(1.0),18/11/2024 11:00,A,EU,EU_INTRA,310280,1,QUANTITY_IN_100KG,2007,8008773
ESTAT:DS-045409(1.0),18/11/2024 11:00,A,EU,EU_INTRA,310280,1,QUANTITY_IN_100KG,2008,5611396
ESTAT:DS-045409(1.0),18/11/2024 11:00,A,EU,EU_INTRA,310280,1,QUANTITY_IN_100KG,2009,5672364
ESTAT:DS-045409(1.0),18/11/2024 11:00,A,EU,EU_INTRA,310280,1,QUANTITY_IN_100KG,2010,15922279.34
ESTAT:DS-045409(1.0),18/11/2024 11:00,A,EU,EU_INTRA,310280,1,QUANTITY_IN_100KG,2011,23866949.26
ESTAT:DS-045409(1.0),18/11/2024 11:00,A,EU,EU_INTRA,310280,1,QUANTITY_IN_100KG,2012,21231121.85
ESTAT:DS-045409(1.0),18/11/2024 11:00,A,EU,EU_INTRA,310280,1,QUANTITY_IN_100KG,2013,22544227.45
ESTAT:DS-045409(1.0),18/11/2024 11:00,A,EU,EU_INTRA,310280,1,QUANTITY_IN_100KG,2014,25855302.99
ESTAT:DS-045409(1.0),18/11/2024 11:00,A,EU,EU_INTRA,310280,1,QUANTITY_IN_100KG,2015,27010949.93
ESTAT:DS-045409(1.0),18/11/2024 11:00,A,EU,EU_INTRA,310280,1,QUANTITY_IN_100KG,2016,24312397.54
ESTAT:DS-045409(1.0),18/11/2024 11:00,A,EU,EU_INTRA,310280,1,QUANTITY_IN_100KG,2017,22212485.89
ESTAT:DS-045409(1.0),18/11/2024 11:00,A,EU,EU_INTRA,310280,1,QUANTITY_IN_100KG,2018,25436438.77
ESTAT:DS-045409(1.0),18/11/2024 11:00,A,EU,EU_INTRA,310280,1,QUANTITY_IN_100KG,2019,27511855.03
ESTAT:DS-045409(1.0),18/11/2024 11:00,A,EU,EU_INTRA,310280,1,QUANTITY_IN_100KG,2020,23238523.21
ESTAT:DS-045409(1.0),18/11/2024 11:00,A,EU,EU_INTRA,310280,1,QUANTITY_IN_100KG,2021,20541451.84
ESTAT:DS-045409(1.0),18/11/2024 11:00,A,EU,EU_INTRA,310280,1,QUANTITY_IN_100KG,2022,15954784
ESTAT:DS-045409(1.0),18/11/2024 11:00,A,EU,EU_INTRA,310280,1,QUANTITY_IN_100KG,2023,14589423.69
ESTAT:DS-045409(1.0),18/11/2024 11:00,A,EU,EU_INTRA,310280,2,QUANTITY_IN_100KG,1988,7415701
ESTAT:DS-045409(1.0),18/11/2024 11:00,A,EU,EU_INTRA,310280,2,QUANTITY_IN_100KG,1989,8505134
ESTAT:DS-045409(1.0),18/11/2024 11:00,A,EU,EU_INTRA,310280,2,QUANTITY_IN_100KG,1990,6917193
ESTAT:DS-045409(1.0),18/11/2024 11:00,A,EU,EU_INTRA,310280,2,QUANTITY_IN_100KG,1991,6623892
ESTAT:DS-045409(1.0),18/11/2024 11:00,A,EU,EU_INTRA,310280,2,QUANTITY_IN_100KG,1992,7166156
ESTAT:DS-045409(1.0),18/11/2024 11:00,A,EU,EU_INTRA,310280,2,QUANTITY_IN_100KG,1993,8377229
ESTAT:DS-045409(1.0),18/11/2024 11:00,A,EU,EU_INTRA,310280,2,QUANTITY_IN_100KG,1994,11635123
ESTAT:DS-045409(1.0),18/11/2024 11:00,A,EU,EU_INTRA,310280,2,QUANTITY_IN_100KG,1995,10487579
ESTAT:DS-045409(1.0),18/11/2024 11:00,A,EU,EU_INTRA,310280,2,QUANTITY_IN_100KG,1996,9085971
ESTAT:DS-045409(1.0),18/11/2024 11:00,A,EU,EU_INTRA,310280,2,QUANTITY_IN_100KG,1997,7766613
ESTAT:DS-045409(1.0),18/11/2024 11:00,A,EU,EU_INTRA,310280,2,QUANTITY_IN_100KG,1998,6557813
ESTAT:DS-045409(1.0),18/11/2024 11:00,A,EU,EU_INTRA,310280,2,QUANTITY_IN_100KG,1999,7428690
ESTAT:DS-045409(1.0),18/11/2024 11:00,A,EU,EU_INTRA,310280,2,QUANTITY_IN_100KG,2000,11341385
ESTAT:DS-045409(1.0),18/11/2024 11:00,A,EU,EU_INTRA,310280,2,QUANTITY_IN_100KG,2001,7599087
ESTAT:DS-045409(1.0),18/11/2024 11:00,A,EU,EU_INTRA,310280,2,QUANTITY_IN_100KG,2002,7558799
ESTAT:DS-045409(1.0),18/11/2024 11:00,A,EU,EU_INTRA,310280,2,QUANTITY_IN_100KG,2003,8990223
ESTAT:DS-045409(1.0),18/11/2024 11:00,A,EU,EU_INTRA,310280,2,QUANTITY_IN_100KG,2004,12311789
ESTAT:DS-045409(1.0),18/11/2024 11:00,A,EU,EU_INTRA,310280,2,QUANTITY_IN_100KG,2005,22154955
ESTAT:DS-045409(1.0),18/11/2024 11:00,A,EU,EU_INTRA,310280,2,QUANTITY_IN_100KG,2006,20666820
ESTAT:DS-045409(1.0),18/11/2024 11:00,A,EU,EU_INTRA,310280,2,QUANTITY_IN_100KG,2007,22408381
ESTAT:DS-045409(1.0),18/11/2024 11:00,A,EU,EU_INTRA,310280,2,QUANTITY_IN_100KG,2008,18793496
ESTAT:DS-045409(1.0),18/11/2024 11:00,A,EU,EU_INTRA,310280,2,QUANTITY_IN_100KG,2009,20499556
ESTAT:DS-045409(1.0),18/11/2024 11:00,A,EU,EU_INTRA,310280,2,QUANTITY_IN_100KG,2010,19662790.32
ESTAT:DS-045409(1.0),18/11/2024 11:00,A,EU,EU_INTRA,310280,2,QUANTITY_IN_100KG,2011,26342781.68
ESTAT:DS-045409(1.0),18/11/2024 11:00,A,EU,EU_INTRA,310280,2,QUANTITY_IN_100KG,2012,26654459.49
ESTAT:DS-045409(1.0),18/11/2024 11:00,A,EU,EU_INTRA,310280,2,QUANTITY_IN_100KG,2013,23570591.96
ESTAT:DS-045409(1.0),18/11/2024 11:00,A,EU,EU_INTRA,310280,2,QUANTITY_IN_100KG,2014,25026372.27
ESTAT:DS-045409(1.0),18/11/2024 11:00,A,EU,EU_INTRA,310280,2,QUANTITY_IN_100KG,2015,27678478.79
ESTAT:DS-045409(1.0),18/11/2024 11:00,A,EU,EU_INTRA,310280,2,QUANTITY_IN_100KG,2016,22317204.36
ESTAT:DS-045409(1.0),18/11/2024 11:00,A,EU,EU_INTRA,310280,2,QUANTITY_IN_100KG,2017,24870505.45
ESTAT:DS-045409(1.0),18/11/2024 11:00,A,EU,EU_INTRA,310280,2,QUANTITY_IN_100KG,2018,26845760.55
ESTAT:DS-045409(1.0),18/11/2024 11:00,A,EU,EU_INTRA,310280,2,QUANTITY_IN_100KG,2019,26610780.89
ESTAT:DS-045409(1.0),18/11/2024 11:00,A,EU,EU_INTRA,310280,2,QUANTITY_IN_100KG,2020,22678880.8
ESTAT:DS-045409(1.0),18/11/2024 11:00,A,EU,EU_INTRA,310280,2,QUANTITY_IN_100KG,2021,19861413.98
ESTAT:DS-045409(1.0),18/11/2024 11:00,A,EU,EU_INTRA,310280,2,QUANTITY_IN_100KG,2022,13275072.29
ESTAT:DS-045409(1.0),18/11/2024 11:00,A,EU,EU_INTRA,310280,2,QUANTITY_IN_100KG,2023,12884069.11
ESTAT:DS-045409(1.0),18/11/2024 11:00,A,EU,EU_INTRA,31028000,1,QUANTITY_IN_100KG,1988,7762798
ESTAT:DS-045409(1.0),18/11/2024 11:00,A,EU,EU_INTRA,31028000,1,QUANTITY_IN_100KG,1989,8579125
ESTAT:DS-045409(1.0),18/11/2024 11:00,A,EU,EU_INTRA,31028000,1,QUANTITY_IN_100KG,1990,8170398
ESTAT:DS-045409(1.0),18/11/2024 11:00,A,EU,EU_INTRA,31028000,1,QUANTITY_IN_100KG,1991,7369384
ESTAT:DS-045409(1.0),18/11/2024 11:00,A,EU,EU_INTRA,31028000,1,QUANTITY_IN_100KG,1992,8017336
ESTAT:DS-045409(1.0),18/11/2024 11:00,A,EU,EU_INTRA,31028000,1,QUANTITY_IN_100KG,1993,8738865
ESTAT:DS-045409(1.0),18/11/2024 11:00,A,EU,EU_INTRA,31028000,1,QUANTITY_IN_100KG,1994,7840278
ESTAT:DS-045409(1.0),18/11/2024 11:00,A,EU,EU_INTRA,31028000,1,QUANTITY_IN_100KG,1995,9226346
ESTAT:DS-045409(1.0),18/11/2024 11:00,A,EU,EU_INTRA,31028000,1,QUANTITY_IN_100KG,1996,9665307
ESTAT:DS-045409(1.0),18/11/2024 11:00,A,EU,EU_INTRA,31028000,1,QUANTITY_IN_100KG,1997,8076269
ESTAT:DS-045409(1.0),18/11/2024 11:00,A,EU,EU_INTRA,31028000,1,QUANTITY_IN_100KG,1998,7808269
ESTAT:DS-045409(1.0),18/11/2024 11:00,A,EU,EU_INTRA,31028000,1,QUANTITY_IN_100KG,1999,7334227
ESTAT:DS-045409(1.0),18/11/2024 11:00,A,EU,EU_INTRA,31028000,1,QUANTITY_IN_100KG,2000,8788262
ESTAT:DS-045409(1.0),18/11/2024 11:00,A,EU,EU_INTRA,31028000,1,QUANTITY_IN_100KG,2001,5971744
ESTAT:DS-045409(1.0),18/11/2024 11:00,A,EU,EU_INTRA,31028000,1,QUANTITY_IN_100KG,2002,6596793
ESTAT:DS-045409(1.0),18/11/2024 11:00,A,EU,EU_INTRA,31028000,1,QUANTITY_IN_100KG,2003,6984166
ESTAT:DS-045409(1.0),18/11/2024 11:00,A,EU,EU_INTRA,31028000,1,QUANTITY_IN_100KG,2004,12961471
ESTAT:DS-045409(1.0),18/11/2024 11:00,A,EU,EU_INTRA,31028000,1,QUANTITY_IN_100KG,2005,20817925
ESTAT:DS-045409(1.0),18/11/2024 11:00,A,EU,EU_INTRA,31028000,1,QUANTITY_IN_100KG,2006,5715260
ESTAT:DS-045409(1.0),18/11/2024 11:00,A,EU,EU_INTRA,31028000,1,QUANTITY_IN_100KG,2007,8008773
ESTAT:DS-045409(1.0),18/11/2024 11:00,A,EU,EU_INTRA,31028000,1,QUANTITY_IN_100KG,2008,5611396
ESTAT:DS-045409(1.0),18/11/2024 11:00,A,EU,EU_INTRA,31028000,1,QUANTITY_IN_100KG,2009,5672364
ESTAT:DS-045409(1.0),18/11/2024 11:00,A,EU,EU_INTRA,31028000,1,QUANTITY_IN_100KG,2010,15922279.34
ESTAT:DS-045409(1.0),18/11/2024 11:00,A,EU,EU_INTRA,31028000,1,QUANTITY_IN_100KG,2011,23866949.26
ESTAT:DS-045409(1.0),18/11/2024 11:00,A,EU,EU_INTRA,31028000,1,QUANTITY_IN_100KG,2012,21231121.85
ESTAT:DS-045409(1.0),18/11/2024 11:00,A,EU,EU_INTRA,31028000,1,QUANTITY_IN_100KG,2013,22544227.45
ESTAT:DS-045409(1.0),18/11/2024 11:00,A,EU,EU_INTRA,31028000,1,QUANTITY_IN_100KG,2014,25855302.99
ESTAT:DS-045409(1.0),18/11/2024 11:00,A,EU,EU_INTRA,31028000,1,QUANTITY_IN_100KG,2015,27010949.93
ESTAT:DS-045409(1.0),18/11/2024 11:00,A,EU,EU_INTRA,31028000,1,QUANTITY_IN_100KG,2016,24312397.54
ESTAT:DS-045409(1.0),18/11/2024 11:00,A,EU,EU_INTRA,31028000,1,QUANTITY_IN_100KG,2017,22212485.89
ESTAT:DS-045409(1.0),18/11/2024 11:00,A,EU,EU_INTRA,31028000,1,QUANTITY_IN_100KG,2018,25436438.77
ESTAT:DS-045409(1.0),18/11/2024 11:00,A,EU,EU_INTRA,31028000,1,QUANTITY_IN_100KG,2019,27511855.03
ESTAT:DS-045409(1.0),18/11/2024 11:00,A,EU,EU_INTRA,31028000,1,QUANTITY_IN_100KG,2020,23238523.21
ESTAT:DS-045409(1.0),18/11/2024 11:00,A,EU,EU_INTRA,31028000,1,QUANTITY_IN_100KG,2021,20541451.84
ESTAT:DS-045409(1.0),18/11/2024 11:00,A,EU,EU_INTRA,31028000,1,QUANTITY_IN_100KG,2022,15954784
ESTAT:DS-045409(1.0),18/11/2024 11:00,A,EU,EU_INTRA,31028000,1,QUANTITY_IN_100KG,2023,14589423.69
ESTAT:DS-045409(1.0),18/11/2024 11:00,A,EU,EU_INTRA,31028000,2,QUANTITY_IN_100KG,1988,7415701
ESTAT:DS-045409(1.0),18/11/2024 11:00,A,EU,EU_INTRA,31028000,2,QUANTITY_IN_100KG,1989,8505134
ESTAT:DS-045409(1.0),18/11/2024 11:00,A,EU,EU_INTRA,31028000,2,QUANTITY_IN_100KG,1990,6917193
ESTAT:DS-045409(1.0),18/11/2024 11:00,A,EU,EU_INTRA,31028000,2,QUANTITY_IN_100KG,1991,6623892
ESTAT:DS-045409(1.0),18/11/2024 11:00,A,EU,EU_INTRA,31028000,2,QUANTITY_IN_100KG,1992,7166156
ESTAT:DS-045409(1.0),18/11/2024 11:00,A,EU,EU_INTRA,31028000,2,QUANTITY_IN_100KG,1993,8377229
ESTAT:DS-045409(1.0),18/11/2024 11:00,A,EU,EU_INTRA,31028000,2,QUANTITY_IN_100KG,1994,11635123
ESTAT:DS-045409(1.0),18/11/2024 11:00,A,EU,EU_INTRA,31028000,2,QUANTITY_IN_100KG,1995,10487579
ESTAT:DS-045409(1.0),18/11/2024 11:00,A,EU,EU_INTRA,31028000,2,QUANTITY_IN_100KG,1996,9085971
ESTAT:DS-045409(1.0),18/11/2024 11:00,A,EU,EU_INTRA,31028000,2,QUANTITY_IN_100KG,1997,7766613
ESTAT:DS-045409(1.0),18/11/2024 11:00,A,EU,EU_INTRA,31028000,2,QUANTITY_IN_100KG,1998,6557813
ESTAT:DS-045409(1.0),18/11/2024 11:00,A,EU,EU_INTRA,31028000,2,QUANTITY_IN_100KG,1999,7428690
ESTAT:DS-045409(1.0),18/11/2024 11:00,A,EU,EU_INTRA,31028000,2,QUANTITY_IN_100KG,2000,11341385
ESTAT:DS-045409(1.0),18/11/2024 11:00,A,EU,EU_INTRA,31028000,2,QUANTITY_IN_100KG,2001,7599087
ESTAT:DS-045409(1.0),18/11/2024 11:00,A,EU,EU_INTRA,31028000,2,QUANTITY_IN_100KG,2002,7558799
ESTAT:DS-045409(1.0),18/11/2024 11:00,A,EU,EU_INTRA,31028000,2,QUANTITY_IN_100KG,2003,8990223
ESTAT:DS-045409(1.0),18/11/2024 11:00,A,EU,EU_INTRA,31028000,2,QUANTITY_IN_100KG,2004,12311789
ESTAT:DS-045409(1.0),18/11/2024 11:00,A,EU,EU_INTRA,31028000,2,QUANTITY_IN_100KG,2005,22154955
ESTAT:DS-045409(1.0),18/11/2024 11:00,A,EU,EU_INTRA,31028000,2,QUANTITY_IN_100KG,2006,20666820
ESTAT:DS-045409(1.0),18/11/2024 11:00,A,EU,EU_INTRA,31028000,2,QUANTITY_IN_100KG,2007,22408381
ESTAT:DS-045409(1.0),18/11/2024 11:00,A,EU,EU_INTRA,31028000,2,QUANTITY_IN_100KG,2008,18793496
ESTAT:DS-045409(1.0),18/11/2024 11:00,A,EU,EU_INTRA,31028000,2,QUANTITY_IN_100KG,2009,20499556
ESTAT:DS-045409(1.0),18/11/2024 11:00,A,EU,EU_INTRA,31028000,2,QUANTITY_IN_100KG,2010,19662790.32
ESTAT:DS-045409(1.0),18/11/2024 11:00,A,EU,EU_INTRA,31028000,2,QUANTITY_IN_100KG,2011,26342781.68
ESTAT:DS-045409(1.0),18/11/2024 11:00,A,EU,EU_INTRA,31028000,2,QUANTITY_IN_100KG,2012,26654459.49
ESTAT:DS-045409(1.0),18/11/2024 11:00,A,EU,EU_INTRA,31028000,2,QUANTITY_IN_100KG,2013,23570591.96
ESTAT:DS-045409(1.0),18/11/2024 11:00,A,EU,EU_INTRA,31028000,2,QUANTITY_IN_100KG,2014,25026372.27
ESTAT:DS-045409(1.0),18/11/2024 11:00,A,EU,EU_INTRA,31028000,2,QUANTITY_IN_100KG,2015,27678478.79
ESTAT:DS-045409(1.0),18/11/2024 11:00,A,EU,EU_INTRA,31028000,2,QUANTITY_IN_100KG,2016,22317204.36
ESTAT:DS-045409(1.0),18/11/2024 11:00,A,EU,EU_INTRA,31028000,2,QUANTITY_IN_100KG,2017,24870505.45
ESTAT:DS-045409(1.0),18/11/2024 11:00,A,EU,EU_INTRA,31028000,2,QUANTITY_IN_100KG,2018,26845760.55
ESTAT:DS-045409(1.0),18/11/2024 11:00,A,EU,EU_INTRA,31028000,2,QUANTITY_IN_100KG,2019,26610780.89
ESTAT:DS-045409(1.0),18/11/2024 11:00,A,EU,EU_INTRA,31028000,2,QUANTITY_IN_100KG,2020,22678880.8
ESTAT:DS-045409(1.0),18/11/2024 11:00,A,EU,EU_INTRA,31028000,2,QUANTITY_IN_100KG,2021,19861413.98
ESTAT:DS-045409(1.0),18/11/2024 11:00,A,EU,EU_INTRA,31028000,2,QUANTITY_IN_100KG,2022,13275072.29
ESTAT:DS-045409(1.0),18/11/2024 11:00,A,EU,EU_INTRA,31028000,2,QUANTITY_IN_100KG,2023,12884069.11
ESTAT:DS-045409(1.0),18/11/2024 11:00,A,EU,EU_INTRA,310290,1,QUANTITY_IN_100KG,1988,1834218
ESTAT:DS-045409(1.0),18/11/2024 11:00,A,EU,EU_INTRA,310290,1,QUANTITY_IN_100KG,1989,1822554
ESTAT:DS-045409(1.0),18/11/2024 11:00,A,EU,EU_INTRA,310290,1,QUANTITY_IN_100KG,1990,1878831
ESTAT:DS-045409(1.0),18/11/2024 11:00,A,EU,EU_INTRA,310290,1,QUANTITY_IN_100KG,1991,1346058
ESTAT:DS-045409(1.0),18/11/2024 11:00,A,EU,EU_INTRA,310290,1,QUANTITY_IN_100KG,1992,1679296
ESTAT:DS-045409(1.0),18/11/2024 11:00,A,EU,EU_INTRA,310290,1,QUANTITY_IN_100KG,1993,1152520
ESTAT:DS-045409(1.0),18/11/2024 11:00,A,EU,EU_INTRA,310290,1,QUANTITY_IN_100KG,1994,1934092
ESTAT:DS-045409(1.0),18/11/2024 11:00,A,EU,EU_INTRA,310290,1,QUANTITY_IN_100KG,1995,1697286
ESTAT:DS-045409(1.0),18/11/2024 11:00,A,EU,EU_INTRA,310290,1,QUANTITY_IN_100KG,1996,1389318
ESTAT:DS-045409(1.0),18/11/2024 11:00,A,EU,EU_INTRA,310290,1,QUANTITY_IN_100KG,1997,1302754
ESTAT:DS-045409(1.0),18/11/2024 11:00,A,EU,EU_INTRA,310290,1,QUANTITY_IN_100KG,1998,1266403
ESTAT:DS-045409(1.0),18/11/2024 11:00,A,EU,EU_INTRA,310290,1,QUANTITY_IN_100KG,1999,1373554
ESTAT:DS-045409(1.0),18/11/2024 11:00,A,EU,EU_INTRA,310290,1,QUANTITY_IN_100KG,2000,2911829
ESTAT:DS-045409(1.0),18/11/2024 11:00,A,EU,EU_INTRA,310290,1,QUANTITY_IN_100KG,2001,2971204
ESTAT:DS-045409(1.0),18/11/2024 11:00,A,EU,EU_INTRA,310290,1,QUANTITY_IN_100KG,2002,2321951
ESTAT:DS-045409(1.0),18/11/2024 11:00,A,EU,EU_INTRA,310290,1,QUANTITY_IN_100KG,2003,2310856
ESTAT:DS-045409(1.0),18/11/2024 11:00,A,EU,EU_INTRA,310290,1,QUANTITY_IN_100KG,2004,3667998
ESTAT:DS-045409(1.0),18/11/2024 11:00,A,EU,EU_INTRA,310290,1,QUANTITY_IN_100KG,2005,3274868
ESTAT:DS-045409(1.0),18/11/2024 11:00,A,EU,EU_INTRA,310290,1,QUANTITY_IN_100KG,2006,981601
ESTAT:DS-045409(1.0),18/11/2024 11:00,A,EU,EU_INTRA,310290,1,QUANTITY_IN_100KG,2007,1243825
ESTAT:DS-045409(1.0),18/11/2024 11:00,A,EU,EU_INTRA,310290,1,QUANTITY_IN_100KG,2008,1887232
ESTAT:DS-045409(1.0),18/11/2024 11:00,A,EU,EU_INTRA,310290,1,QUANTITY_IN_100KG,2009,2107630
ESTAT:DS-045409(1.0),18/11/2024 11:00,A,EU,EU_INTRA,310290,1,QUANTITY_IN_100KG,2010,3175394.25
ESTAT:DS-045409(1.0),18/11/2024 11:00,A,EU,EU_INTRA,310290,1,QUANTITY_IN_100KG,2011,3078866.92
ESTAT:DS-045409(1.0),18/11/2024 11:00,A,EU,EU_INTRA,310290,1,QUANTITY_IN_100KG,2012,3459925.02
ESTAT:DS-045409(1.0),18/11/2024 11:00,A,EU,EU_INTRA,310290,1,QUANTITY_IN_100KG,2013,3374156.52
ESTAT:DS-045409(1.0),18/11/2024 11:00,A,EU,EU_INTRA,310290,1,QUANTITY_IN_100KG,2014,3580506.67
ESTAT:DS-045409(1.0),18/11/2024 11:00,A,EU,EU_INTRA,310290,1,QUANTITY_IN_100KG,2015,4340877.56
ESTAT:DS-045409(1.0),18/11/2024 11:00,A,EU,EU_INTRA,310290,1,QUANTITY_IN_100KG,2016,3779305.99
ESTAT:DS-045409(1.0),18/11/2024 11:00,A,EU,EU_INTRA,310290,1,QUANTITY_IN_100KG,2017,3403873.03
ESTAT:DS-045409(1.0),18/11/2024 11:00,A,EU,EU_INTRA,310290,1,QUANTITY_IN_100KG,2018,3402127.2
ESTAT:DS-045409(1.0),18/11/2024 11:00,A,EU,EU_INTRA,310290,1,QUANTITY_IN_100KG,2019,2783788.22
ESTAT:DS-045409(1.0),18/11/2024 11:00,A,EU,EU_INTRA,310290,1,QUANTITY_IN_100KG,2020,2925796.46
ESTAT:DS-045409(1.0),18/11/2024 11:00,A,EU,EU_INTRA,310290,1,QUANTITY_IN_100KG,2021,2570790.07
ESTAT:DS-045409(1.0),18/11/2024 11:00,A,EU,EU_INTRA,310290,1,QUANTITY_IN_100KG,2022,2954595.99
ESTAT:DS-045409(1.0),18/11/2024 11:00,A,EU,EU_INTRA,310290,1,QUANTITY_IN_100KG,2023,2899271.38
ESTAT:DS-045409(1.0),18/11/2024 11:00,A,EU,EU_INTRA,310290,2,QUANTITY_IN_100KG,1988,1379425
ESTAT:DS-045409(1.0),18/11/2024 11:00,A,EU,EU_INTRA,310290,2,QUANTITY_IN_100KG,1989,1258716
ESTAT:DS-045409(1.0),18/11/2024 11:00,A,EU,EU_INTRA,310290,2,QUANTITY_IN_100KG,1990,1135507
ESTAT:DS-045409(1.0),18/11/2024 11:00,A,EU,EU_INTRA,310290,2,QUANTITY_IN_100KG,1991,1162073
ESTAT:DS-045409(1.0),18/11/2024 11:00,A,EU,EU_INTRA,310290,2,QUANTITY_IN_100KG,1992,1554450
ESTAT:DS-045409(1.0),18/11/2024 11:00,A,EU,EU_INTRA,310290,2,QUANTITY_IN_100KG,1993,1537764
ESTAT:DS-045409(1.0),18/11/2024 11:00,A,EU,EU_INTRA,310290,2,QUANTITY_IN_100KG,1994,1908039
ESTAT:DS-045409(1.0),18/11/2024 11:00,A,EU,EU_INTRA,310290,2,QUANTITY_IN_100KG,1995,1500319
ESTAT:DS-045409(1.0),18/11/2024 11:00,A,EU,EU_INTRA,310290,2,QUANTITY_IN_100KG,1996,1372371
ESTAT:DS-045409(1.0),18/11/2024 11:00,A,EU,EU_INTRA,310290,2,QUANTITY_IN_100KG,1997,1340261
ESTAT:DS-045409(1.0),18/11/2024 11:00,A,EU,EU_INTRA,310290,2,QUANTITY_IN_100KG,1998,1682412
ESTAT:DS-045409(1.0),18/11/2024 11:00,A,EU,EU_INTRA,310290,2,QUANTITY_IN_100KG,1999,2095403
ESTAT:DS-045409(1.0),18/11/2024 11:00,A,EU,EU_INTRA,310290,2,QUANTITY_IN_100KG,2000,4084749
ESTAT:DS-045409(1.0),18/11/2024 11:00,A,EU,EU_INTRA,310290,2,QUANTITY_IN_100KG,2001,4116347
ESTAT:DS-045409(1.0),18/11/2024 11:00,A,EU,EU_INTRA,310290,2,QUANTITY_IN_100KG,2002,2918050
ESTAT:DS-045409(1.0),18/11/2024 11:00,A,EU,EU_INTRA,310290,2,QUANTITY_IN_100KG,2003,3174901
ESTAT:DS-045409(1.0),18/11/2024 11:00,A,EU,EU_INTRA,310290,2,QUANTITY_IN_100KG,2004,3094225
ESTAT:DS-045409(1.0),18/11/2024 11:00,A,EU,EU_INTRA,310290,2,QUANTITY_IN_100KG,2005,1928125
ESTAT:DS-045409(1.0),18/11/2024 11:00,A,EU,EU_INTRA,310290,2,QUANTITY_IN_100KG,2006,1999272
ESTAT:DS-045409(1.0),18/11/2024 11:00,A,EU,EU_INTRA,310290,2,QUANTITY_IN_100KG,2007,2160960
ESTAT:DS-045409(1.0),18/11/2024 11:00,A,EU,EU_INTRA,310290,2,QUANTITY_IN_100KG,2008,1318214
ESTAT:DS-045409(1.0),18/11/2024 11:00,A,EU,EU_INTRA,310290,2,QUANTITY_IN_100KG,2009,2208789
ESTAT:DS-045409(1.0),18/11/2024 11:00,A,EU,EU_INTRA,310290,2,QUANTITY_IN_100KG,2010,1888919.19
ESTAT:DS-045409(1.0),18/11/2024 11:00,A,EU,EU_INTRA,310290,2,QUANTITY_IN_100KG,2011,3032338.35
ESTAT:DS-045409(1.0),18/11/2024 11:00,A,EU,EU_INTRA,310290,2,QUANTITY_IN_100KG,2012,4143436.08
ESTAT:DS-045409(1.0),18/11/2024 11:00,A,EU,EU_INTRA,310290,2,QUANTITY_IN_100KG,2013,3195704.02
ESTAT:DS-045409(1.0),18/11/2024 11:00,A,EU,EU_INTRA,310290,2,QUANTITY_IN_100KG,2014,3189080.33
ESTAT:DS-045409(1.0),18/11/2024 11:00,A,EU,EU_INTRA,310290,2,QUANTITY_IN_100KG,2015,3451679.82
ESTAT:DS-045409(1.0),18/11/2024 11:00,A,EU,EU_INTRA,310290,2,QUANTITY_IN_100KG,2016,6078390.27
ESTAT:DS-045409(1.0),18/11/2024 11:00,A,EU,EU_INTRA,310290,2,QUANTITY_IN_100KG,2017,3506386.83
ESTAT:DS-045409(1.0),18/11/2024 11:00,A,EU,EU_INTRA,310290,2,QUANTITY_IN_100KG,2018,3769136.04
ESTAT:DS-045409(1.0),18/11/2024 11:00,A,EU,EU_INTRA,310290,2,QUANTITY_IN_100KG,2019,3976731.04
ESTAT:DS-045409(1.0),18/11/2024 11:00,A,EU,EU_INTRA,310290,2,QUANTITY_IN_100KG,2020,4358279.46
ESTAT:DS-045409(1.0),18/11/2024 11:00,A,EU,EU_INTRA,310290,2,QUANTITY_IN_100KG,2021,4151709.52
ESTAT:DS-045409(1.0),18/11/2024 11:00,A,EU,EU_INTRA,310290,2,QUANTITY_IN_100KG,2022,3871242.06
ESTAT:DS-045409(1.0),18/11/2024 11:00,A,EU,EU_INTRA,310290,2,QUANTITY_IN_100KG,2023,4221018.09
ESTAT:DS-045409(1.0),18/11/2024 11:00,A,EU,EU_INTRA,31029000,1,QUANTITY_IN_100KG,1988,1834218
ESTAT:DS-045409(1.0),18/11/2024 11:00,A,EU,EU_INTRA,31029000,1,QUANTITY_IN_100KG,1989,1822554
ESTAT:DS-045409(1.0),18/11/2024 11:00,A,EU,EU_INTRA,31029000,1,QUANTITY_IN_100KG,1990,1878831
ESTAT:DS-045409(1.0),18/11/2024 11:00,A,EU,EU_INTRA,31029000,1,QUANTITY_IN_100KG,1991,1346058
ESTAT:DS-045409(1.0),18/11/2024 11:00,A,EU,EU_INTRA,31029000,1,QUANTITY_IN_100KG,1992,1679296
ESTAT:DS-045409(1.0),18/11/2024 11:00,A,EU,EU_INTRA,31029000,1,QUANTITY_IN_100KG,1993,1152520
ESTAT:DS-045409(1.0),18/11/2024 11:00,A,EU,EU_INTRA,31029000,1,QUANTITY_IN_100KG,1994,1934092
ESTAT:DS-045409(1.0),18/11/2024 11:00,A,EU,EU_INTRA,31029000,1,QUANTITY_IN_100KG,1995,1697286
ESTAT:DS-045409(1.0),18/11/2024 11:00,A,EU,EU_INTRA,31029000,1,QUANTITY_IN_100KG,1996,1389318
ESTAT:DS-045409(1.0),18/11/2024 11:00,A,EU,EU_INTRA,31029000,1,QUANTITY_IN_100KG,1997,1302754
ESTAT:DS-045409(1.0),18/11/2024 11:00,A,EU,EU_INTRA,31029000,1,QUANTITY_IN_100KG,1998,1266403
ESTAT:DS-045409(1.0),18/11/2024 11:00,A,EU,EU_INTRA,31029000,1,QUANTITY_IN_100KG,1999,1373554
ESTAT:DS-045409(1.0),18/11/2024 11:00,A,EU,EU_INTRA,31029000,1,QUANTITY_IN_100KG,2000,2911829
ESTAT:DS-045409(1.0),18/11/2024 11:00,A,EU,EU_INTRA,31029000,1,QUANTITY_IN_100KG,2001,2971204
ESTAT:DS-045409(1.0),18/11/2024 11:00,A,EU,EU_INTRA,31029000,1,QUANTITY_IN_100KG,2002,2321951
ESTAT:DS-045409(1.0),18/11/2024 11:00,A,EU,EU_INTRA,31029000,1,QUANTITY_IN_100KG,2003,2310856
ESTAT:DS-045409(1.0),18/11/2024 11:00,A,EU,EU_INTRA,31029000,1,QUANTITY_IN_100KG,2004,3667998
ESTAT:DS-045409(1.0),18/11/2024 11:00,A,EU,EU_INTRA,31029000,1,QUANTITY_IN_100KG,2005,3274868
ESTAT:DS-045409(1.0),18/11/2024 11:00,A,EU,EU_INTRA,31029000,1,QUANTITY_IN_100KG,2006,981601
ESTAT:DS-045409(1.0),18/11/2024 11:00,A,EU,EU_INTRA,31029000,1,QUANTITY_IN_100KG,2007,1243825
ESTAT:DS-045409(1.0),18/11/2024 11:00,A,EU,EU_INTRA,31029000,1,QUANTITY_IN_100KG,2008,1887232
ESTAT:DS-045409(1.0),18/11/2024 11:00,A,EU,EU_INTRA,31029000,1,QUANTITY_IN_100KG,2009,2107630
ESTAT:DS-045409(1.0),18/11/2024 11:00,A,EU,EU_INTRA,31029000,1,QUANTITY_IN_100KG,2010,3175394.25
ESTAT:DS-045409(1.0),18/11/2024 11:00,A,EU,EU_INTRA,31029000,1,QUANTITY_IN_100KG,2011,3078866.92
ESTAT:DS-045409(1.0),18/11/2024 11:00,A,EU,EU_INTRA,31029000,1,QUANTITY_IN_100KG,2012,3459925.02
ESTAT:DS-045409(1.0),18/11/2024 11:00,A,EU,EU_INTRA,31029000,1,QUANTITY_IN_100KG,2013,3374156.52
ESTAT:DS-045409(1.0),18/11/2024 11:00,A,EU,EU_INTRA,31029000,1,QUANTITY_IN_100KG,2014,3580506.67
ESTAT:DS-045409(1.0),18/11/2024 11:00,A,EU,EU_INTRA,31029000,1,QUANTITY_IN_100KG,2015,4340877.56
ESTAT:DS-045409(1.0),18/11/2024 11:00,A,EU,EU_INTRA,31029000,1,QUANTITY_IN_100KG,2016,3779305.99
ESTAT:DS-045409(1.0),18/11/2024 11:00,A,EU,EU_INTRA,31029000,1,QUANTITY_IN_100KG,2017,3403873.03
ESTAT:DS-045409(1.0),18/11/2024 11:00,A,EU,EU_INTRA,31029000,1,QUANTITY_IN_100KG,2018,3402127.2
ESTAT:DS-045409(1.0),18/11/2024 11:00,A,EU,EU_INTRA,31029000,1,QUANTITY_IN_100KG,2019,2783788.22
ESTAT:DS-045409(1.0),18/11/2024 11:00,A,EU,EU_INTRA,31029000,1,QUANTITY_IN_100KG,2020,2925796.46
ESTAT:DS-045409(1.0),18/11/2024 11:00,A,EU,EU_INTRA,31029000,1,QUANTITY_IN_100KG,2021,2570790.07
ESTAT:DS-045409(1.0),18/11/2024 11:00,A,EU,EU_INTRA,31029000,1,QUANTITY_IN_100KG,2022,2954595.99
ESTAT:DS-045409(1.0),18/11/2024 11:00,A,EU,EU_INTRA,31029000,1,QUANTITY_IN_100KG,2023,2899271.38
ESTAT:DS-045409(1.0),18/11/2024 11:00,A,EU,EU_INTRA,31029000,2,QUANTITY_IN_100KG,1988,1379425
ESTAT:DS-045409(1.0),18/11/2024 11:00,A,EU,EU_INTRA,31029000,2,QUANTITY_IN_100KG,1989,1258716
ESTAT:DS-045409(1.0),18/11/2024 11:00,A,EU,EU_INTRA,31029000,2,QUANTITY_IN_100KG,1990,1135507
ESTAT:DS-045409(1.0),18/11/2024 11:00,A,EU,EU_INTRA,31029000,2,QUANTITY_IN_100KG,1991,1162073
ESTAT:DS-045409(1.0),18/11/2024 11:00,A,EU,EU_INTRA,31029000,2,QUANTITY_IN_100KG,1992,1554450
ESTAT:DS-045409(1.0),18/11/2024 11:00,A,EU,EU_INTRA,31029000,2,QUANTITY_IN_100KG,1993,1537764
ESTAT:DS-045409(1.0),18/11/2024 11:00,A,EU,EU_INTRA,31029000,2,QUANTITY_IN_100KG,1994,1908039
ESTAT:DS-045409(1.0),18/11/2024 11:00,A,EU,EU_INTRA,31029000,2,QUANTITY_IN_100KG,1995,1500319
ESTAT:DS-045409(1.0),18/11/2024 11:00,A,EU,EU_INTRA,31029000,2,QUANTITY_IN_100KG,1996,1372371
ESTAT:DS-045409(1.0),18/11/2024 11:00,A,EU,EU_INTRA,31029000,2,QUANTITY_IN_100KG,1997,1340261
ESTAT:DS-045409(1.0),18/11/2024 11:00,A,EU,EU_INTRA,31029000,2,QUANTITY_IN_100KG,1998,1682412
ESTAT:DS-045409(1.0),18/11/2024 11:00,A,EU,EU_INTRA,31029000,2,QUANTITY_IN_100KG,1999,2095403
ESTAT:DS-045409(1.0),18/11/2024 11:00,A,EU,EU_INTRA,31029000,2,QUANTITY_IN_100KG,2000,4084749
ESTAT:DS-045409(1.0),18/11/2024 11:00,A,EU,EU_INTRA,31029000,2,QUANTITY_IN_100KG,2001,4116347
ESTAT:DS-045409(1.0),18/11/2024 11:00,A,EU,EU_INTRA,31029000,2,QUANTITY_IN_100KG,2002,2918050
ESTAT:DS-045409(1.0),18/11/2024 11:00,A,EU,EU_INTRA,31029000,2,QUANTITY_IN_100KG,2003,3174901
ESTAT:DS-045409(1.0),18/11/2024 11:00,A,EU,EU_INTRA,31029000,2,QUANTITY_IN_100KG,2004,3094225
ESTAT:DS-045409(1.0),18/11/2024 11:00,A,EU,EU_INTRA,31029000,2,QUANTITY_IN_100KG,2005,1928125
ESTAT:DS-045409(1.0),18/11/2024 11:00,A,EU,EU_INTRA,31029000,2,QUANTITY_IN_100KG,2006,1999272
ESTAT:DS-045409(1.0),18/11/2024 11:00,A,EU,EU_INTRA,31029000,2,QUANTITY_IN_100KG,2007,2160960
ESTAT:DS-045409(1.0),18/11/2024 11:00,A,EU,EU_INTRA,31029000,2,QUANTITY_IN_100KG,2008,1318214
ESTAT:DS-045409(1.0),18/11/2024 11:00,A,EU,EU_INTRA,31029000,2,QUANTITY_IN_100KG,2009,2208789
ESTAT:DS-045409(1.0),18/11/2024 11:00,A,EU,EU_INTRA,31029000,2,QUANTITY_IN_100KG,2010,1888919.19
ESTAT:DS-045409(1.0),18/11/2024 11:00,A,EU,EU_INTRA,31029000,2,QUANTITY_IN_100KG,2011,3032338.35
ESTAT:DS-045409(1.0),18/11/2024 11:00,A,EU,EU_INTRA,31029000,2,QUANTITY_IN_100KG,2012,4143436.08
ESTAT:DS-045409(1.0),18/11/2024 11:00,A,EU,EU_INTRA,31029000,2,QUANTITY_IN_100KG,2013,3195704.02
ESTAT:DS-045409(1.0),18/11/2024 11:00,A,EU,EU_INTRA,31029000,2,QUANTITY_IN_100KG,2014,3189080.33
ESTAT:DS-045409(1.0),18/11/2024 11:00,A,EU,EU_INTRA,31029000,2,QUANTITY_IN_100KG,2015,3451679.82
ESTAT:DS-045409(1.0),18/11/2024 11:00,A,EU,EU_INTRA,31029000,2,QUANTITY_IN_100KG,2016,6078390.27
ESTAT:DS-045409(1.0),18/11/2024 11:00,A,EU,EU_INTRA,31029000,2,QUANTITY_IN_100KG,2017,3506386.83
ESTAT:DS-045409(1.0),18/11/2024 11:00,A,EU,EU_INTRA,31029000,2,QUANTITY_IN_100KG,2018,3769136.04
ESTAT:DS-045409(1.0),18/11/2024 11:00,A,EU,EU_INTRA,31029000,2,QUANTITY_IN_100KG,2019,3976731.04
ESTAT:DS-045409(1.0),18/11/2024 11:00,A,EU,EU_INTRA,31029000,2,QUANTITY_IN_100KG,2020,4358279.46
ESTAT:DS-045409(1.0),18/11/2024 11:00,A,EU,EU_INTRA,31029000,2,QUANTITY_IN_100KG,2021,4151709.52
ESTAT:DS-045409(1.0),18/11/2024 11:00,A,EU,EU_INTRA,31029000,2,QUANTITY_IN_100KG,2022,3871242.06
ESTAT:DS-045409(1.0),18/11/2024 11:00,A,EU,EU_INTRA,31029000,2,QUANTITY_IN_100KG,2023,4221018.09
ESTAT:DS-045409(1.0),18/11/2024 11:00,A,EU,EU_INTRA,TOTAL,1,QUANTITY_IN_100KG,1988,6393659336
ESTAT:DS-045409(1.0),18/11/2024 11:00,A,EU,EU_INTRA,TOTAL,1,QUANTITY_IN_100KG,1989,6919697244
ESTAT:DS-045409(1.0),18/11/2024 11:00,A,EU,EU_INTRA,TOTAL,1,QUANTITY_IN_100KG,1990,7204223735
ESTAT:DS-045409(1.0),18/11/2024 11:00,A,EU,EU_INTRA,TOTAL,1,QUANTITY_IN_100KG,1991,7491679161
ESTAT:DS-045409(1.0),18/11/2024 11:00,A,EU,EU_INTRA,TOTAL,1,QUANTITY_IN_100KG,1992,7682819363
ESTAT:DS-045409(1.0),18/11/2024 11:00,A,EU,EU_INTRA,TOTAL,1,QUANTITY_IN_100KG,1993,6925869125
ESTAT:DS-045409(1.0),18/11/2024 11:00,A,EU,EU_INTRA,TOTAL,1,QUANTITY_IN_100KG,1994,7737288157
ESTAT:DS-045409(1.0),18/11/2024 11:00,A,EU,EU_INTRA,TOTAL,1,QUANTITY_IN_100KG,1995,9190771335
ESTAT:DS-045409(1.0),18/11/2024 11:00,A,EU,EU_INTRA,TOTAL,1,QUANTITY_IN_100KG,1996,9545844701
ESTAT:DS-045409(1.0),18/11/2024 11:00,A,EU,EU_INTRA,TOTAL,1,QUANTITY_IN_100KG,1997,9790599864
ESTAT:DS-045409(1.0),18/11/2024 11:00,A,EU,EU_INTRA,TOTAL,1,QUANTITY_IN_100KG,1998,10344360925
ESTAT:DS-045409(1.0),18/11/2024 11:00,A,EU,EU_INTRA,TOTAL,1,QUANTITY_IN_100KG,1999,10430029505
ESTAT:DS-045409(1.0),18/11/2024 11:00,A,EU,EU_INTRA,TOTAL,1,QUANTITY_IN_100KG,2000,11176735067
ESTAT:DS-045409(1.0),18/11/2024 11:00,A,EU,EU_INTRA,TOTAL,1,QUANTITY_IN_100KG,2001,11165716062
ESTAT:DS-045409(1.0),18/11/2024 11:00,A,EU,EU_INTRA,TOTAL,1,QUANTITY_IN_100KG,2002,11415927531
ESTAT:DS-045409(1.0),18/11/2024 11:00,A,EU,EU_INTRA,TOTAL,1,QUANTITY_IN_100KG,2003,11793698494
ESTAT:DS-045409(1.0),18/11/2024 11:00,A,EU,EU_INTRA,TOTAL,1,QUANTITY_IN_100KG,2004,14347678537
ESTAT:DS-045409(1.0),18/11/2024 11:00,A,EU,EU_INTRA,TOTAL,1,QUANTITY_IN_100KG,2005,15284850204
ESTAT:DS-045409(1.0),18/11/2024 11:00,A,EU,EU_INTRA,TOTAL,1,QUANTITY_IN_100KG,2006,15161083598
ESTAT:DS-045409(1.0),18/11/2024 11:00,A,EU,EU_INTRA,TOTAL,1,QUANTITY_IN_100KG,2007,15864495183
ESTAT:DS-045409(1.0),18/11/2024 11:00,A,EU,EU_INTRA,TOTAL,1,QUANTITY_IN_100KG,2008,15610357298
ESTAT:DS-045409(1.0),18/11/2024 11:00,A,EU,EU_INTRA,TOTAL,1,QUANTITY_IN_100KG,2009,14015578013
ESTAT:DS-045409(1.0),18/11/2024 11:00,A,EU,EU_INTRA,TOTAL,1,QUANTITY_IN_100KG,2010,16305055825
ESTAT:DS-045409(1.0),18/11/2024 11:00,A,EU,EU_INTRA,TOTAL,1,QUANTITY_IN_100KG,2011,17065952732
ESTAT:DS-045409(1.0),18/11/2024 11:00,A,EU,EU_INTRA,TOTAL,1,QUANTITY_IN_100KG,2012,16954137687
ESTAT:DS-045409(1.0),18/11/2024 11:00,A,EU,EU_INTRA,TOTAL,1,QUANTITY_IN_100KG,2013,17077366795
ESTAT:DS-045409(1.0),18/11/2024 11:00,A,EU,EU_INTRA,TOTAL,1,QUANTITY_IN_100KG,2014,19594664951
ESTAT:DS-045409(1.0),18/11/2024 11:00,A,EU,EU_INTRA,TOTAL,1,QUANTITY_IN_100KG,2015,18028186540
ESTAT:DS-045409(1.0),18/11/2024 11:00,A,EU,EU_INTRA,TOTAL,1,QUANTITY_IN_100KG,2016,18544289323
ESTAT:DS-045409(1.0),18/11/2024 11:00,A,EU,EU_INTRA,TOTAL,1,QUANTITY_IN_100KG,2017,19081399256
ESTAT:DS-045409(1.0),18/11/2024 11:00,A,EU,EU_INTRA,TOTAL,1,QUANTITY_IN_100KG,2018,19302313129
ESTAT:DS-045409(1.0),18/11/2024 11:00,A,EU,EU_INTRA,TOTAL,1,QUANTITY_IN_100KG,2019,19273946548
ESTAT:DS-045409(1.0),18/11/2024 11:00,A,EU,EU_INTRA,TOTAL,1,QUANTITY_IN_100KG,2020,16322574795
ESTAT:DS-045409(1.0),18/11/2024 11:00,A,EU,EU_INTRA,TOTAL,1,QUANTITY_IN_100KG,2021,17181490385
ESTAT:DS-045409(1.0),18/11/2024 11:00,A,EU,EU_INTRA,TOTAL,1,QUANTITY_IN_100KG,2022,17016460612
ESTAT:DS-045409(1.0),18/11/2024 11:00,A,EU,EU_INTRA,TOTAL,1,QUANTITY_IN_100KG,2023,15988430635
ESTAT:DS-045409(1.0),18/11/2024 11:00,A,EU,EU_INTRA,TOTAL,2,QUANTITY_IN_100KG,1988,6511271036
ESTAT:DS-045409(1.0),18/11/2024 11:00,A,EU,EU_INTRA,TOTAL,2,QUANTITY_IN_100KG,1989,6939426623
ESTAT:DS-045409(1.0),18/11/2024 11:00,A,EU,EU_INTRA,TOTAL,2,QUANTITY_IN_100KG,1990,6901258852
ESTAT:DS-045409(1.0),18/11/2024 11:00,A,EU,EU_INTRA,TOTAL,2,QUANTITY_IN_100KG,1991,6968314525
ESTAT:DS-045409(1.0),18/11/2024 11:00,A,EU,EU_INTRA,TOTAL,2,QUANTITY_IN_100KG,1992,7057789653
ESTAT:DS-045409(1.0),18/11/2024 11:00,A,EU,EU_INTRA,TOTAL,2,QUANTITY_IN_100KG,1993,6947465491
ESTAT:DS-045409(1.0),18/11/2024 11:00,A,EU,EU_INTRA,TOTAL,2,QUANTITY_IN_100KG,1994,7940019401
ESTAT:DS-045409(1.0),18/11/2024 11:00,A,EU,EU_INTRA,TOTAL,2,QUANTITY_IN_100KG,1995,9344695013
ESTAT:DS-045409(1.0),18/11/2024 11:00,A,EU,EU_INTRA,TOTAL,2,QUANTITY_IN_100KG,1996,9714451119
ESTAT:DS-045409(1.0),18/11/2024 11:00,A,EU,EU_INTRA,TOTAL,2,QUANTITY_IN_100KG,1997,10084130616
ESTAT:DS-045409(1.0),18/11/2024 11:00,A,EU,EU_INTRA,TOTAL,2,QUANTITY_IN_100KG,1998,10474597168
ESTAT:DS-045409(1.0),18/11/2024 11:00,A,EU,EU_INTRA,TOTAL,2,QUANTITY_IN_100KG,1999,10972284702
ESTAT:DS-045409(1.0),18/11/2024 11:00,A,EU,EU_INTRA,TOTAL,2,QUANTITY_IN_100KG,2000,11626559287
ESTAT:DS-045409(1.0),18/11/2024 11:00,A,EU,EU_INTRA,TOTAL,2,QUANTITY_IN_100KG,2001,12052891282
ESTAT:DS-045409(1.0),18/11/2024 11:00,A,EU,EU_INTRA,TOTAL,2,QUANTITY_IN_100KG,2002,11971928823
ESTAT:DS-045409(1.0),18/11/2024 11:00,A,EU,EU_INTRA,TOTAL,2,QUANTITY_IN_100KG,2003,12223962332
ESTAT:DS-045409(1.0),18/11/2024 11:00,A,EU,EU_INTRA,TOTAL,2,QUANTITY_IN_100KG,2004,14641329166
ESTAT:DS-045409(1.0),18/11/2024 11:00,A,EU,EU_INTRA,TOTAL,2,QUANTITY_IN_100KG,2005,15591490740
ESTAT:DS-045409(1.0),18/11/2024 11:00,A,EU,EU_INTRA,TOTAL,2,QUANTITY_IN_100KG,2006,15223235911
ESTAT:DS-045409(1.0),18/11/2024 11:00,A,EU,EU_INTRA,TOTAL,2,QUANTITY_IN_100KG,2007,16225771199
ESTAT:DS-045409(1.0),18/11/2024 11:00,A,EU,EU_INTRA,TOTAL,2,QUANTITY_IN_100KG,2008,15720125097
ESTAT:DS-045409(1.0),18/11/2024 11:00,A,EU,EU_INTRA,TOTAL,2,QUANTITY_IN_100KG,2009,14367352573
ESTAT:DS-045409(1.0),18/11/2024 11:00,A,EU,EU_INTRA,TOTAL,2,QUANTITY_IN_100KG,2010,16320234365
ESTAT:DS-045409(1.0),18/11/2024 11:00,A,EU,EU_INTRA,TOTAL,2,QUANTITY_IN_100KG,2011,16802167916
ESTAT:DS-045409(1.0),18/11/2024 11:00,A,EU,EU_INTRA,TOTAL,2,QUANTITY_IN_100KG,2012,16901126118
ESTAT:DS-045409(1.0),18/11/2024 11:00,A,EU,EU_INTRA,TOTAL,2,QUANTITY_IN_100KG,2013,17055627944
ESTAT:DS-045409(1.0),18/11/2024 11:00,A,EU,EU_INTRA,TOTAL,2,QUANTITY_IN_100KG,2014,17807492607
ESTAT:DS-045409(1.0),18/11/2024 11:00,A,EU,EU_INTRA,TOTAL,2,QUANTITY_IN_100KG,2015,17890241656
ESTAT:DS-045409(1.0),18/11/2024 11:00,A,EU,EU_INTRA,TOTAL,2,QUANTITY_IN_100KG,2016,18312484404
ESTAT:DS-045409(1.0),18/11/2024 11:00,A,EU,EU_INTRA,TOTAL,2,QUANTITY_IN_100KG,2017,18991005365
ESTAT:DS-045409(1.0),18/11/2024 11:00,A,EU,EU_INTRA,TOTAL,2,QUANTITY_IN_100KG,2018,19060995398
ESTAT:DS-045409(1.0),18/11/2024 11:00,A,EU,EU_INTRA,TOTAL,2,QUANTITY_IN_100KG,2019,19104041028
ESTAT:DS-045409(1.0),18/11/2024 11:00,A,EU,EU_INTRA,TOTAL,2,QUANTITY_IN_100KG,2020,16152690804
ESTAT:DS-045409(1.0),18/11/2024 11:00,A,EU,EU_INTRA,TOTAL,2,QUANTITY_IN_100KG,2021,16991102181
ESTAT:DS-045409(1.0),18/11/2024 11:00,A,EU,EU_INTRA,TOTAL,2,QUANTITY_IN_100KG,2022,17733602022
ESTAT:DS-045409(1.0),18/11/2024 11:00,A,EU,EU_INTRA,TOTAL,2,QUANTITY_IN_100KG,2023,16447427027
